timestamp,location_id,total_slots,available_slots,traffic_level,day_of_week,weather
2025-01-01 00:00:00,6,159,94,Low,Wednesday,Cloudy
2025-01-01 01:00:00,1,137,31,Medium,Wednesday,Rainy
2025-01-01 02:00:00,4,120,115,Low,Wednesday,Clear
2025-01-01 03:00:00,4,107,97,Medium,Wednesday,Clear
2025-01-01 04:00:00,8,90,61,Medium,Wednesday,Clear
2025-01-01 05:00:00,10,88,53,Medium,Wednesday,Cloudy
2025-01-01 06:00:00,4,193,160,Medium,Wednesday,Clear
2025-01-01 07:00:00,6,168,144,Medium,Wednesday,Clear
2025-01-01 08:00:00,3,100,53,High,Wednesday,Clear
2025-01-01 09:00:00,5,188,71,High,Wednesday,Cloudy
2025-01-01 10:00:00,8,159,89,Medium,Wednesday,Cloudy
2025-01-01 11:00:00,7,174,114,Medium,Wednesday,Rainy
2025-01-01 12:00:00,9,131,121,Medium,Wednesday,Rainy
2025-01-01 13:00:00,9,169,9,Low,Wednesday,Cloudy
2025-01-01 14:00:00,2,180,136,Low,Wednesday,Clear
2025-01-01 15:00:00,7,136,82,Medium,Wednesday,Rainy
2025-01-01 16:00:00,8,89,10,Low,Wednesday,Rainy
2025-01-01 17:00:00,8,190,141,High,Wednesday,Clear
2025-01-01 18:00:00,9,175,159,High,Wednesday,Clear
2025-01-01 19:00:00,2,115,44,High,Wednesday,Clear
2025-01-01 20:00:00,6,153,96,High,Wednesday,Clear
2025-01-01 21:00:00,10,89,70,Medium,Wednesday,Rainy
2025-01-01 22:00:00,9,96,66,Medium,Wednesday,Cloudy
2025-01-01 23:00:00,10,183,168,Medium,Wednesday,Clear
2025-01-02 00:00:00,5,93,61,Medium,Thursday,Rainy
2025-01-02 01:00:00,4,177,172,Low,Thursday,Clear
2025-01-02 02:00:00,1,192,91,Low,Thursday,Rainy
2025-01-02 03:00:00,4,120,96,Low,Thursday,Clear
2025-01-02 04:00:00,6,177,40,Low,Thursday,Cloudy
2025-01-02 05:00:00,1,191,138,Low,Thursday,Rainy
2025-01-02 06:00:00,3,133,90,Low,Thursday,Cloudy
2025-01-02 07:00:00,4,187,118,High,Thursday,Cloudy
2025-01-02 08:00:00,9,125,21,High,Thursday,Cloudy
2025-01-02 09:00:00,2,99,36,Medium,Thursday,Clear
2025-01-02 10:00:00,4,92,50,Medium,Thursday,Clear
2025-01-02 11:00:00,4,89,20,Low,Thursday,Cloudy
2025-01-02 12:00:00,4,121,56,Low,Thursday,Cloudy
2025-01-02 13:00:00,8,96,56,Low,Thursday,Clear
2025-01-02 14:00:00,1,115,57,Low,Thursday,Rainy
2025-01-02 15:00:00,2,149,146,Medium,Thursday,Clear
2025-01-02 16:00:00,10,181,146,Low,Thursday,Clear
2025-01-02 17:00:00,10,113,28,High,Thursday,Clear
2025-01-02 18:00:00,1,115,2,High,Thursday,Cloudy
2025-01-02 19:00:00,5,149,49,Medium,Thursday,Clear
2025-01-02 20:00:00,8,170,47,High,Thursday,Clear
2025-01-02 21:00:00,4,173,113,Medium,Thursday,Clear
2025-01-02 22:00:00,3,129,8,Low,Thursday,Clear
2025-01-02 23:00:00,8,112,62,Medium,Thursday,Clear
2025-01-03 00:00:00,3,126,5,Low,Friday,Clear
2025-01-03 01:00:00,1,156,68,Medium,Friday,Rainy
2025-01-03 02:00:00,1,115,43,Low,Friday,Clear
2025-01-03 03:00:00,5,187,165,Low,Friday,Clear
2025-01-03 04:00:00,6,125,69,Medium,Friday,Clear
2025-01-03 05:00:00,6,84,46,Medium,Friday,Cloudy
2025-01-03 06:00:00,7,186,41,Low,Friday,Rainy
2025-01-03 07:00:00,9,85,14,High,Friday,Cloudy
2025-01-03 08:00:00,5,121,16,High,Friday,Rainy
2025-01-03 09:00:00,2,169,26,High,Friday,Clear
2025-01-03 10:00:00,5,169,57,High,Friday,Clear
2025-01-03 11:00:00,10,134,9,Medium,Friday,Clear
2025-01-03 12:00:00,9,133,48,Low,Friday,Clear
2025-01-03 13:00:00,2,83,0,Low,Friday,Clear
2025-01-03 14:00:00,2,124,77,Low,Friday,Cloudy
2025-01-03 15:00:00,8,107,3,Low,Friday,Cloudy
2025-01-03 16:00:00,10,169,66,Low,Friday,Clear
2025-01-03 17:00:00,10,124,10,High,Friday,Clear
2025-01-03 18:00:00,4,129,2,High,Friday,Clear
2025-01-03 19:00:00,7,121,70,High,Friday,Clear
2025-01-03 20:00:00,8,162,60,High,Friday,Rainy
2025-01-03 21:00:00,3,154,95,Medium,Friday,Clear
2025-01-03 22:00:00,1,139,84,Low,Friday,Clear
2025-01-03 23:00:00,4,170,6,Medium,Friday,Clear
2025-01-04 00:00:00,6,164,17,Low,Saturday,Clear
2025-01-04 01:00:00,10,176,20,Medium,Saturday,Rainy
2025-01-04 02:00:00,5,92,91,Low,Saturday,Clear
2025-01-04 03:00:00,5,161,146,Medium,Saturday,Clear
2025-01-04 04:00:00,7,173,49,Medium,Saturday,Clear
2025-01-04 05:00:00,5,153,1,Low,Saturday,Rainy
2025-01-04 06:00:00,5,149,143,Low,Saturday,Clear
2025-01-04 07:00:00,4,146,80,High,Saturday,Clear
2025-01-04 08:00:00,5,145,141,High,Saturday,Rainy
2025-01-04 09:00:00,5,136,72,High,Saturday,Clear
2025-01-04 10:00:00,9,179,42,Medium,Saturday,Clear
2025-01-04 11:00:00,5,99,4,Low,Saturday,Clear
2025-01-04 12:00:00,4,183,30,Medium,Saturday,Clear
2025-01-04 13:00:00,8,100,38,Medium,Saturday,Clear
2025-01-04 14:00:00,6,117,70,Medium,Saturday,Clear
2025-01-04 15:00:00,6,198,115,Low,Saturday,Clear
2025-01-04 16:00:00,1,91,49,Low,Saturday,Clear
2025-01-04 17:00:00,2,98,43,High,Saturday,Clear
2025-01-04 18:00:00,6,199,89,High,Saturday,Clear
2025-01-04 19:00:00,10,114,32,High,Saturday,Clear
2025-01-04 20:00:00,4,134,42,High,Saturday,Cloudy
2025-01-04 21:00:00,1,105,61,Medium,Saturday,Clear
2025-01-04 22:00:00,6,162,117,Low,Saturday,Clear
2025-01-04 23:00:00,1,186,65,Medium,Saturday,Clear
2025-01-05 00:00:00,2,123,91,Low,Sunday,Cloudy
2025-01-05 01:00:00,3,125,64,Low,Sunday,Rainy
2025-01-05 02:00:00,5,128,0,Low,Sunday,Cloudy
2025-01-05 03:00:00,3,89,15,Low,Sunday,Clear
2025-01-05 04:00:00,1,196,128,Medium,Sunday,Cloudy
2025-01-05 05:00:00,4,107,98,Medium,Sunday,Cloudy
2025-01-05 06:00:00,3,103,103,Low,Sunday,Rainy
2025-01-05 07:00:00,1,81,26,Medium,Sunday,Clear
2025-01-05 08:00:00,8,134,129,High,Sunday,Rainy
2025-01-05 09:00:00,6,99,60,High,Sunday,Clear
2025-01-05 10:00:00,10,86,26,High,Sunday,Cloudy
2025-01-05 11:00:00,1,108,35,Low,Sunday,Clear
2025-01-05 12:00:00,3,172,170,Medium,Sunday,Rainy
2025-01-05 13:00:00,8,173,91,Low,Sunday,Clear
2025-01-05 14:00:00,3,175,19,Low,Sunday,Cloudy
2025-01-05 15:00:00,10,160,137,Medium,Sunday,Cloudy
2025-01-05 16:00:00,3,129,124,Medium,Sunday,Clear
2025-01-05 17:00:00,4,181,47,High,Sunday,Clear
2025-01-05 18:00:00,4,191,190,High,Sunday,Clear
2025-01-05 19:00:00,3,183,130,High,Sunday,Cloudy
2025-01-05 20:00:00,4,180,139,High,Sunday,Clear
2025-01-05 21:00:00,5,123,113,Low,Sunday,Cloudy
2025-01-05 22:00:00,2,111,17,Low,Sunday,Clear
2025-01-05 23:00:00,3,145,129,Low,Sunday,Cloudy
2025-01-06 00:00:00,10,104,0,Medium,Monday,Clear
2025-01-06 01:00:00,2,114,3,Medium,Monday,Cloudy
2025-01-06 02:00:00,5,180,56,Low,Monday,Clear
2025-01-06 03:00:00,7,122,66,Low,Monday,Cloudy
2025-01-06 04:00:00,9,155,66,Low,Monday,Clear
2025-01-06 05:00:00,3,171,118,Medium,Monday,Clear
2025-01-06 06:00:00,4,193,34,Low,Monday,Cloudy
2025-01-06 07:00:00,1,175,95,High,Monday,Clear
2025-01-06 08:00:00,1,120,120,High,Monday,Clear
2025-01-06 09:00:00,7,80,60,Medium,Monday,Clear
2025-01-06 10:00:00,1,147,127,Medium,Monday,Clear
2025-01-06 11:00:00,7,146,30,Low,Monday,Cloudy
2025-01-06 12:00:00,4,146,126,Low,Monday,Cloudy
2025-01-06 13:00:00,4,125,17,Medium,Monday,Clear
2025-01-06 14:00:00,9,161,68,Low,Monday,Clear
2025-01-06 15:00:00,9,92,64,Low,Monday,Clear
2025-01-06 16:00:00,9,196,195,Medium,Monday,Clear
2025-01-06 17:00:00,3,183,183,High,Monday,Clear
2025-01-06 18:00:00,4,185,101,High,Monday,Cloudy
2025-01-06 19:00:00,3,167,3,Medium,Monday,Rainy
2025-01-06 20:00:00,1,86,6,High,Monday,Cloudy
2025-01-06 21:00:00,9,166,16,Low,Monday,Clear
2025-01-06 22:00:00,9,140,120,Low,Monday,Cloudy
2025-01-06 23:00:00,4,131,19,Low,Monday,Cloudy
2025-01-07 00:00:00,9,136,83,Medium,Tuesday,Clear
2025-01-07 01:00:00,3,158,20,Medium,Tuesday,Clear
2025-01-07 02:00:00,9,125,105,Low,Tuesday,Cloudy
2025-01-07 03:00:00,5,144,65,Low,Tuesday,Rainy
2025-01-07 04:00:00,4,100,30,Low,Tuesday,Cloudy
2025-01-07 05:00:00,1,116,52,Low,Tuesday,Clear
2025-01-07 06:00:00,5,176,95,Medium,Tuesday,Clear
2025-01-07 07:00:00,4,180,167,High,Tuesday,Clear
2025-01-07 08:00:00,7,98,27,High,Tuesday,Clear
2025-01-07 09:00:00,10,130,85,High,Tuesday,Clear
2025-01-07 10:00:00,9,115,109,High,Tuesday,Clear
2025-01-07 11:00:00,1,105,36,Low,Tuesday,Clear
2025-01-07 12:00:00,9,174,129,Medium,Tuesday,Rainy
2025-01-07 13:00:00,6,175,3,Low,Tuesday,Cloudy
2025-01-07 14:00:00,10,139,20,Medium,Tuesday,Clear
2025-01-07 15:00:00,1,95,85,Low,Tuesday,Cloudy
2025-01-07 16:00:00,10,168,138,Low,Tuesday,Clear
2025-01-07 17:00:00,7,102,64,Medium,Tuesday,Rainy
2025-01-07 18:00:00,6,146,136,Medium,Tuesday,Rainy
2025-01-07 19:00:00,4,103,77,High,Tuesday,Clear
2025-01-07 20:00:00,2,113,52,Medium,Tuesday,Clear
2025-01-07 21:00:00,9,197,4,Medium,Tuesday,Clear
2025-01-07 22:00:00,1,186,3,Medium,Tuesday,Clear
2025-01-07 23:00:00,5,196,66,Medium,Tuesday,Clear
2025-01-08 00:00:00,10,152,2,Medium,Wednesday,Clear
2025-01-08 01:00:00,7,185,5,Low,Wednesday,Clear
2025-01-08 02:00:00,6,127,50,Medium,Wednesday,Cloudy
2025-01-08 03:00:00,8,139,41,Low,Wednesday,Rainy
2025-01-08 04:00:00,9,189,137,Low,Wednesday,Cloudy
2025-01-08 05:00:00,9,136,112,Low,Wednesday,Cloudy
2025-01-08 06:00:00,10,159,10,Medium,Wednesday,Cloudy
2025-01-08 07:00:00,3,99,67,High,Wednesday,Clear
2025-01-08 08:00:00,9,158,27,High,Wednesday,Clear
2025-01-08 09:00:00,7,118,103,Medium,Wednesday,Clear
2025-01-08 10:00:00,7,117,91,High,Wednesday,Cloudy
2025-01-08 11:00:00,10,115,23,Low,Wednesday,Cloudy
2025-01-08 12:00:00,2,91,33,Medium,Wednesday,Clear
2025-01-08 13:00:00,7,182,84,Low,Wednesday,Clear
2025-01-08 14:00:00,9,108,7,Low,Wednesday,Clear
2025-01-08 15:00:00,9,179,122,Low,Wednesday,Clear
2025-01-08 16:00:00,4,122,86,Medium,Wednesday,Clear
2025-01-08 17:00:00,3,175,7,Medium,Wednesday,Rainy
2025-01-08 18:00:00,4,125,111,High,Wednesday,Clear
2025-01-08 19:00:00,7,161,46,Medium,Wednesday,Rainy
2025-01-08 20:00:00,4,121,111,Medium,Wednesday,Clear
2025-01-08 21:00:00,7,158,110,Low,Wednesday,Cloudy
2025-01-08 22:00:00,6,120,12,Low,Wednesday,Clear
2025-01-08 23:00:00,8,194,19,Low,Wednesday,Clear
2025-01-09 00:00:00,1,115,83,Medium,Thursday,Clear
2025-01-09 01:00:00,9,142,108,Low,Thursday,Cloudy
2025-01-09 02:00:00,5,117,22,Low,Thursday,Clear
2025-01-09 03:00:00,7,175,78,Low,Thursday,Cloudy
2025-01-09 04:00:00,6,135,68,Low,Thursday,Cloudy
2025-01-09 05:00:00,9,114,78,Medium,Thursday,Clear
2025-01-09 06:00:00,3,190,21,Low,Thursday,Cloudy
2025-01-09 07:00:00,4,111,80,Medium,Thursday,Rainy
2025-01-09 08:00:00,10,163,146,High,Thursday,Clear
2025-01-09 09:00:00,8,99,96,High,Thursday,Clear
2025-01-09 10:00:00,6,137,113,High,Thursday,Rainy
2025-01-09 11:00:00,4,181,81,Medium,Thursday,Cloudy
2025-01-09 12:00:00,5,103,74,Low,Thursday,Clear
2025-01-09 13:00:00,6,156,9,Low,Thursday,Clear
2025-01-09 14:00:00,4,190,186,Low,Thursday,Clear
2025-01-09 15:00:00,4,160,94,Low,Thursday,Clear
2025-01-09 16:00:00,8,177,4,Medium,Thursday,Clear
2025-01-09 17:00:00,10,135,77,Medium,Thursday,Rainy
2025-01-09 18:00:00,10,110,21,High,Thursday,Clear
2025-01-09 19:00:00,10,171,125,High,Thursday,Clear
2025-01-09 20:00:00,8,200,75,High,Thursday,Clear
2025-01-09 21:00:00,4,182,81,Low,Thursday,Clear
2025-01-09 22:00:00,3,83,57,Medium,Thursday,Cloudy
2025-01-09 23:00:00,4,166,37,Low,Thursday,Clear
2025-01-10 00:00:00,10,81,74,Medium,Friday,Clear
2025-01-10 01:00:00,8,94,2,Medium,Friday,Cloudy
2025-01-10 02:00:00,8,107,87,Medium,Friday,Clear
2025-01-10 03:00:00,6,80,70,Medium,Friday,Cloudy
2025-01-10 04:00:00,2,187,20,Low,Friday,Clear
2025-01-10 05:00:00,3,89,20,Low,Friday,Clear
2025-01-10 06:00:00,3,115,61,Medium,Friday,Clear
2025-01-10 07:00:00,9,158,102,High,Friday,Clear
2025-01-10 08:00:00,2,112,5,High,Friday,Cloudy
2025-01-10 09:00:00,6,138,49,High,Friday,Clear
2025-01-10 10:00:00,9,106,69,High,Friday,Cloudy
2025-01-10 11:00:00,5,92,80,Low,Friday,Clear
2025-01-10 12:00:00,1,132,39,Low,Friday,Clear
2025-01-10 13:00:00,3,137,17,Low,Friday,Clear
2025-01-10 14:00:00,6,125,48,Medium,Friday,Clear
2025-01-10 15:00:00,6,158,95,Medium,Friday,Rainy
2025-01-10 16:00:00,1,99,26,Medium,Friday,Cloudy
2025-01-10 17:00:00,9,173,29,Medium,Friday,Clear
2025-01-10 18:00:00,2,195,139,High,Friday,Cloudy
2025-01-10 19:00:00,2,198,127,High,Friday,Clear
2025-01-10 20:00:00,1,161,65,Medium,Friday,Clear
2025-01-10 21:00:00,4,150,122,Low,Friday,Cloudy
2025-01-10 22:00:00,9,191,157,Low,Friday,Rainy
2025-01-10 23:00:00,9,113,46,Medium,Friday,Rainy
2025-01-11 00:00:00,5,157,48,Low,Saturday,Clear
2025-01-11 01:00:00,5,166,119,Low,Saturday,Clear
2025-01-11 02:00:00,1,123,102,Low,Saturday,Cloudy
2025-01-11 03:00:00,10,80,51,Medium,Saturday,Clear
2025-01-11 04:00:00,4,137,127,Low,Saturday,Rainy
2025-01-11 05:00:00,8,102,3,Medium,Saturday,Clear
2025-01-11 06:00:00,4,190,81,Medium,Saturday,Clear
2025-01-11 07:00:00,3,94,62,High,Saturday,Cloudy
2025-01-11 08:00:00,2,180,4,High,Saturday,Clear
2025-01-11 09:00:00,2,200,81,Medium,Saturday,Cloudy
2025-01-11 10:00:00,3,149,49,Medium,Saturday,Clear
2025-01-11 11:00:00,2,90,19,Medium,Saturday,Rainy
2025-01-11 12:00:00,5,147,46,Low,Saturday,Clear
2025-01-11 13:00:00,3,84,82,Medium,Saturday,Clear
2025-01-11 14:00:00,6,132,39,Low,Saturday,Cloudy
2025-01-11 15:00:00,6,140,74,Low,Saturday,Clear
2025-01-11 16:00:00,6,132,125,Medium,Saturday,Cloudy
2025-01-11 17:00:00,3,143,126,High,Saturday,Clear
2025-01-11 18:00:00,6,174,168,High,Saturday,Clear
2025-01-11 19:00:00,8,85,59,Medium,Saturday,Clear
2025-01-11 20:00:00,8,91,85,High,Saturday,Clear
2025-01-11 21:00:00,7,140,5,Medium,Saturday,Clear
2025-01-11 22:00:00,2,93,68,Low,Saturday,Cloudy
2025-01-11 23:00:00,7,92,36,Low,Saturday,Clear
2025-01-12 00:00:00,8,87,39,Low,Sunday,Clear
2025-01-12 01:00:00,3,136,118,Low,Sunday,Clear
2025-01-12 02:00:00,4,85,85,Low,Sunday,Cloudy
2025-01-12 03:00:00,2,137,40,Low,Sunday,Clear
2025-01-12 04:00:00,10,90,35,Medium,Sunday,Cloudy
2025-01-12 05:00:00,6,110,105,Medium,Sunday,Clear
2025-01-12 06:00:00,10,83,56,Medium,Sunday,Clear
2025-01-12 07:00:00,10,178,30,Medium,Sunday,Clear
2025-01-12 08:00:00,3,141,81,High,Sunday,Clear
2025-01-12 09:00:00,1,81,67,Medium,Sunday,Rainy
2025-01-12 10:00:00,10,123,26,Medium,Sunday,Rainy
2025-01-12 11:00:00,2,96,11,Medium,Sunday,Clear
2025-01-12 12:00:00,10,119,42,Medium,Sunday,Rainy
2025-01-12 13:00:00,1,97,75,Low,Sunday,Cloudy
2025-01-12 14:00:00,7,132,121,Medium,Sunday,Clear
2025-01-12 15:00:00,1,190,147,Low,Sunday,Cloudy
2025-01-12 16:00:00,5,132,115,Low,Sunday,Clear
2025-01-12 17:00:00,9,192,85,Medium,Sunday,Cloudy
2025-01-12 18:00:00,5,87,3,Medium,Sunday,Cloudy
2025-01-12 19:00:00,4,98,52,High,Sunday,Clear
2025-01-12 20:00:00,4,101,21,High,Sunday,Clear
2025-01-12 21:00:00,9,102,90,Low,Sunday,Rainy
2025-01-12 22:00:00,9,110,109,Medium,Sunday,Rainy
2025-01-12 23:00:00,8,148,81,Low,Sunday,Clear
2025-01-13 00:00:00,1,175,13,Medium,Monday,Clear
2025-01-13 01:00:00,4,83,62,Low,Monday,Clear
2025-01-13 02:00:00,9,129,65,Medium,Monday,Cloudy
2025-01-13 03:00:00,8,192,118,Medium,Monday,Cloudy
2025-01-13 04:00:00,8,89,21,Medium,Monday,Clear
2025-01-13 05:00:00,2,89,75,Medium,Monday,Cloudy
2025-01-13 06:00:00,9,114,84,Medium,Monday,Clear
2025-01-13 07:00:00,5,182,124,High,Monday,Rainy
2025-01-13 08:00:00,8,199,11,Medium,Monday,Cloudy
2025-01-13 09:00:00,1,174,135,Medium,Monday,Clear
2025-01-13 10:00:00,5,156,156,Medium,Monday,Clear
2025-01-13 11:00:00,10,128,101,Low,Monday,Clear
2025-01-13 12:00:00,1,129,91,Medium,Monday,Rainy
2025-01-13 13:00:00,7,88,21,Low,Monday,Cloudy
2025-01-13 14:00:00,5,199,25,Medium,Monday,Rainy
2025-01-13 15:00:00,3,190,73,Low,Monday,Clear
2025-01-13 16:00:00,5,104,33,Medium,Monday,Cloudy
2025-01-13 17:00:00,7,116,76,High,Monday,Clear
2025-01-13 18:00:00,4,199,129,Medium,Monday,Clear
2025-01-13 19:00:00,4,89,36,Medium,Monday,Rainy
2025-01-13 20:00:00,8,86,35,Medium,Monday,Clear
2025-01-13 21:00:00,9,88,43,Low,Monday,Clear
2025-01-13 22:00:00,6,200,195,Low,Monday,Clear
2025-01-13 23:00:00,1,161,156,Low,Monday,Clear
2025-01-14 00:00:00,9,153,9,Medium,Tuesday,Cloudy
2025-01-14 01:00:00,6,137,6,Low,Tuesday,Clear
2025-01-14 02:00:00,5,81,15,Low,Tuesday,Cloudy
2025-01-14 03:00:00,8,116,87,Low,Tuesday,Clear
2025-01-14 04:00:00,5,80,6,Medium,Tuesday,Clear
2025-01-14 05:00:00,2,138,81,Medium,Tuesday,Rainy
2025-01-14 06:00:00,4,121,103,Medium,Tuesday,Clear
2025-01-14 07:00:00,4,158,85,High,Tuesday,Cloudy
2025-01-14 08:00:00,10,134,125,High,Tuesday,Cloudy
2025-01-14 09:00:00,3,171,153,High,Tuesday,Cloudy
2025-01-14 10:00:00,6,106,40,Medium,Tuesday,Rainy
2025-01-14 11:00:00,3,114,7,Low,Tuesday,Cloudy
2025-01-14 12:00:00,4,149,27,Medium,Tuesday,Cloudy
2025-01-14 13:00:00,6,87,10,Low,Tuesday,Clear
2025-01-14 14:00:00,8,194,41,Low,Tuesday,Cloudy
2025-01-14 15:00:00,3,162,63,Low,Tuesday,Cloudy
2025-01-14 16:00:00,8,200,90,Low,Tuesday,Clear
2025-01-14 17:00:00,2,95,74,Medium,Tuesday,Rainy
2025-01-14 18:00:00,7,109,100,High,Tuesday,Clear
2025-01-14 19:00:00,6,182,37,High,Tuesday,Clear
2025-01-14 20:00:00,1,160,96,Medium,Tuesday,Clear
2025-01-14 21:00:00,1,141,5,Low,Tuesday,Clear
2025-01-14 22:00:00,4,130,57,Low,Tuesday,Clear
2025-01-14 23:00:00,2,83,73,Low,Tuesday,Cloudy
2025-01-15 00:00:00,10,129,90,Low,Wednesday,Cloudy
2025-01-15 01:00:00,10,149,43,Low,Wednesday,Rainy
2025-01-15 02:00:00,7,181,38,Low,Wednesday,Clear
2025-01-15 03:00:00,7,170,88,Low,Wednesday,Clear
2025-01-15 04:00:00,8,114,4,Low,Wednesday,Rainy
2025-01-15 05:00:00,9,177,74,Medium,Wednesday,Cloudy
2025-01-15 06:00:00,9,168,124,Medium,Wednesday,Rainy
2025-01-15 07:00:00,8,133,53,High,Wednesday,Rainy
2025-01-15 08:00:00,1,122,47,High,Wednesday,Clear
2025-01-15 09:00:00,9,114,32,High,Wednesday,Rainy
2025-01-15 10:00:00,7,154,27,High,Wednesday,Cloudy
2025-01-15 11:00:00,9,146,89,Low,Wednesday,Rainy
2025-01-15 12:00:00,10,145,27,Low,Wednesday,Clear
2025-01-15 13:00:00,9,144,130,Medium,Wednesday,Cloudy
2025-01-15 14:00:00,4,123,62,Medium,Wednesday,Rainy
2025-01-15 15:00:00,7,91,61,Low,Wednesday,Clear
2025-01-15 16:00:00,2,198,142,Medium,Wednesday,Clear
2025-01-15 17:00:00,8,151,107,High,Wednesday,Cloudy
2025-01-15 18:00:00,5,115,65,Medium,Wednesday,Clear
2025-01-15 19:00:00,10,97,1,High,Wednesday,Clear
2025-01-15 20:00:00,3,184,8,High,Wednesday,Rainy
2025-01-15 21:00:00,1,152,122,Low,Wednesday,Clear
2025-01-15 22:00:00,9,117,103,Low,Wednesday,Rainy
2025-01-15 23:00:00,3,112,56,Medium,Wednesday,Rainy
2025-01-16 00:00:00,8,145,54,Medium,Thursday,Clear
2025-01-16 01:00:00,9,185,155,Low,Thursday,Clear
2025-01-16 02:00:00,5,84,60,Low,Thursday,Clear
2025-01-16 03:00:00,5,190,57,Medium,Thursday,Clear
2025-01-16 04:00:00,2,161,136,Medium,Thursday,Clear
2025-01-16 05:00:00,8,172,21,Low,Thursday,Rainy
2025-01-16 06:00:00,7,139,129,Low,Thursday,Clear
2025-01-16 07:00:00,10,175,61,High,Thursday,Cloudy
2025-01-16 08:00:00,5,161,4,Medium,Thursday,Clear
2025-01-16 09:00:00,2,116,17,High,Thursday,Clear
2025-01-16 10:00:00,6,144,131,Medium,Thursday,Clear
2025-01-16 11:00:00,10,189,30,Low,Thursday,Rainy
2025-01-16 12:00:00,8,163,50,Medium,Thursday,Clear
2025-01-16 13:00:00,2,105,87,Low,Thursday,Clear
2025-01-16 14:00:00,4,109,80,Medium,Thursday,Clear
2025-01-16 15:00:00,6,87,15,Low,Thursday,Cloudy
2025-01-16 16:00:00,8,170,24,Low,Thursday,Clear
2025-01-16 17:00:00,4,86,1,High,Thursday,Clear
2025-01-16 18:00:00,7,111,52,High,Thursday,Clear
2025-01-16 19:00:00,7,139,10,High,Thursday,Cloudy
2025-01-16 20:00:00,8,189,73,High,Thursday,Clear
2025-01-16 21:00:00,10,147,73,Low,Thursday,Rainy
2025-01-16 22:00:00,2,84,1,Medium,Thursday,Rainy
2025-01-16 23:00:00,10,81,74,Low,Thursday,Cloudy
2025-01-17 00:00:00,7,156,41,Medium,Friday,Cloudy
2025-01-17 01:00:00,1,195,106,Low,Friday,Clear
2025-01-17 02:00:00,4,88,29,Medium,Friday,Clear
2025-01-17 03:00:00,9,143,76,Low,Friday,Clear
2025-01-17 04:00:00,5,113,64,Medium,Friday,Clear
2025-01-17 05:00:00,2,113,59,Low,Friday,Rainy
2025-01-17 06:00:00,5,199,93,Low,Friday,Cloudy
2025-01-17 07:00:00,6,109,66,Medium,Friday,Cloudy
2025-01-17 08:00:00,1,109,69,High,Friday,Clear
2025-01-17 09:00:00,4,166,16,High,Friday,Clear
2025-01-17 10:00:00,2,143,14,High,Friday,Rainy
2025-01-17 11:00:00,5,105,10,Low,Friday,Rainy
2025-01-17 12:00:00,5,173,132,Low,Friday,Clear
2025-01-17 13:00:00,5,136,6,Low,Friday,Clear
2025-01-17 14:00:00,1,147,108,Medium,Friday,Cloudy
2025-01-17 15:00:00,1,186,151,Low,Friday,Cloudy
2025-01-17 16:00:00,9,171,85,Low,Friday,Clear
2025-01-17 17:00:00,5,120,4,High,Friday,Clear
2025-01-17 18:00:00,7,196,55,Medium,Friday,Cloudy
2025-01-17 19:00:00,10,188,104,High,Friday,Clear
2025-01-17 20:00:00,4,93,1,High,Friday,Cloudy
2025-01-17 21:00:00,4,170,41,Low,Friday,Cloudy
2025-01-17 22:00:00,3,124,48,Low,Friday,Clear
2025-01-17 23:00:00,2,104,94,Medium,Friday,Clear
2025-01-18 00:00:00,3,178,104,Low,Saturday,Clear
2025-01-18 01:00:00,2,128,77,Low,Saturday,Clear
2025-01-18 02:00:00,4,105,91,Medium,Saturday,Clear
2025-01-18 03:00:00,5,140,39,Low,Saturday,Clear
2025-01-18 04:00:00,2,117,76,Low,Saturday,Rainy
2025-01-18 05:00:00,2,199,169,Low,Saturday,Clear
2025-01-18 06:00:00,1,111,6,Low,Saturday,Clear
2025-01-18 07:00:00,8,95,40,High,Saturday,Cloudy
2025-01-18 08:00:00,9,166,17,High,Saturday,Clear
2025-01-18 09:00:00,5,177,165,High,Saturday,Clear
2025-01-18 10:00:00,4,91,2,Medium,Saturday,Clear
2025-01-18 11:00:00,6,182,121,Low,Saturday,Clear
2025-01-18 12:00:00,7,182,106,Low,Saturday,Clear
2025-01-18 13:00:00,4,97,67,Low,Saturday,Rainy
2025-01-18 14:00:00,3,108,44,Medium,Saturday,Clear
2025-01-18 15:00:00,10,123,42,Low,Saturday,Cloudy
2025-01-18 16:00:00,9,100,76,Low,Saturday,Cloudy
2025-01-18 17:00:00,2,188,124,Medium,Saturday,Rainy
2025-01-18 18:00:00,5,116,110,Medium,Saturday,Cloudy
2025-01-18 19:00:00,1,88,77,High,Saturday,Clear
2025-01-18 20:00:00,9,127,3,High,Saturday,Clear
2025-01-18 21:00:00,4,85,41,Medium,Saturday,Clear
2025-01-18 22:00:00,10,110,82,Low,Saturday,Rainy
2025-01-18 23:00:00,6,140,85,Low,Saturday,Cloudy
2025-01-19 00:00:00,6,131,101,Medium,Sunday,Clear
2025-01-19 01:00:00,2,127,59,Low,Sunday,Clear
2025-01-19 02:00:00,8,131,23,Low,Sunday,Clear
2025-01-19 03:00:00,9,82,78,Medium,Sunday,Cloudy
2025-01-19 04:00:00,7,164,81,Medium,Sunday,Cloudy
2025-01-19 05:00:00,5,168,88,Medium,Sunday,Clear
2025-01-19 06:00:00,8,188,98,Low,Sunday,Clear
2025-01-19 07:00:00,4,93,14,High,Sunday,Clear
2025-01-19 08:00:00,6,142,132,High,Sunday,Rainy
2025-01-19 09:00:00,4,163,120,Medium,Sunday,Cloudy
2025-01-19 10:00:00,7,113,30,High,Sunday,Cloudy
2025-01-19 11:00:00,5,118,92,Medium,Sunday,Rainy
2025-01-19 12:00:00,8,172,81,Medium,Sunday,Rainy
2025-01-19 13:00:00,4,160,33,Medium,Sunday,Cloudy
2025-01-19 14:00:00,1,99,74,Medium,Sunday,Clear
2025-01-19 15:00:00,6,116,34,Low,Sunday,Clear
2025-01-19 16:00:00,10,95,62,Low,Sunday,Clear
2025-01-19 17:00:00,4,117,57,Medium,Sunday,Rainy
2025-01-19 18:00:00,8,198,149,High,Sunday,Clear
2025-01-19 19:00:00,6,182,81,High,Sunday,Cloudy
2025-01-19 20:00:00,6,90,68,Medium,Sunday,Cloudy
2025-01-19 21:00:00,9,185,14,Low,Sunday,Clear
2025-01-19 22:00:00,1,198,96,Medium,Sunday,Cloudy
2025-01-19 23:00:00,9,131,24,Medium,Sunday,Clear
2025-01-20 00:00:00,4,99,96,Low,Monday,Clear
2025-01-20 01:00:00,7,133,4,Medium,Monday,Clear
2025-01-20 02:00:00,10,121,110,Medium,Monday,Rainy
2025-01-20 03:00:00,4,186,0,Low,Monday,Clear
2025-01-20 04:00:00,3,89,80,Low,Monday,Clear
2025-01-20 05:00:00,8,157,34,Low,Monday,Clear
2025-01-20 06:00:00,1,153,81,Low,Monday,Clear
2025-01-20 07:00:00,4,109,99,High,Monday,Cloudy
2025-01-20 08:00:00,1,145,121,High,Monday,Clear
2025-01-20 09:00:00,4,197,72,High,Monday,Clear
2025-01-20 10:00:00,7,135,93,Medium,Monday,Rainy
2025-01-20 11:00:00,2,163,141,Low,Monday,Cloudy
2025-01-20 12:00:00,10,176,27,Low,Monday,Clear
2025-01-20 13:00:00,3,114,73,Medium,Monday,Rainy
2025-01-20 14:00:00,10,138,52,Low,Monday,Clear
2025-01-20 15:00:00,5,110,21,Low,Monday,Cloudy
2025-01-20 16:00:00,10,133,118,Medium,Monday,Cloudy
2025-01-20 17:00:00,2,116,43,Medium,Monday,Clear
2025-01-20 18:00:00,4,106,35,High,Monday,Clear
2025-01-20 19:00:00,3,120,104,High,Monday,Clear
2025-01-20 20:00:00,5,80,28,High,Monday,Clear
2025-01-20 21:00:00,10,97,74,Low,Monday,Clear
2025-01-20 22:00:00,8,138,88,Medium,Monday,Rainy
2025-01-20 23:00:00,5,175,154,Low,Monday,Clear
2025-01-21 00:00:00,10,167,132,Medium,Tuesday,Cloudy
2025-01-21 01:00:00,5,112,65,Low,Tuesday,Clear
2025-01-21 02:00:00,2,97,25,Low,Tuesday,Clear
2025-01-21 03:00:00,3,151,24,Medium,Tuesday,Rainy
2025-01-21 04:00:00,8,87,59,Low,Tuesday,Cloudy
2025-01-21 05:00:00,3,198,174,Low,Tuesday,Clear
2025-01-21 06:00:00,4,133,82,Medium,Tuesday,Cloudy
2025-01-21 07:00:00,10,96,42,High,Tuesday,Cloudy
2025-01-21 08:00:00,8,186,15,High,Tuesday,Rainy
2025-01-21 09:00:00,7,110,40,High,Tuesday,Clear
2025-01-21 10:00:00,7,110,103,High,Tuesday,Clear
2025-01-21 11:00:00,3,198,0,Medium,Tuesday,Clear
2025-01-21 12:00:00,4,114,12,Low,Tuesday,Clear
2025-01-21 13:00:00,7,105,1,Low,Tuesday,Clear
2025-01-21 14:00:00,1,162,48,Medium,Tuesday,Clear
2025-01-21 15:00:00,9,153,125,Low,Tuesday,Rainy
2025-01-21 16:00:00,1,162,75,Medium,Tuesday,Clear
2025-01-21 17:00:00,8,100,66,High,Tuesday,Clear
2025-01-21 18:00:00,7,137,128,High,Tuesday,Clear
2025-01-21 19:00:00,6,156,153,Medium,Tuesday,Clear
2025-01-21 20:00:00,10,95,36,High,Tuesday,Rainy
2025-01-21 21:00:00,7,165,0,Low,Tuesday,Clear
2025-01-21 22:00:00,6,122,98,Low,Tuesday,Clear
2025-01-21 23:00:00,3,118,80,Low,Tuesday,Cloudy
2025-01-22 00:00:00,8,101,88,Medium,Wednesday,Cloudy
2025-01-22 01:00:00,2,91,56,Medium,Wednesday,Cloudy
2025-01-22 02:00:00,10,194,23,Medium,Wednesday,Clear
2025-01-22 03:00:00,3,149,85,Medium,Wednesday,Clear
2025-01-22 04:00:00,3,165,153,Medium,Wednesday,Clear
2025-01-22 05:00:00,6,198,173,Low,Wednesday,Clear
2025-01-22 06:00:00,7,166,144,Low,Wednesday,Cloudy
2025-01-22 07:00:00,5,187,59,High,Wednesday,Clear
2025-01-22 08:00:00,3,170,147,High,Wednesday,Clear
2025-01-22 09:00:00,3,97,69,High,Wednesday,Clear
2025-01-22 10:00:00,2,152,12,High,Wednesday,Clear
2025-01-22 11:00:00,1,97,2,Low,Wednesday,Clear
2025-01-22 12:00:00,10,101,43,Low,Wednesday,Clear
2025-01-22 13:00:00,1,131,49,Low,Wednesday,Clear
2025-01-22 14:00:00,3,82,63,Low,Wednesday,Clear
2025-01-22 15:00:00,9,138,133,Low,Wednesday,Clear
2025-01-22 16:00:00,4,191,31,Low,Wednesday,Clear
2025-01-22 17:00:00,1,138,55,High,Wednesday,Clear
2025-01-22 18:00:00,9,128,83,High,Wednesday,Clear
2025-01-22 19:00:00,9,192,38,High,Wednesday,Rainy
2025-01-22 20:00:00,2,121,120,Medium,Wednesday,Rainy
2025-01-22 21:00:00,1,109,58,Medium,Wednesday,Cloudy
2025-01-22 22:00:00,6,169,56,Low,Wednesday,Clear
2025-01-22 23:00:00,9,163,63,Medium,Wednesday,Cloudy
2025-01-23 00:00:00,3,176,87,Low,Thursday,Cloudy
2025-01-23 01:00:00,4,156,73,Medium,Thursday,Cloudy
2025-01-23 02:00:00,6,129,62,Medium,Thursday,Clear
2025-01-23 03:00:00,4,127,22,Low,Thursday,Clear
2025-01-23 04:00:00,9,197,82,Medium,Thursday,Clear
2025-01-23 05:00:00,7,118,47,Low,Thursday,Rainy
2025-01-23 06:00:00,5,124,49,Medium,Thursday,Rainy
2025-01-23 07:00:00,7,161,58,High,Thursday,Rainy
2025-01-23 08:00:00,4,109,97,Medium,Thursday,Cloudy
2025-01-23 09:00:00,7,148,119,High,Thursday,Cloudy
2025-01-23 10:00:00,3,102,81,High,Thursday,Rainy
2025-01-23 11:00:00,7,158,92,Low,Thursday,Clear
2025-01-23 12:00:00,6,116,61,Low,Thursday,Clear
2025-01-23 13:00:00,6,129,34,Low,Thursday,Clear
2025-01-23 14:00:00,10,160,13,Low,Thursday,Clear
2025-01-23 15:00:00,5,159,33,Low,Thursday,Clear
2025-01-23 16:00:00,7,111,81,Medium,Thursday,Clear
2025-01-23 17:00:00,6,97,56,Medium,Thursday,Rainy
2025-01-23 18:00:00,2,144,117,High,Thursday,Clear
2025-01-23 19:00:00,4,95,53,High,Thursday,Rainy
2025-01-23 20:00:00,4,146,52,High,Thursday,Clear
2025-01-23 21:00:00,9,173,106,Medium,Thursday,Clear
2025-01-23 22:00:00,10,183,100,Medium,Thursday,Clear
2025-01-23 23:00:00,6,125,93,Low,Thursday,Cloudy
2025-01-24 00:00:00,6,138,70,Low,Friday,Clear
2025-01-24 01:00:00,7,114,104,Low,Friday,Clear
2025-01-24 02:00:00,1,157,157,Low,Friday,Cloudy
2025-01-24 03:00:00,10,130,110,Low,Friday,Rainy
2025-01-24 04:00:00,8,174,127,Low,Friday,Rainy
2025-01-24 05:00:00,6,147,35,Medium,Friday,Cloudy
2025-01-24 06:00:00,2,177,163,Low,Friday,Rainy
2025-01-24 07:00:00,6,134,9,High,Friday,Clear
2025-01-24 08:00:00,7,196,165,Medium,Friday,Rainy
2025-01-24 09:00:00,7,179,93,High,Friday,Rainy
2025-01-24 10:00:00,9,139,66,High,Friday,Cloudy
2025-01-24 11:00:00,8,99,78,Medium,Friday,Cloudy
2025-01-24 12:00:00,6,84,7,Low,Friday,Clear
2025-01-24 13:00:00,4,155,1,Low,Friday,Clear
2025-01-24 14:00:00,3,130,130,Medium,Friday,Clear
2025-01-24 15:00:00,10,117,84,Low,Friday,Cloudy
2025-01-24 16:00:00,10,158,92,Medium,Friday,Rainy
2025-01-24 17:00:00,4,127,48,High,Friday,Clear
2025-01-24 18:00:00,3,156,106,Medium,Friday,Clear
2025-01-24 19:00:00,6,182,70,High,Friday,Clear
2025-01-24 20:00:00,5,122,108,High,Friday,Cloudy
2025-01-24 21:00:00,2,129,116,Low,Friday,Cloudy
2025-01-24 22:00:00,6,108,70,Low,Friday,Cloudy
2025-01-24 23:00:00,9,164,111,Medium,Friday,Cloudy
2025-01-25 00:00:00,4,176,75,Low,Saturday,Clear
2025-01-25 01:00:00,6,187,22,Low,Saturday,Clear
2025-01-25 02:00:00,9,86,22,Low,Saturday,Cloudy
2025-01-25 03:00:00,5,158,22,Low,Saturday,Cloudy
2025-01-25 04:00:00,2,192,113,Low,Saturday,Clear
2025-01-25 05:00:00,8,181,98,Low,Saturday,Rainy
2025-01-25 06:00:00,9,136,54,Low,Saturday,Rainy
2025-01-25 07:00:00,2,136,75,High,Saturday,Clear
2025-01-25 08:00:00,3,125,45,High,Saturday,Cloudy
2025-01-25 09:00:00,2,82,41,Medium,Saturday,Rainy
2025-01-25 10:00:00,2,200,7,High,Saturday,Cloudy
2025-01-25 11:00:00,8,132,37,Low,Saturday,Cloudy
2025-01-25 12:00:00,6,153,92,Low,Saturday,Clear
2025-01-25 13:00:00,1,107,7,Low,Saturday,Cloudy
2025-01-25 14:00:00,5,191,181,Low,Saturday,Clear
2025-01-25 15:00:00,2,173,160,Medium,Saturday,Clear
2025-01-25 16:00:00,2,114,0,Low,Saturday,Clear
2025-01-25 17:00:00,7,85,34,High,Saturday,Clear
2025-01-25 18:00:00,7,136,114,High,Saturday,Cloudy
2025-01-25 19:00:00,1,104,101,High,Saturday,Clear
2025-01-25 20:00:00,3,122,92,High,Saturday,Rainy
2025-01-25 21:00:00,4,125,29,Low,Saturday,Cloudy
2025-01-25 22:00:00,8,154,68,Medium,Saturday,Clear
2025-01-25 23:00:00,10,189,9,Low,Saturday,Cloudy
2025-01-26 00:00:00,3,92,7,Medium,Sunday,Clear
2025-01-26 01:00:00,5,84,82,Medium,Sunday,Cloudy
2025-01-26 02:00:00,10,198,108,Medium,Sunday,Clear
2025-01-26 03:00:00,1,177,94,Low,Sunday,Clear
2025-01-26 04:00:00,7,180,77,Low,Sunday,Clear
2025-01-26 05:00:00,10,116,109,Low,Sunday,Rainy
2025-01-26 06:00:00,3,173,103,Low,Sunday,Clear
2025-01-26 07:00:00,5,118,34,High,Sunday,Clear
2025-01-26 08:00:00,8,154,111,High,Sunday,Clear
2025-01-26 09:00:00,4,122,105,High,Sunday,Clear
2025-01-26 10:00:00,1,115,45,High,Sunday,Cloudy
2025-01-26 11:00:00,6,178,148,Low,Sunday,Clear
2025-01-26 12:00:00,5,138,79,Medium,Sunday,Clear
2025-01-26 13:00:00,1,156,85,Low,Sunday,Clear
2025-01-26 14:00:00,3,101,43,Low,Sunday,Clear
2025-01-26 15:00:00,4,150,55,Medium,Sunday,Clear
2025-01-26 16:00:00,2,175,158,Low,Sunday,Clear
2025-01-26 17:00:00,8,92,22,High,Sunday,Clear
2025-01-26 18:00:00,2,122,32,Medium,Sunday,Cloudy
2025-01-26 19:00:00,4,146,113,Medium,Sunday,Clear
2025-01-26 20:00:00,5,131,10,High,Sunday,Rainy
2025-01-26 21:00:00,2,103,93,Medium,Sunday,Rainy
2025-01-26 22:00:00,8,104,90,Low,Sunday,Clear
2025-01-26 23:00:00,5,154,26,Low,Sunday,Clear
2025-01-27 00:00:00,1,193,157,Medium,Monday,Rainy
2025-01-27 01:00:00,3,155,72,Low,Monday,Clear
2025-01-27 02:00:00,8,134,8,Medium,Monday,Clear
2025-01-27 03:00:00,5,184,162,Low,Monday,Clear
2025-01-27 04:00:00,1,133,92,Low,Monday,Clear
2025-01-27 05:00:00,3,148,127,Low,Monday,Clear
2025-01-27 06:00:00,7,178,104,Medium,Monday,Clear
2025-01-27 07:00:00,10,161,128,High,Monday,Clear
2025-01-27 08:00:00,3,148,100,Medium,Monday,Clear
2025-01-27 09:00:00,5,106,26,Medium,Monday,Clear
2025-01-27 10:00:00,10,120,14,High,Monday,Cloudy
2025-01-27 11:00:00,10,87,59,Medium,Monday,Rainy
2025-01-27 12:00:00,6,82,32,Low,Monday,Cloudy
2025-01-27 13:00:00,5,197,51,Medium,Monday,Clear
2025-01-27 14:00:00,5,178,100,Low,Monday,Clear
2025-01-27 15:00:00,10,177,3,Medium,Monday,Cloudy
2025-01-27 16:00:00,9,123,31,Low,Monday,Clear
2025-01-27 17:00:00,2,164,142,High,Monday,Clear
2025-01-27 18:00:00,6,109,1,High,Monday,Rainy
2025-01-27 19:00:00,8,188,32,High,Monday,Clear
2025-01-27 20:00:00,1,146,124,High,Monday,Clear
2025-01-27 21:00:00,2,158,113,Low,Monday,Clear
2025-01-27 22:00:00,4,193,139,Low,Monday,Clear
2025-01-27 23:00:00,10,195,49,Low,Monday,Clear
2025-01-28 00:00:00,3,154,140,Medium,Tuesday,Cloudy
2025-01-28 01:00:00,9,156,66,Medium,Tuesday,Clear
2025-01-28 02:00:00,3,170,5,Medium,Tuesday,Clear
2025-01-28 03:00:00,5,126,15,Low,Tuesday,Cloudy
2025-01-28 04:00:00,9,119,23,Medium,Tuesday,Cloudy
2025-01-28 05:00:00,3,192,125,Medium,Tuesday,Rainy
2025-01-28 06:00:00,10,133,50,Low,Tuesday,Rainy
2025-01-28 07:00:00,9,198,156,High,Tuesday,Cloudy
2025-01-28 08:00:00,8,94,14,High,Tuesday,Clear
2025-01-28 09:00:00,9,110,106,High,Tuesday,Clear
2025-01-28 10:00:00,3,147,63,High,Tuesday,Clear
2025-01-28 11:00:00,4,158,148,Low,Tuesday,Clear
2025-01-28 12:00:00,4,186,104,Low,Tuesday,Rainy
2025-01-28 13:00:00,7,193,133,Medium,Tuesday,Clear
2025-01-28 14:00:00,1,101,51,Low,Tuesday,Clear
2025-01-28 15:00:00,4,116,20,Medium,Tuesday,Cloudy
2025-01-28 16:00:00,7,149,60,Medium,Tuesday,Clear
2025-01-28 17:00:00,4,120,51,Medium,Tuesday,Clear
2025-01-28 18:00:00,10,193,65,High,Tuesday,Clear
2025-01-28 19:00:00,7,188,165,High,Tuesday,Clear
2025-01-28 20:00:00,4,96,86,High,Tuesday,Clear
2025-01-28 21:00:00,3,87,56,Medium,Tuesday,Clear
2025-01-28 22:00:00,3,164,150,Low,Tuesday,Clear
2025-01-28 23:00:00,3,99,37,Low,Tuesday,Clear
2025-01-29 00:00:00,7,82,79,Low,Wednesday,Clear
2025-01-29 01:00:00,5,140,20,Medium,Wednesday,Rainy
2025-01-29 02:00:00,7,112,55,Medium,Wednesday,Clear
2025-01-29 03:00:00,1,179,48,Low,Wednesday,Cloudy
2025-01-29 04:00:00,5,98,47,Medium,Wednesday,Clear
2025-01-29 05:00:00,10,131,41,Low,Wednesday,Rainy
2025-01-29 06:00:00,3,127,74,Medium,Wednesday,Clear
2025-01-29 07:00:00,2,141,14,High,Wednesday,Cloudy
2025-01-29 08:00:00,7,97,30,High,Wednesday,Cloudy
2025-01-29 09:00:00,2,146,98,High,Wednesday,Clear
2025-01-29 10:00:00,8,134,5,Medium,Wednesday,Cloudy
2025-01-29 11:00:00,6,89,58,Low,Wednesday,Cloudy
2025-01-29 12:00:00,7,122,51,Low,Wednesday,Cloudy
2025-01-29 13:00:00,2,150,0,Medium,Wednesday,Clear
2025-01-29 14:00:00,7,101,67,Low,Wednesday,Clear
2025-01-29 15:00:00,7,129,76,Low,Wednesday,Cloudy
2025-01-29 16:00:00,7,125,89,Medium,Wednesday,Clear
2025-01-29 17:00:00,7,87,31,Medium,Wednesday,Clear
2025-01-29 18:00:00,3,165,3,High,Wednesday,Rainy
2025-01-29 19:00:00,6,153,71,High,Wednesday,Clear
2025-01-29 20:00:00,3,191,92,Medium,Wednesday,Rainy
2025-01-29 21:00:00,3,169,141,Medium,Wednesday,Rainy
2025-01-29 22:00:00,4,98,47,Low,Wednesday,Clear
2025-01-29 23:00:00,3,198,13,Medium,Wednesday,Cloudy
2025-01-30 00:00:00,10,140,110,Low,Thursday,Clear
2025-01-30 01:00:00,4,151,131,Low,Thursday,Clear
2025-01-30 02:00:00,9,158,63,Medium,Thursday,Clear
2025-01-30 03:00:00,6,84,28,Low,Thursday,Clear
2025-01-30 04:00:00,5,193,16,Medium,Thursday,Cloudy
2025-01-30 05:00:00,6,172,156,Medium,Thursday,Clear
2025-01-30 06:00:00,2,163,53,Low,Thursday,Clear
2025-01-30 07:00:00,6,153,115,Medium,Thursday,Clear
2025-01-30 08:00:00,9,171,149,Medium,Thursday,Clear
2025-01-30 09:00:00,3,100,90,High,Thursday,Cloudy
2025-01-30 10:00:00,10,146,105,Medium,Thursday,Cloudy
2025-01-30 11:00:00,10,93,57,Medium,Thursday,Clear
2025-01-30 12:00:00,6,141,76,Medium,Thursday,Clear
2025-01-30 13:00:00,7,198,180,Medium,Thursday,Clear
2025-01-30 14:00:00,5,176,62,Low,Thursday,Cloudy
2025-01-30 15:00:00,1,95,87,Low,Thursday,Clear
2025-01-30 16:00:00,9,130,85,Low,Thursday,Cloudy
2025-01-30 17:00:00,6,133,84,Medium,Thursday,Clear
2025-01-30 18:00:00,6,149,56,Medium,Thursday,Cloudy
2025-01-30 19:00:00,6,156,37,High,Thursday,Clear
2025-01-30 20:00:00,2,122,15,Medium,Thursday,Clear
2025-01-30 21:00:00,1,117,14,Medium,Thursday,Clear
2025-01-30 22:00:00,1,85,61,Low,Thursday,Cloudy
2025-01-30 23:00:00,1,132,98,Medium,Thursday,Clear
2025-01-31 00:00:00,1,192,25,Low,Friday,Clear
2025-01-31 01:00:00,1,140,140,Low,Friday,Cloudy
2025-01-31 02:00:00,8,139,105,Medium,Friday,Clear
2025-01-31 03:00:00,7,110,58,Low,Friday,Clear
2025-01-31 04:00:00,4,87,13,Medium,Friday,Cloudy
2025-01-31 05:00:00,6,164,160,Medium,Friday,Cloudy
2025-01-31 06:00:00,5,163,82,Low,Friday,Cloudy
2025-01-31 07:00:00,4,114,78,High,Friday,Clear
2025-01-31 08:00:00,5,106,38,Medium,Friday,Clear
2025-01-31 09:00:00,6,119,62,High,Friday,Clear
2025-01-31 10:00:00,2,155,39,High,Friday,Cloudy
2025-01-31 11:00:00,4,162,0,Low,Friday,Cloudy
2025-01-31 12:00:00,7,97,33,Low,Friday,Clear
2025-01-31 13:00:00,8,144,8,Low,Friday,Cloudy
2025-01-31 14:00:00,5,190,96,Low,Friday,Rainy
2025-01-31 15:00:00,1,141,16,Medium,Friday,Rainy
2025-01-31 16:00:00,1,134,93,Low,Friday,Clear
2025-01-31 17:00:00,8,84,7,High,Friday,Rainy
2025-01-31 18:00:00,4,160,93,High,Friday,Rainy
2025-01-31 19:00:00,4,186,165,High,Friday,Rainy
2025-01-31 20:00:00,1,136,129,High,Friday,Clear
2025-01-31 21:00:00,1,169,56,Low,Friday,Clear
2025-01-31 22:00:00,10,177,169,Medium,Friday,Clear
2025-01-31 23:00:00,5,108,103,Low,Friday,Clear
2025-02-01 00:00:00,5,190,16,Medium,Saturday,Clear
2025-02-01 01:00:00,6,178,42,Low,Saturday,Clear
2025-02-01 02:00:00,9,97,57,Medium,Saturday,Clear
2025-02-01 03:00:00,9,87,36,Low,Saturday,Clear
2025-02-01 04:00:00,1,123,26,Medium,Saturday,Clear
2025-02-01 05:00:00,2,144,32,Medium,Saturday,Clear
2025-02-01 06:00:00,6,129,20,Medium,Saturday,Clear
2025-02-01 07:00:00,10,152,137,High,Saturday,Clear
2025-02-01 08:00:00,10,164,18,High,Saturday,Cloudy
2025-02-01 09:00:00,7,81,36,High,Saturday,Clear
2025-02-01 10:00:00,2,181,81,High,Saturday,Clear
2025-02-01 11:00:00,5,107,19,Low,Saturday,Clear
2025-02-01 12:00:00,1,123,72,Low,Saturday,Clear
2025-02-01 13:00:00,5,138,25,Low,Saturday,Cloudy
2025-02-01 14:00:00,8,95,25,Medium,Saturday,Clear
2025-02-01 15:00:00,8,132,35,Low,Saturday,Clear
2025-02-01 16:00:00,8,89,49,Low,Saturday,Rainy
2025-02-01 17:00:00,7,104,100,High,Saturday,Clear
2025-02-01 18:00:00,3,152,125,High,Saturday,Cloudy
2025-02-01 19:00:00,7,188,143,High,Saturday,Rainy
2025-02-01 20:00:00,1,169,28,High,Saturday,Rainy
2025-02-01 21:00:00,3,194,146,Low,Saturday,Cloudy
2025-02-01 22:00:00,8,179,94,Low,Saturday,Cloudy
2025-02-01 23:00:00,8,126,92,Low,Saturday,Rainy
2025-02-02 00:00:00,3,171,152,Medium,Sunday,Rainy
2025-02-02 01:00:00,7,178,69,Medium,Sunday,Clear
2025-02-02 02:00:00,2,125,87,Medium,Sunday,Clear
2025-02-02 03:00:00,4,145,90,Low,Sunday,Cloudy
2025-02-02 04:00:00,8,134,20,Medium,Sunday,Rainy
2025-02-02 05:00:00,1,152,66,Low,Sunday,Rainy
2025-02-02 06:00:00,6,159,16,Low,Sunday,Cloudy
2025-02-02 07:00:00,5,104,91,High,Sunday,Clear
2025-02-02 08:00:00,6,197,53,High,Sunday,Clear
2025-02-02 09:00:00,6,88,29,High,Sunday,Clear
2025-02-02 10:00:00,4,97,71,High,Sunday,Clear
2025-02-02 11:00:00,9,119,99,Medium,Sunday,Clear
2025-02-02 12:00:00,1,164,38,Low,Sunday,Cloudy
2025-02-02 13:00:00,2,86,10,Medium,Sunday,Clear
2025-02-02 14:00:00,6,180,34,Low,Sunday,Rainy
2025-02-02 15:00:00,5,126,84,Medium,Sunday,Clear
2025-02-02 16:00:00,2,162,14,Low,Sunday,Rainy
2025-02-02 17:00:00,6,106,30,High,Sunday,Clear
2025-02-02 18:00:00,1,192,54,High,Sunday,Rainy
2025-02-02 19:00:00,7,159,89,Medium,Sunday,Clear
2025-02-02 20:00:00,9,87,38,High,Sunday,Cloudy
2025-02-02 21:00:00,9,81,59,Low,Sunday,Clear
2025-02-02 22:00:00,7,108,97,Medium,Sunday,Clear
2025-02-02 23:00:00,4,96,56,Medium,Sunday,Cloudy
2025-02-03 00:00:00,5,109,19,Low,Monday,Cloudy
2025-02-03 01:00:00,5,156,83,Medium,Monday,Clear
2025-02-03 02:00:00,4,177,157,Low,Monday,Clear
2025-02-03 03:00:00,7,81,1,Low,Monday,Clear
2025-02-03 04:00:00,6,194,53,Low,Monday,Clear
2025-02-03 05:00:00,10,109,72,Low,Monday,Cloudy
2025-02-03 06:00:00,9,126,4,Low,Monday,Clear
2025-02-03 07:00:00,2,174,165,Medium,Monday,Clear
2025-02-03 08:00:00,4,161,102,Medium,Monday,Cloudy
2025-02-03 09:00:00,9,193,89,High,Monday,Clear
2025-02-03 10:00:00,2,85,37,High,Monday,Cloudy
2025-02-03 11:00:00,6,101,60,Medium,Monday,Cloudy
2025-02-03 12:00:00,9,85,23,Medium,Monday,Clear
2025-02-03 13:00:00,1,199,121,Medium,Monday,Clear
2025-02-03 14:00:00,4,168,113,Medium,Monday,Cloudy
2025-02-03 15:00:00,8,185,183,Medium,Monday,Clear
2025-02-03 16:00:00,2,95,77,Medium,Monday,Clear
2025-02-03 17:00:00,8,134,114,High,Monday,Clear
2025-02-03 18:00:00,9,183,160,High,Monday,Clear
2025-02-03 19:00:00,1,187,20,Medium,Monday,Cloudy
2025-02-03 20:00:00,8,184,124,Medium,Monday,Clear
2025-02-03 21:00:00,6,125,28,Medium,Monday,Clear
2025-02-03 22:00:00,10,167,113,Low,Monday,Clear
2025-02-03 23:00:00,10,127,37,Low,Monday,Clear
2025-02-04 00:00:00,7,165,64,Low,Tuesday,Clear
2025-02-04 01:00:00,9,122,101,Low,Tuesday,Rainy
2025-02-04 02:00:00,8,102,81,Medium,Tuesday,Clear
2025-02-04 03:00:00,6,184,80,Low,Tuesday,Clear
2025-02-04 04:00:00,10,112,85,Medium,Tuesday,Rainy
2025-02-04 05:00:00,2,153,73,Low,Tuesday,Clear
2025-02-04 06:00:00,1,184,116,Low,Tuesday,Cloudy
2025-02-04 07:00:00,1,172,107,High,Tuesday,Cloudy
2025-02-04 08:00:00,6,139,66,High,Tuesday,Clear
2025-02-04 09:00:00,7,127,1,High,Tuesday,Cloudy
2025-02-04 10:00:00,4,189,129,High,Tuesday,Clear
2025-02-04 11:00:00,7,108,103,Low,Tuesday,Clear
2025-02-04 12:00:00,2,90,86,Low,Tuesday,Clear
2025-02-04 13:00:00,8,101,20,Low,Tuesday,Clear
2025-02-04 14:00:00,8,155,126,Low,Tuesday,Clear
2025-02-04 15:00:00,1,99,74,Low,Tuesday,Clear
2025-02-04 16:00:00,8,159,137,Medium,Tuesday,Clear
2025-02-04 17:00:00,7,89,4,High,Tuesday,Clear
2025-02-04 18:00:00,1,104,45,High,Tuesday,Cloudy
2025-02-04 19:00:00,5,129,55,High,Tuesday,Clear
2025-02-04 20:00:00,3,130,87,Medium,Tuesday,Clear
2025-02-04 21:00:00,8,132,63,Low,Tuesday,Clear
2025-02-04 22:00:00,6,163,112,Low,Tuesday,Cloudy
2025-02-04 23:00:00,3,94,72,Low,Tuesday,Clear
2025-02-05 00:00:00,9,180,119,Low,Wednesday,Cloudy
2025-02-05 01:00:00,6,111,16,Medium,Wednesday,Clear
2025-02-05 02:00:00,7,150,34,Low,Wednesday,Rainy
2025-02-05 03:00:00,7,181,45,Low,Wednesday,Rainy
2025-02-05 04:00:00,5,109,30,Medium,Wednesday,Clear
2025-02-05 05:00:00,2,180,136,Low,Wednesday,Clear
2025-02-05 06:00:00,6,117,35,Low,Wednesday,Clear
2025-02-05 07:00:00,5,125,58,High,Wednesday,Cloudy
2025-02-05 08:00:00,6,172,23,Medium,Wednesday,Cloudy
2025-02-05 09:00:00,6,160,133,High,Wednesday,Clear
2025-02-05 10:00:00,7,138,99,Medium,Wednesday,Rainy
2025-02-05 11:00:00,4,85,76,Medium,Wednesday,Clear
2025-02-05 12:00:00,9,162,36,Medium,Wednesday,Clear
2025-02-05 13:00:00,2,129,90,Medium,Wednesday,Cloudy
2025-02-05 14:00:00,5,161,148,Low,Wednesday,Rainy
2025-02-05 15:00:00,3,113,99,Low,Wednesday,Clear
2025-02-05 16:00:00,10,170,66,Low,Wednesday,Rainy
2025-02-05 17:00:00,8,167,132,High,Wednesday,Cloudy
2025-02-05 18:00:00,5,186,125,Medium,Wednesday,Rainy
2025-02-05 19:00:00,2,130,35,High,Wednesday,Clear
2025-02-05 20:00:00,9,96,51,Medium,Wednesday,Cloudy
2025-02-05 21:00:00,3,165,18,Low,Wednesday,Clear
2025-02-05 22:00:00,4,125,18,Low,Wednesday,Clear
2025-02-05 23:00:00,4,124,26,Low,Wednesday,Clear
2025-02-06 00:00:00,5,101,58,Low,Thursday,Clear
2025-02-06 01:00:00,2,127,106,Low,Thursday,Rainy
2025-02-06 02:00:00,7,106,33,Medium,Thursday,Clear
2025-02-06 03:00:00,3,126,39,Low,Thursday,Clear
2025-02-06 04:00:00,6,194,83,Medium,Thursday,Clear
2025-02-06 05:00:00,5,187,83,Medium,Thursday,Cloudy
2025-02-06 06:00:00,10,170,4,Low,Thursday,Clear
2025-02-06 07:00:00,2,84,14,High,Thursday,Clear
2025-02-06 08:00:00,6,118,75,Medium,Thursday,Clear
2025-02-06 09:00:00,10,157,101,High,Thursday,Cloudy
2025-02-06 10:00:00,5,153,85,High,Thursday,Cloudy
2025-02-06 11:00:00,6,150,5,Medium,Thursday,Clear
2025-02-06 12:00:00,8,115,105,Medium,Thursday,Clear
2025-02-06 13:00:00,5,92,14,Low,Thursday,Clear
2025-02-06 14:00:00,5,85,70,Low,Thursday,Clear
2025-02-06 15:00:00,3,175,78,Medium,Thursday,Cloudy
2025-02-06 16:00:00,3,136,134,Low,Thursday,Clear
2025-02-06 17:00:00,2,108,74,High,Thursday,Clear
2025-02-06 18:00:00,4,162,145,High,Thursday,Clear
2025-02-06 19:00:00,1,142,109,High,Thursday,Clear
2025-02-06 20:00:00,2,169,60,Medium,Thursday,Clear
2025-02-06 21:00:00,10,172,146,Medium,Thursday,Cloudy
2025-02-06 22:00:00,2,179,119,Medium,Thursday,Clear
2025-02-06 23:00:00,7,188,48,Low,Thursday,Clear
2025-02-07 00:00:00,10,95,66,Medium,Friday,Clear
2025-02-07 01:00:00,9,175,72,Low,Friday,Clear
2025-02-07 02:00:00,7,127,85,Medium,Friday,Clear
2025-02-07 03:00:00,4,115,99,Low,Friday,Clear
2025-02-07 04:00:00,1,172,139,Low,Friday,Clear
2025-02-07 05:00:00,8,175,41,Low,Friday,Clear
2025-02-07 06:00:00,4,91,79,Medium,Friday,Cloudy
2025-02-07 07:00:00,3,105,51,High,Friday,Cloudy
2025-02-07 08:00:00,6,98,20,High,Friday,Cloudy
2025-02-07 09:00:00,10,176,116,Medium,Friday,Rainy
2025-02-07 10:00:00,8,140,86,High,Friday,Clear
2025-02-07 11:00:00,4,179,89,Low,Friday,Clear
2025-02-07 12:00:00,5,170,71,Medium,Friday,Clear
2025-02-07 13:00:00,8,131,108,Medium,Friday,Rainy
2025-02-07 14:00:00,7,174,43,Medium,Friday,Clear
2025-02-07 15:00:00,8,148,15,Low,Friday,Rainy
2025-02-07 16:00:00,4,123,111,Low,Friday,Clear
2025-02-07 17:00:00,7,94,75,High,Friday,Clear
2025-02-07 18:00:00,10,85,23,High,Friday,Clear
2025-02-07 19:00:00,4,176,170,High,Friday,Clear
2025-02-07 20:00:00,8,80,18,High,Friday,Clear
2025-02-07 21:00:00,2,126,109,Medium,Friday,Clear
2025-02-07 22:00:00,4,84,45,Low,Friday,Clear
2025-02-07 23:00:00,8,141,49,Low,Friday,Cloudy
2025-02-08 00:00:00,9,101,44,Low,Saturday,Clear
2025-02-08 01:00:00,9,164,43,Low,Saturday,Clear
2025-02-08 02:00:00,5,130,34,Low,Saturday,Cloudy
2025-02-08 03:00:00,6,191,27,Low,Saturday,Clear
2025-02-08 04:00:00,4,183,142,Medium,Saturday,Clear
2025-02-08 05:00:00,7,94,3,Low,Saturday,Cloudy
2025-02-08 06:00:00,10,135,72,Low,Saturday,Clear
2025-02-08 07:00:00,7,149,8,High,Saturday,Clear
2025-02-08 08:00:00,3,92,79,High,Saturday,Cloudy
2025-02-08 09:00:00,10,192,77,Medium,Saturday,Clear
2025-02-08 10:00:00,4,137,54,High,Saturday,Cloudy
2025-02-08 11:00:00,6,83,45,Medium,Saturday,Cloudy
2025-02-08 12:00:00,8,109,66,Low,Saturday,Clear
2025-02-08 13:00:00,10,113,52,Low,Saturday,Cloudy
2025-02-08 14:00:00,1,128,125,Medium,Saturday,Clear
2025-02-08 15:00:00,8,117,104,Low,Saturday,Cloudy
2025-02-08 16:00:00,2,98,58,Low,Saturday,Clear
2025-02-08 17:00:00,3,153,140,High,Saturday,Clear
2025-02-08 18:00:00,6,116,18,High,Saturday,Clear
2025-02-08 19:00:00,1,192,48,Medium,Saturday,Cloudy
2025-02-08 20:00:00,6,147,91,High,Saturday,Clear
2025-02-08 21:00:00,9,192,21,Medium,Saturday,Clear
2025-02-08 22:00:00,10,85,16,Medium,Saturday,Cloudy
2025-02-08 23:00:00,9,140,95,Low,Saturday,Clear
2025-02-09 00:00:00,3,143,23,Medium,Sunday,Cloudy
2025-02-09 01:00:00,6,152,143,Low,Sunday,Clear
2025-02-09 02:00:00,4,153,17,Low,Sunday,Rainy
2025-02-09 03:00:00,2,97,75,Low,Sunday,Rainy
2025-02-09 04:00:00,8,186,124,Low,Sunday,Clear
2025-02-09 05:00:00,4,182,33,Low,Sunday,Rainy
2025-02-09 06:00:00,9,191,149,Medium,Sunday,Clear
2025-02-09 07:00:00,6,167,24,High,Sunday,Cloudy
2025-02-09 08:00:00,6,188,78,High,Sunday,Clear
2025-02-09 09:00:00,2,196,157,Medium,Sunday,Cloudy
2025-02-09 10:00:00,10,147,106,Medium,Sunday,Clear
2025-02-09 11:00:00,8,183,130,Low,Sunday,Cloudy
2025-02-09 12:00:00,3,83,52,Medium,Sunday,Clear
2025-02-09 13:00:00,2,187,29,Low,Sunday,Cloudy
2025-02-09 14:00:00,1,149,118,Low,Sunday,Clear
2025-02-09 15:00:00,2,124,31,Low,Sunday,Clear
2025-02-09 16:00:00,1,155,67,Low,Sunday,Clear
2025-02-09 17:00:00,2,121,118,High,Sunday,Cloudy
2025-02-09 18:00:00,2,142,140,High,Sunday,Clear
2025-02-09 19:00:00,7,123,99,Medium,Sunday,Cloudy
2025-02-09 20:00:00,9,180,148,High,Sunday,Clear
2025-02-09 21:00:00,9,159,38,Low,Sunday,Clear
2025-02-09 22:00:00,4,174,49,Medium,Sunday,Clear
2025-02-09 23:00:00,3,80,44,Low,Sunday,Cloudy
2025-02-10 00:00:00,1,96,28,Low,Monday,Clear
2025-02-10 01:00:00,8,198,136,Low,Monday,Rainy
2025-02-10 02:00:00,5,113,82,Low,Monday,Clear
2025-02-10 03:00:00,7,125,10,Low,Monday,Clear
2025-02-10 04:00:00,1,123,81,Medium,Monday,Cloudy
2025-02-10 05:00:00,6,151,88,Low,Monday,Clear
2025-02-10 06:00:00,4,161,57,Low,Monday,Cloudy
2025-02-10 07:00:00,4,117,54,High,Monday,Cloudy
2025-02-10 08:00:00,10,121,12,Medium,Monday,Clear
2025-02-10 09:00:00,5,118,77,High,Monday,Rainy
2025-02-10 10:00:00,10,115,2,High,Monday,Rainy
2025-02-10 11:00:00,1,129,91,Medium,Monday,Cloudy
2025-02-10 12:00:00,7,161,28,Low,Monday,Clear
2025-02-10 13:00:00,6,95,20,Low,Monday,Clear
2025-02-10 14:00:00,4,134,40,Low,Monday,Cloudy
2025-02-10 15:00:00,1,122,104,Low,Monday,Rainy
2025-02-10 16:00:00,1,169,21,Medium,Monday,Cloudy
2025-02-10 17:00:00,2,152,117,High,Monday,Clear
2025-02-10 18:00:00,3,125,23,High,Monday,Clear
2025-02-10 19:00:00,1,125,81,High,Monday,Clear
2025-02-10 20:00:00,3,95,29,Medium,Monday,Cloudy
2025-02-10 21:00:00,3,142,122,Low,Monday,Clear
2025-02-10 22:00:00,10,191,170,Medium,Monday,Cloudy
2025-02-10 23:00:00,7,132,119,Low,Monday,Rainy
2025-02-11 00:00:00,8,187,9,Low,Tuesday,Clear
2025-02-11 01:00:00,9,180,58,Low,Tuesday,Clear
2025-02-11 02:00:00,10,115,114,Medium,Tuesday,Clear
2025-02-11 03:00:00,9,178,34,Low,Tuesday,Clear
2025-02-11 04:00:00,3,188,55,Medium,Tuesday,Clear
2025-02-11 05:00:00,5,136,31,Medium,Tuesday,Rainy
2025-02-11 06:00:00,8,81,11,Low,Tuesday,Rainy
2025-02-11 07:00:00,8,198,141,High,Tuesday,Clear
2025-02-11 08:00:00,6,179,15,Medium,Tuesday,Cloudy
2025-02-11 09:00:00,8,135,20,Medium,Tuesday,Rainy
2025-02-11 10:00:00,3,172,137,Medium,Tuesday,Cloudy
2025-02-11 11:00:00,5,107,104,Medium,Tuesday,Rainy
2025-02-11 12:00:00,2,121,16,Low,Tuesday,Clear
2025-02-11 13:00:00,2,194,38,Low,Tuesday,Clear
2025-02-11 14:00:00,2,82,40,Medium,Tuesday,Cloudy
2025-02-11 15:00:00,8,94,46,Medium,Tuesday,Clear
2025-02-11 16:00:00,10,104,83,Medium,Tuesday,Clear
2025-02-11 17:00:00,1,168,120,Medium,Tuesday,Clear
2025-02-11 18:00:00,10,186,144,High,Tuesday,Rainy
2025-02-11 19:00:00,1,99,69,Medium,Tuesday,Clear
2025-02-11 20:00:00,3,85,18,Medium,Tuesday,Rainy
2025-02-11 21:00:00,2,179,90,Low,Tuesday,Clear
2025-02-11 22:00:00,5,115,103,Low,Tuesday,Rainy
2025-02-11 23:00:00,7,113,96,Low,Tuesday,Clear
2025-02-12 00:00:00,1,170,43,Low,Wednesday,Cloudy
2025-02-12 01:00:00,7,156,57,Medium,Wednesday,Clear
2025-02-12 02:00:00,7,106,74,Low,Wednesday,Clear
2025-02-12 03:00:00,3,190,70,Low,Wednesday,Clear
2025-02-12 04:00:00,9,95,38,Medium,Wednesday,Clear
2025-02-12 05:00:00,7,120,25,Medium,Wednesday,Clear
2025-02-12 06:00:00,7,181,123,Medium,Wednesday,Cloudy
2025-02-12 07:00:00,6,95,73,High,Wednesday,Cloudy
2025-02-12 08:00:00,3,115,60,High,Wednesday,Clear
2025-02-12 09:00:00,6,165,100,High,Wednesday,Clear
2025-02-12 10:00:00,1,109,71,High,Wednesday,Clear
2025-02-12 11:00:00,4,102,19,Low,Wednesday,Cloudy
2025-02-12 12:00:00,10,138,5,Low,Wednesday,Cloudy
2025-02-12 13:00:00,10,125,6,Low,Wednesday,Cloudy
2025-02-12 14:00:00,8,182,155,Medium,Wednesday,Clear
2025-02-12 15:00:00,1,83,25,Medium,Wednesday,Clear
2025-02-12 16:00:00,5,169,83,Medium,Wednesday,Clear
2025-02-12 17:00:00,2,159,149,Medium,Wednesday,Rainy
2025-02-12 18:00:00,4,169,76,Medium,Wednesday,Clear
2025-02-12 19:00:00,6,147,91,High,Wednesday,Clear
2025-02-12 20:00:00,8,138,122,Medium,Wednesday,Cloudy
2025-02-12 21:00:00,7,189,62,Low,Wednesday,Cloudy
2025-02-12 22:00:00,3,100,49,Medium,Wednesday,Clear
2025-02-12 23:00:00,8,137,51,Low,Wednesday,Clear
2025-02-13 00:00:00,4,140,77,Low,Thursday,Cloudy
2025-02-13 01:00:00,5,188,13,Low,Thursday,Rainy
2025-02-13 02:00:00,10,103,64,Low,Thursday,Cloudy
2025-02-13 03:00:00,8,83,76,Low,Thursday,Cloudy
2025-02-13 04:00:00,1,167,147,Low,Thursday,Cloudy
2025-02-13 05:00:00,1,177,75,Low,Thursday,Rainy
2025-02-13 06:00:00,2,147,60,Low,Thursday,Clear
2025-02-13 07:00:00,9,89,73,High,Thursday,Clear
2025-02-13 08:00:00,4,110,91,High,Thursday,Clear
2025-02-13 09:00:00,6,95,39,High,Thursday,Rainy
2025-02-13 10:00:00,1,80,55,Medium,Thursday,Rainy
2025-02-13 11:00:00,2,159,99,Low,Thursday,Cloudy
2025-02-13 12:00:00,2,119,39,Medium,Thursday,Clear
2025-02-13 13:00:00,4,106,58,Low,Thursday,Clear
2025-02-13 14:00:00,8,141,123,Low,Thursday,Cloudy
2025-02-13 15:00:00,10,168,15,Medium,Thursday,Rainy
2025-02-13 16:00:00,4,127,87,Low,Thursday,Cloudy
2025-02-13 17:00:00,8,141,95,Medium,Thursday,Clear
2025-02-13 18:00:00,1,170,54,High,Thursday,Cloudy
2025-02-13 19:00:00,3,194,12,High,Thursday,Clear
2025-02-13 20:00:00,5,82,3,High,Thursday,Cloudy
2025-02-13 21:00:00,5,153,104,Low,Thursday,Clear
2025-02-13 22:00:00,7,114,81,Low,Thursday,Clear
2025-02-13 23:00:00,1,112,11,Low,Thursday,Cloudy
2025-02-14 00:00:00,2,156,102,Low,Friday,Clear
2025-02-14 01:00:00,8,165,98,Medium,Friday,Cloudy
2025-02-14 02:00:00,7,146,60,Low,Friday,Clear
2025-02-14 03:00:00,6,140,32,Low,Friday,Clear
2025-02-14 04:00:00,6,109,1,Medium,Friday,Clear
2025-02-14 05:00:00,8,88,63,Medium,Friday,Clear
2025-02-14 06:00:00,4,164,43,Low,Friday,Clear
2025-02-14 07:00:00,7,176,23,High,Friday,Rainy
2025-02-14 08:00:00,9,137,1,High,Friday,Cloudy
2025-02-14 09:00:00,9,108,62,High,Friday,Cloudy
2025-02-14 10:00:00,3,115,55,Medium,Friday,Rainy
2025-02-14 11:00:00,2,80,50,Medium,Friday,Clear
2025-02-14 12:00:00,1,133,35,Low,Friday,Clear
2025-02-14 13:00:00,9,190,64,Low,Friday,Rainy
2025-02-14 14:00:00,8,195,27,Medium,Friday,Clear
2025-02-14 15:00:00,8,154,142,Medium,Friday,Rainy
2025-02-14 16:00:00,1,83,9,Medium,Friday,Cloudy
2025-02-14 17:00:00,5,190,139,High,Friday,Cloudy
2025-02-14 18:00:00,9,145,87,High,Friday,Clear
2025-02-14 19:00:00,1,105,91,Medium,Friday,Clear
2025-02-14 20:00:00,5,92,30,High,Friday,Cloudy
2025-02-14 21:00:00,6,140,127,Medium,Friday,Cloudy
2025-02-14 22:00:00,8,154,95,Low,Friday,Clear
2025-02-14 23:00:00,3,137,77,Low,Friday,Rainy
2025-02-15 00:00:00,5,192,146,Low,Saturday,Cloudy
2025-02-15 01:00:00,10,102,16,Low,Saturday,Rainy
2025-02-15 02:00:00,8,189,68,Medium,Saturday,Clear
2025-02-15 03:00:00,6,173,142,Low,Saturday,Clear
2025-02-15 04:00:00,1,154,139,Medium,Saturday,Clear
2025-02-15 05:00:00,5,139,1,Low,Saturday,Clear
2025-02-15 06:00:00,10,136,59,Low,Saturday,Clear
2025-02-15 07:00:00,5,130,71,High,Saturday,Clear
2025-02-15 08:00:00,1,191,154,Medium,Saturday,Cloudy
2025-02-15 09:00:00,3,147,117,High,Saturday,Clear
2025-02-15 10:00:00,6,199,41,High,Saturday,Clear
2025-02-15 11:00:00,6,112,41,Low,Saturday,Cloudy
2025-02-15 12:00:00,4,116,48,Low,Saturday,Clear
2025-02-15 13:00:00,1,153,68,Low,Saturday,Clear
2025-02-15 14:00:00,1,195,67,Low,Saturday,Clear
2025-02-15 15:00:00,2,177,105,Low,Saturday,Clear
2025-02-15 16:00:00,10,115,2,Medium,Saturday,Clear
2025-02-15 17:00:00,10,185,22,Medium,Saturday,Rainy
2025-02-15 18:00:00,3,85,10,High,Saturday,Clear
2025-02-15 19:00:00,2,174,172,High,Saturday,Cloudy
2025-02-15 20:00:00,1,123,104,Medium,Saturday,Clear
2025-02-15 21:00:00,2,177,134,Medium,Saturday,Cloudy
2025-02-15 22:00:00,7,149,117,Medium,Saturday,Rainy
2025-02-15 23:00:00,4,108,101,Medium,Saturday,Cloudy
2025-02-16 00:00:00,5,89,37,Low,Sunday,Cloudy
2025-02-16 01:00:00,4,181,143,Low,Sunday,Rainy
2025-02-16 02:00:00,7,187,81,Low,Sunday,Rainy
2025-02-16 03:00:00,5,141,102,Low,Sunday,Cloudy
2025-02-16 04:00:00,3,189,65,Medium,Sunday,Cloudy
2025-02-16 05:00:00,4,174,5,Medium,Sunday,Clear
2025-02-16 06:00:00,7,175,70,Medium,Sunday,Rainy
2025-02-16 07:00:00,4,137,78,High,Sunday,Clear
2025-02-16 08:00:00,4,145,136,Medium,Sunday,Rainy
2025-02-16 09:00:00,9,98,72,Medium,Sunday,Clear
2025-02-16 10:00:00,2,135,77,High,Sunday,Rainy
2025-02-16 11:00:00,4,147,24,Medium,Sunday,Clear
2025-02-16 12:00:00,4,85,48,Medium,Sunday,Clear
2025-02-16 13:00:00,2,161,85,Medium,Sunday,Rainy
2025-02-16 14:00:00,6,118,117,Low,Sunday,Clear
2025-02-16 15:00:00,4,107,107,Low,Sunday,Rainy
2025-02-16 16:00:00,7,186,64,Low,Sunday,Clear
2025-02-16 17:00:00,5,87,78,Medium,Sunday,Clear
2025-02-16 18:00:00,9,199,32,Medium,Sunday,Clear
2025-02-16 19:00:00,6,187,59,High,Sunday,Cloudy
2025-02-16 20:00:00,8,187,159,Medium,Sunday,Clear
2025-02-16 21:00:00,2,198,85,Low,Sunday,Clear
2025-02-16 22:00:00,9,139,63,Low,Sunday,Clear
2025-02-16 23:00:00,3,184,152,Low,Sunday,Clear
2025-02-17 00:00:00,1,175,143,Low,Monday,Cloudy
2025-02-17 01:00:00,1,198,64,Medium,Monday,Clear
2025-02-17 02:00:00,5,176,121,Low,Monday,Cloudy
2025-02-17 03:00:00,3,177,151,Low,Monday,Cloudy
2025-02-17 04:00:00,2,185,58,Medium,Monday,Rainy
2025-02-17 05:00:00,3,170,71,Medium,Monday,Cloudy
2025-02-17 06:00:00,3,128,102,Medium,Monday,Clear
2025-02-17 07:00:00,4,110,91,High,Monday,Rainy
2025-02-17 08:00:00,5,168,83,Medium,Monday,Rainy
2025-02-17 09:00:00,8,183,168,High,Monday,Clear
2025-02-17 10:00:00,6,124,41,Medium,Monday,Clear
2025-02-17 11:00:00,2,138,56,Low,Monday,Clear
2025-02-17 12:00:00,4,133,43,Medium,Monday,Cloudy
2025-02-17 13:00:00,2,161,14,Medium,Monday,Cloudy
2025-02-17 14:00:00,1,161,96,Low,Monday,Clear
2025-02-17 15:00:00,2,124,103,Low,Monday,Cloudy
2025-02-17 16:00:00,5,113,40,Low,Monday,Clear
2025-02-17 17:00:00,1,136,32,Medium,Monday,Clear
2025-02-17 18:00:00,3,85,59,High,Monday,Clear
2025-02-17 19:00:00,2,126,95,High,Monday,Cloudy
2025-02-17 20:00:00,4,86,28,High,Monday,Clear
2025-02-17 21:00:00,2,183,175,Low,Monday,Rainy
2025-02-17 22:00:00,5,172,25,Low,Monday,Clear
2025-02-17 23:00:00,8,100,87,Medium,Monday,Cloudy
2025-02-18 00:00:00,6,81,33,Medium,Tuesday,Cloudy
2025-02-18 01:00:00,7,161,145,Medium,Tuesday,Rainy
2025-02-18 02:00:00,10,151,108,Low,Tuesday,Cloudy
2025-02-18 03:00:00,3,116,114,Low,Tuesday,Cloudy
2025-02-18 04:00:00,6,101,26,Low,Tuesday,Clear
2025-02-18 05:00:00,3,184,76,Medium,Tuesday,Clear
2025-02-18 06:00:00,3,121,77,Medium,Tuesday,Clear
2025-02-18 07:00:00,2,121,102,High,Tuesday,Clear
2025-02-18 08:00:00,4,100,92,High,Tuesday,Clear
2025-02-18 09:00:00,9,142,105,High,Tuesday,Clear
2025-02-18 10:00:00,4,154,50,High,Tuesday,Clear
2025-02-18 11:00:00,1,87,49,Low,Tuesday,Clear
2025-02-18 12:00:00,8,135,29,Low,Tuesday,Clear
2025-02-18 13:00:00,4,141,68,Low,Tuesday,Clear
2025-02-18 14:00:00,9,152,48,Low,Tuesday,Clear
2025-02-18 15:00:00,3,193,104,Low,Tuesday,Clear
2025-02-18 16:00:00,5,165,37,Low,Tuesday,Clear
2025-02-18 17:00:00,4,134,86,Medium,Tuesday,Clear
2025-02-18 18:00:00,2,135,55,High,Tuesday,Clear
2025-02-18 19:00:00,7,102,72,High,Tuesday,Cloudy
2025-02-18 20:00:00,6,95,45,Medium,Tuesday,Rainy
2025-02-18 21:00:00,9,169,64,Medium,Tuesday,Rainy
2025-02-18 22:00:00,5,122,59,Medium,Tuesday,Clear
2025-02-18 23:00:00,4,113,69,Medium,Tuesday,Rainy
2025-02-19 00:00:00,7,179,12,Medium,Wednesday,Cloudy
2025-02-19 01:00:00,6,118,59,Medium,Wednesday,Clear
2025-02-19 02:00:00,4,197,18,Low,Wednesday,Clear
2025-02-19 03:00:00,8,110,74,Low,Wednesday,Clear
2025-02-19 04:00:00,9,188,27,Low,Wednesday,Cloudy
2025-02-19 05:00:00,9,121,2,Medium,Wednesday,Rainy
2025-02-19 06:00:00,4,157,115,Medium,Wednesday,Clear
2025-02-19 07:00:00,8,166,14,Medium,Wednesday,Cloudy
2025-02-19 08:00:00,9,115,111,High,Wednesday,Clear
2025-02-19 09:00:00,6,153,113,High,Wednesday,Clear
2025-02-19 10:00:00,8,188,134,High,Wednesday,Clear
2025-02-19 11:00:00,3,171,60,Medium,Wednesday,Clear
2025-02-19 12:00:00,8,110,4,Medium,Wednesday,Cloudy
2025-02-19 13:00:00,9,92,66,Low,Wednesday,Rainy
2025-02-19 14:00:00,1,142,45,Low,Wednesday,Clear
2025-02-19 15:00:00,8,94,89,Low,Wednesday,Rainy
2025-02-19 16:00:00,5,178,73,Medium,Wednesday,Cloudy
2025-02-19 17:00:00,9,178,126,Medium,Wednesday,Clear
2025-02-19 18:00:00,5,156,24,High,Wednesday,Clear
2025-02-19 19:00:00,5,185,79,Medium,Wednesday,Cloudy
2025-02-19 20:00:00,1,192,18,High,Wednesday,Clear
2025-02-19 21:00:00,5,177,14,Medium,Wednesday,Clear
2025-02-19 22:00:00,9,155,75,Medium,Wednesday,Cloudy
2025-02-19 23:00:00,1,200,170,Low,Wednesday,Cloudy
2025-02-20 00:00:00,1,139,77,Low,Thursday,Clear
2025-02-20 01:00:00,5,171,142,Low,Thursday,Clear
2025-02-20 02:00:00,8,134,18,Low,Thursday,Cloudy
2025-02-20 03:00:00,4,166,30,Low,Thursday,Clear
2025-02-20 04:00:00,8,180,74,Low,Thursday,Clear
2025-02-20 05:00:00,8,133,121,Medium,Thursday,Clear
2025-02-20 06:00:00,3,186,173,Low,Thursday,Clear
2025-02-20 07:00:00,3,135,43,Medium,Thursday,Cloudy
2025-02-20 08:00:00,2,146,110,Medium,Thursday,Clear
2025-02-20 09:00:00,8,170,85,High,Thursday,Cloudy
2025-02-20 10:00:00,1,146,84,High,Thursday,Clear
2025-02-20 11:00:00,8,144,22,Medium,Thursday,Clear
2025-02-20 12:00:00,6,159,97,Low,Thursday,Clear
2025-02-20 13:00:00,10,138,91,Low,Thursday,Cloudy
2025-02-20 14:00:00,8,100,96,Low,Thursday,Clear
2025-02-20 15:00:00,2,193,125,Medium,Thursday,Cloudy
2025-02-20 16:00:00,2,123,5,Low,Thursday,Clear
2025-02-20 17:00:00,3,169,20,High,Thursday,Cloudy
2025-02-20 18:00:00,5,95,9,High,Thursday,Clear
2025-02-20 19:00:00,2,104,101,High,Thursday,Clear
2025-02-20 20:00:00,5,140,38,High,Thursday,Clear
2025-02-20 21:00:00,6,83,17,Medium,Thursday,Clear
2025-02-20 22:00:00,9,88,6,Low,Thursday,Clear
2025-02-20 23:00:00,3,189,94,Low,Thursday,Clear
2025-02-21 00:00:00,2,100,2,Medium,Friday,Clear
2025-02-21 01:00:00,7,147,110,Low,Friday,Clear
2025-02-21 02:00:00,4,127,18,Low,Friday,Rainy
2025-02-21 03:00:00,1,126,56,Low,Friday,Rainy
2025-02-21 04:00:00,4,142,42,Low,Friday,Clear
2025-02-21 05:00:00,10,99,31,Low,Friday,Clear
2025-02-21 06:00:00,6,176,29,Low,Friday,Clear
2025-02-21 07:00:00,2,192,52,High,Friday,Clear
2025-02-21 08:00:00,4,125,50,Medium,Friday,Clear
2025-02-21 09:00:00,8,139,92,High,Friday,Cloudy
2025-02-21 10:00:00,2,140,100,High,Friday,Cloudy
2025-02-21 11:00:00,2,196,50,Low,Friday,Clear
2025-02-21 12:00:00,8,138,85,Medium,Friday,Clear
2025-02-21 13:00:00,10,86,60,Medium,Friday,Clear
2025-02-21 14:00:00,5,160,80,Medium,Friday,Cloudy
2025-02-21 15:00:00,3,194,17,Low,Friday,Clear
2025-02-21 16:00:00,1,143,27,Low,Friday,Rainy
2025-02-21 17:00:00,4,194,77,High,Friday,Clear
2025-02-21 18:00:00,3,151,141,High,Friday,Cloudy
2025-02-21 19:00:00,5,167,124,Medium,Friday,Clear
2025-02-21 20:00:00,1,100,5,Medium,Friday,Cloudy
2025-02-21 21:00:00,1,146,53,Low,Friday,Clear
2025-02-21 22:00:00,10,137,88,Low,Friday,Clear
2025-02-21 23:00:00,4,175,108,Low,Friday,Cloudy
2025-02-22 00:00:00,9,106,2,Medium,Saturday,Cloudy
2025-02-22 01:00:00,4,126,73,Low,Saturday,Rainy
2025-02-22 02:00:00,1,150,63,Medium,Saturday,Cloudy
2025-02-22 03:00:00,5,186,3,Low,Saturday,Clear
2025-02-22 04:00:00,5,157,61,Medium,Saturday,Clear
2025-02-22 05:00:00,1,128,44,Medium,Saturday,Clear
2025-02-22 06:00:00,3,139,80,Medium,Saturday,Cloudy
2025-02-22 07:00:00,6,138,98,High,Saturday,Clear
2025-02-22 08:00:00,6,130,84,Medium,Saturday,Clear
2025-02-22 09:00:00,9,174,102,High,Saturday,Rainy
2025-02-22 10:00:00,3,182,177,High,Saturday,Clear
2025-02-22 11:00:00,8,187,94,Low,Saturday,Rainy
2025-02-22 12:00:00,4,136,86,Low,Saturday,Cloudy
2025-02-22 13:00:00,7,181,35,Low,Saturday,Rainy
2025-02-22 14:00:00,2,125,64,Low,Saturday,Cloudy
2025-02-22 15:00:00,1,128,128,Low,Saturday,Cloudy
2025-02-22 16:00:00,3,177,60,Medium,Saturday,Clear
2025-02-22 17:00:00,3,103,72,High,Saturday,Cloudy
2025-02-22 18:00:00,6,148,8,High,Saturday,Cloudy
2025-02-22 19:00:00,6,152,105,Medium,Saturday,Rainy
2025-02-22 20:00:00,2,96,1,Medium,Saturday,Clear
2025-02-22 21:00:00,3,198,193,Low,Saturday,Clear
2025-02-22 22:00:00,9,81,2,Low,Saturday,Clear
2025-02-22 23:00:00,8,131,15,Low,Saturday,Clear
2025-02-23 00:00:00,4,125,21,Low,Sunday,Rainy
2025-02-23 01:00:00,8,160,2,Low,Sunday,Cloudy
2025-02-23 02:00:00,4,118,80,Medium,Sunday,Clear
2025-02-23 03:00:00,2,192,154,Low,Sunday,Clear
2025-02-23 04:00:00,1,84,71,Low,Sunday,Clear
2025-02-23 05:00:00,2,195,141,Low,Sunday,Clear
2025-02-23 06:00:00,1,106,99,Low,Sunday,Clear
2025-02-23 07:00:00,9,188,132,High,Sunday,Clear
2025-02-23 08:00:00,9,155,97,High,Sunday,Clear
2025-02-23 09:00:00,6,85,76,High,Sunday,Clear
2025-02-23 10:00:00,4,196,62,High,Sunday,Clear
2025-02-23 11:00:00,4,118,115,Low,Sunday,Clear
2025-02-23 12:00:00,2,187,172,Low,Sunday,Clear
2025-02-23 13:00:00,1,110,99,Medium,Sunday,Clear
2025-02-23 14:00:00,7,104,77,Medium,Sunday,Cloudy
2025-02-23 15:00:00,2,155,55,Low,Sunday,Rainy
2025-02-23 16:00:00,7,125,23,Low,Sunday,Clear
2025-02-23 17:00:00,10,97,75,Medium,Sunday,Clear
2025-02-23 18:00:00,6,181,97,High,Sunday,Clear
2025-02-23 19:00:00,8,149,14,High,Sunday,Clear
2025-02-23 20:00:00,1,135,25,High,Sunday,Clear
2025-02-23 21:00:00,2,142,14,Low,Sunday,Cloudy
2025-02-23 22:00:00,5,170,108,Low,Sunday,Clear
2025-02-23 23:00:00,10,105,31,Low,Sunday,Clear
2025-02-24 00:00:00,6,93,92,Low,Monday,Clear
2025-02-24 01:00:00,2,100,78,Medium,Monday,Rainy
2025-02-24 02:00:00,7,84,8,Medium,Monday,Clear
2025-02-24 03:00:00,6,159,22,Low,Monday,Clear
2025-02-24 04:00:00,5,115,110,Medium,Monday,Cloudy
2025-02-24 05:00:00,5,138,131,Medium,Monday,Clear
2025-02-24 06:00:00,5,141,3,Low,Monday,Rainy
2025-02-24 07:00:00,8,120,45,High,Monday,Clear
2025-02-24 08:00:00,3,82,39,High,Monday,Clear
2025-02-24 09:00:00,3,151,104,High,Monday,Cloudy
2025-02-24 10:00:00,7,154,129,High,Monday,Clear
2025-02-24 11:00:00,6,171,42,Medium,Monday,Cloudy
2025-02-24 12:00:00,4,93,16,Low,Monday,Rainy
2025-02-24 13:00:00,1,92,16,Medium,Monday,Clear
2025-02-24 14:00:00,9,179,161,Medium,Monday,Cloudy
2025-02-24 15:00:00,9,155,89,Low,Monday,Cloudy
2025-02-24 16:00:00,2,144,128,Low,Monday,Cloudy
2025-02-24 17:00:00,9,116,67,High,Monday,Clear
2025-02-24 18:00:00,8,110,0,Medium,Monday,Cloudy
2025-02-24 19:00:00,6,86,5,High,Monday,Clear
2025-02-24 20:00:00,8,175,117,High,Monday,Clear
2025-02-24 21:00:00,10,192,84,Low,Monday,Cloudy
2025-02-24 22:00:00,5,186,87,Medium,Monday,Clear
2025-02-24 23:00:00,1,198,49,Low,Monday,Clear
2025-02-25 00:00:00,8,196,138,Medium,Tuesday,Clear
2025-02-25 01:00:00,3,183,155,Medium,Tuesday,Clear
2025-02-25 02:00:00,4,81,58,Low,Tuesday,Rainy
2025-02-25 03:00:00,10,97,42,Low,Tuesday,Clear
2025-02-25 04:00:00,6,121,44,Low,Tuesday,Clear
2025-02-25 05:00:00,5,178,38,Medium,Tuesday,Cloudy
2025-02-25 06:00:00,1,81,12,Low,Tuesday,Cloudy
2025-02-25 07:00:00,5,118,10,Medium,Tuesday,Clear
2025-02-25 08:00:00,6,160,97,Medium,Tuesday,Clear
2025-02-25 09:00:00,9,92,32,High,Tuesday,Cloudy
2025-02-25 10:00:00,2,144,143,High,Tuesday,Clear
2025-02-25 11:00:00,5,132,48,Medium,Tuesday,Clear
2025-02-25 12:00:00,9,166,47,Low,Tuesday,Cloudy
2025-02-25 13:00:00,1,112,89,Medium,Tuesday,Cloudy
2025-02-25 14:00:00,2,160,158,Low,Tuesday,Clear
2025-02-25 15:00:00,2,107,22,Low,Tuesday,Clear
2025-02-25 16:00:00,9,197,179,Medium,Tuesday,Clear
2025-02-25 17:00:00,10,114,49,High,Tuesday,Clear
2025-02-25 18:00:00,5,104,40,High,Tuesday,Rainy
2025-02-25 19:00:00,10,178,140,High,Tuesday,Clear
2025-02-25 20:00:00,1,82,76,Medium,Tuesday,Cloudy
2025-02-25 21:00:00,4,110,52,Low,Tuesday,Cloudy
2025-02-25 22:00:00,1,110,12,Low,Tuesday,Clear
2025-02-25 23:00:00,8,149,28,Low,Tuesday,Rainy
2025-02-26 00:00:00,1,143,82,Medium,Wednesday,Rainy
2025-02-26 01:00:00,9,192,179,Low,Wednesday,Rainy
2025-02-26 02:00:00,2,168,43,Medium,Wednesday,Rainy
2025-02-26 03:00:00,3,86,42,Low,Wednesday,Cloudy
2025-02-26 04:00:00,9,157,123,Medium,Wednesday,Rainy
2025-02-26 05:00:00,6,97,70,Low,Wednesday,Clear
2025-02-26 06:00:00,9,117,54,Medium,Wednesday,Rainy
2025-02-26 07:00:00,3,162,24,Medium,Wednesday,Clear
2025-02-26 08:00:00,2,99,4,Medium,Wednesday,Clear
2025-02-26 09:00:00,4,146,94,Medium,Wednesday,Clear
2025-02-26 10:00:00,6,136,60,High,Wednesday,Clear
2025-02-26 11:00:00,1,103,76,Low,Wednesday,Rainy
2025-02-26 12:00:00,3,97,14,Medium,Wednesday,Clear
2025-02-26 13:00:00,6,176,50,Low,Wednesday,Clear
2025-02-26 14:00:00,9,140,103,Medium,Wednesday,Clear
2025-02-26 15:00:00,7,113,48,Low,Wednesday,Clear
2025-02-26 16:00:00,3,187,140,Low,Wednesday,Rainy
2025-02-26 17:00:00,8,131,70,High,Wednesday,Cloudy
2025-02-26 18:00:00,8,98,7,Medium,Wednesday,Cloudy
2025-02-26 19:00:00,2,122,9,High,Wednesday,Rainy
2025-02-26 20:00:00,9,177,76,High,Wednesday,Clear
2025-02-26 21:00:00,5,152,52,Medium,Wednesday,Clear
2025-02-26 22:00:00,10,121,17,Low,Wednesday,Cloudy
2025-02-26 23:00:00,4,156,72,Medium,Wednesday,Cloudy
2025-02-27 00:00:00,4,189,126,Medium,Thursday,Cloudy
2025-02-27 01:00:00,3,81,21,Low,Thursday,Cloudy
2025-02-27 02:00:00,10,173,17,Medium,Thursday,Clear
2025-02-27 03:00:00,1,137,68,Medium,Thursday,Cloudy
2025-02-27 04:00:00,5,190,157,Medium,Thursday,Cloudy
2025-02-27 05:00:00,7,156,153,Medium,Thursday,Rainy
2025-02-27 06:00:00,5,144,11,Low,Thursday,Rainy
2025-02-27 07:00:00,4,140,87,High,Thursday,Clear
2025-02-27 08:00:00,3,113,91,High,Thursday,Clear
2025-02-27 09:00:00,4,170,144,High,Thursday,Cloudy
2025-02-27 10:00:00,2,123,72,Medium,Thursday,Clear
2025-02-27 11:00:00,2,119,20,Low,Thursday,Clear
2025-02-27 12:00:00,3,136,33,Low,Thursday,Rainy
2025-02-27 13:00:00,8,174,25,Medium,Thursday,Clear
2025-02-27 14:00:00,3,103,78,Low,Thursday,Rainy
2025-02-27 15:00:00,8,184,137,Medium,Thursday,Cloudy
2025-02-27 16:00:00,1,102,25,Medium,Thursday,Cloudy
2025-02-27 17:00:00,2,156,102,High,Thursday,Cloudy
2025-02-27 18:00:00,9,146,97,High,Thursday,Clear
2025-02-27 19:00:00,1,169,0,Medium,Thursday,Rainy
2025-02-27 20:00:00,6,138,40,High,Thursday,Clear
2025-02-27 21:00:00,3,96,77,Low,Thursday,Clear
2025-02-27 22:00:00,9,177,5,Medium,Thursday,Rainy
2025-02-27 23:00:00,1,164,24,Low,Thursday,Clear
2025-02-28 00:00:00,5,131,13,Low,Friday,Rainy
2025-02-28 01:00:00,1,139,122,Low,Friday,Clear
2025-02-28 02:00:00,4,195,194,Medium,Friday,Clear
2025-02-28 03:00:00,9,158,130,Low,Friday,Clear
2025-02-28 04:00:00,2,85,9,Medium,Friday,Rainy
2025-02-28 05:00:00,7,175,39,Medium,Friday,Clear
2025-02-28 06:00:00,5,127,65,Low,Friday,Clear
2025-02-28 07:00:00,7,96,82,High,Friday,Clear
2025-02-28 08:00:00,10,80,26,High,Friday,Cloudy
2025-02-28 09:00:00,7,127,41,High,Friday,Clear
2025-02-28 10:00:00,5,190,79,Medium,Friday,Cloudy
2025-02-28 11:00:00,8,102,7,Low,Friday,Rainy
2025-02-28 12:00:00,3,162,3,Low,Friday,Clear
2025-02-28 13:00:00,10,179,111,Low,Friday,Clear
2025-02-28 14:00:00,9,108,40,Medium,Friday,Cloudy
2025-02-28 15:00:00,1,155,45,Low,Friday,Clear
2025-02-28 16:00:00,9,118,32,Low,Friday,Clear
2025-02-28 17:00:00,7,153,78,High,Friday,Clear
2025-02-28 18:00:00,3,81,45,High,Friday,Clear
2025-02-28 19:00:00,7,95,46,High,Friday,Clear
2025-02-28 20:00:00,10,179,165,High,Friday,Clear
2025-02-28 21:00:00,6,100,100,Low,Friday,Clear
2025-02-28 22:00:00,4,170,158,Low,Friday,Clear
2025-02-28 23:00:00,8,124,11,Low,Friday,Clear
2025-03-01 00:00:00,9,92,84,Medium,Saturday,Clear
2025-03-01 01:00:00,4,191,118,Medium,Saturday,Clear
2025-03-01 02:00:00,9,185,169,Medium,Saturday,Clear
2025-03-01 03:00:00,9,122,100,Medium,Saturday,Cloudy
2025-03-01 04:00:00,10,159,152,Low,Saturday,Clear
2025-03-01 05:00:00,10,132,42,Low,Saturday,Rainy
2025-03-01 06:00:00,5,149,40,Medium,Saturday,Clear
2025-03-01 07:00:00,5,165,11,High,Saturday,Rainy
2025-03-01 08:00:00,2,108,33,Medium,Saturday,Clear
2025-03-01 09:00:00,1,118,40,High,Saturday,Clear
2025-03-01 10:00:00,8,87,45,High,Saturday,Clear
2025-03-01 11:00:00,7,99,51,Low,Saturday,Cloudy
2025-03-01 12:00:00,3,86,20,Low,Saturday,Clear
2025-03-01 13:00:00,2,156,148,Medium,Saturday,Rainy
2025-03-01 14:00:00,1,89,76,Low,Saturday,Cloudy
2025-03-01 15:00:00,7,106,17,Low,Saturday,Clear
2025-03-01 16:00:00,2,100,7,Low,Saturday,Clear
2025-03-01 17:00:00,7,182,69,Medium,Saturday,Clear
2025-03-01 18:00:00,8,116,72,Medium,Saturday,Rainy
2025-03-01 19:00:00,2,198,175,Medium,Saturday,Clear
2025-03-01 20:00:00,6,111,35,High,Saturday,Clear
2025-03-01 21:00:00,3,121,50,Low,Saturday,Clear
2025-03-01 22:00:00,1,164,119,Low,Saturday,Clear
2025-03-01 23:00:00,3,96,61,Low,Saturday,Cloudy
2025-03-02 00:00:00,7,112,110,Low,Sunday,Clear
2025-03-02 01:00:00,7,171,171,Medium,Sunday,Clear
2025-03-02 02:00:00,4,156,36,Medium,Sunday,Clear
2025-03-02 03:00:00,6,111,30,Low,Sunday,Clear
2025-03-02 04:00:00,5,127,0,Low,Sunday,Cloudy
2025-03-02 05:00:00,8,195,154,Medium,Sunday,Clear
2025-03-02 06:00:00,4,182,114,Medium,Sunday,Clear
2025-03-02 07:00:00,3,116,95,Medium,Sunday,Cloudy
2025-03-02 08:00:00,7,193,5,Medium,Sunday,Clear
2025-03-02 09:00:00,10,103,44,High,Sunday,Clear
2025-03-02 10:00:00,2,98,35,High,Sunday,Clear
2025-03-02 11:00:00,6,106,70,Low,Sunday,Clear
2025-03-02 12:00:00,2,131,20,Low,Sunday,Clear
2025-03-02 13:00:00,10,128,20,Low,Sunday,Cloudy
2025-03-02 14:00:00,4,157,44,Low,Sunday,Cloudy
2025-03-02 15:00:00,2,197,20,Low,Sunday,Clear
2025-03-02 16:00:00,1,110,93,Low,Sunday,Cloudy
2025-03-02 17:00:00,8,199,117,High,Sunday,Clear
2025-03-02 18:00:00,4,196,184,Medium,Sunday,Cloudy
2025-03-02 19:00:00,10,159,64,High,Sunday,Rainy
2025-03-02 20:00:00,7,146,74,High,Sunday,Clear
2025-03-02 21:00:00,5,155,126,Medium,Sunday,Clear
2025-03-02 22:00:00,5,84,50,Low,Sunday,Clear
2025-03-02 23:00:00,4,151,27,Low,Sunday,Clear
2025-03-03 00:00:00,6,161,41,Low,Monday,Clear
2025-03-03 01:00:00,5,163,7,Low,Monday,Clear
2025-03-03 02:00:00,5,144,32,Medium,Monday,Rainy
2025-03-03 03:00:00,10,108,33,Low,Monday,Cloudy
2025-03-03 04:00:00,1,180,57,Medium,Monday,Clear
2025-03-03 05:00:00,1,135,25,Medium,Monday,Cloudy
2025-03-03 06:00:00,10,183,88,Low,Monday,Cloudy
2025-03-03 07:00:00,6,142,126,Medium,Monday,Clear
2025-03-03 08:00:00,1,190,83,High,Monday,Clear
2025-03-03 09:00:00,7,138,24,High,Monday,Rainy
2025-03-03 10:00:00,4,159,127,High,Monday,Rainy
2025-03-03 11:00:00,9,178,107,Low,Monday,Clear
2025-03-03 12:00:00,10,150,31,Medium,Monday,Rainy
2025-03-03 13:00:00,7,125,64,Low,Monday,Rainy
2025-03-03 14:00:00,3,115,62,Low,Monday,Clear
2025-03-03 15:00:00,2,133,105,Low,Monday,Cloudy
2025-03-03 16:00:00,8,88,67,Low,Monday,Clear
2025-03-03 17:00:00,8,157,113,High,Monday,Clear
2025-03-03 18:00:00,7,95,37,High,Monday,Clear
2025-03-03 19:00:00,8,159,118,High,Monday,Cloudy
2025-03-03 20:00:00,6,194,176,High,Monday,Clear
2025-03-03 21:00:00,10,188,108,Medium,Monday,Clear
2025-03-03 22:00:00,9,171,9,Low,Monday,Clear
2025-03-03 23:00:00,9,99,61,Medium,Monday,Clear
2025-03-04 00:00:00,2,144,127,Low,Tuesday,Clear
2025-03-04 01:00:00,5,154,53,Low,Tuesday,Cloudy
2025-03-04 02:00:00,7,90,84,Medium,Tuesday,Clear
2025-03-04 03:00:00,5,133,24,Low,Tuesday,Cloudy
2025-03-04 04:00:00,3,190,38,Low,Tuesday,Rainy
2025-03-04 05:00:00,8,176,35,Medium,Tuesday,Cloudy
2025-03-04 06:00:00,9,84,69,Medium,Tuesday,Clear
2025-03-04 07:00:00,6,147,100,High,Tuesday,Clear
2025-03-04 08:00:00,8,120,69,High,Tuesday,Cloudy
2025-03-04 09:00:00,10,89,25,Medium,Tuesday,Clear
2025-03-04 10:00:00,10,135,100,High,Tuesday,Cloudy
2025-03-04 11:00:00,7,80,15,Low,Tuesday,Rainy
2025-03-04 12:00:00,10,115,1,Medium,Tuesday,Clear
2025-03-04 13:00:00,10,108,54,Low,Tuesday,Clear
2025-03-04 14:00:00,4,174,33,Low,Tuesday,Clear
2025-03-04 15:00:00,10,137,46,Medium,Tuesday,Clear
2025-03-04 16:00:00,4,161,90,Low,Tuesday,Cloudy
2025-03-04 17:00:00,8,149,90,High,Tuesday,Cloudy
2025-03-04 18:00:00,3,177,139,High,Tuesday,Rainy
2025-03-04 19:00:00,9,198,165,High,Tuesday,Rainy
2025-03-04 20:00:00,2,187,153,High,Tuesday,Clear
2025-03-04 21:00:00,4,125,96,Medium,Tuesday,Rainy
2025-03-04 22:00:00,3,85,4,Low,Tuesday,Cloudy
2025-03-04 23:00:00,2,104,64,Low,Tuesday,Cloudy
2025-03-05 00:00:00,8,191,24,Low,Wednesday,Clear
2025-03-05 01:00:00,9,165,6,Low,Wednesday,Cloudy
2025-03-05 02:00:00,8,93,4,Low,Wednesday,Cloudy
2025-03-05 03:00:00,6,103,32,Medium,Wednesday,Cloudy
2025-03-05 04:00:00,8,114,107,Low,Wednesday,Clear
2025-03-05 05:00:00,8,173,88,Medium,Wednesday,Clear
2025-03-05 06:00:00,2,155,115,Medium,Wednesday,Clear
2025-03-05 07:00:00,6,155,84,High,Wednesday,Clear
2025-03-05 08:00:00,7,165,59,High,Wednesday,Clear
2025-03-05 09:00:00,6,171,138,High,Wednesday,Cloudy
2025-03-05 10:00:00,9,138,84,High,Wednesday,Clear
2025-03-05 11:00:00,9,125,97,Medium,Wednesday,Clear
2025-03-05 12:00:00,2,187,67,Medium,Wednesday,Clear
2025-03-05 13:00:00,6,146,142,Low,Wednesday,Cloudy
2025-03-05 14:00:00,3,121,106,Low,Wednesday,Clear
2025-03-05 15:00:00,10,87,68,Low,Wednesday,Clear
2025-03-05 16:00:00,6,95,80,Medium,Wednesday,Cloudy
2025-03-05 17:00:00,2,80,3,High,Wednesday,Clear
2025-03-05 18:00:00,9,174,69,High,Wednesday,Clear
2025-03-05 19:00:00,2,127,56,Medium,Wednesday,Clear
2025-03-05 20:00:00,8,122,4,Medium,Wednesday,Cloudy
2025-03-05 21:00:00,9,182,115,Low,Wednesday,Cloudy
2025-03-05 22:00:00,6,193,28,Low,Wednesday,Rainy
2025-03-05 23:00:00,1,156,1,Low,Wednesday,Clear
2025-03-06 00:00:00,2,160,136,Low,Thursday,Rainy
2025-03-06 01:00:00,10,109,102,Medium,Thursday,Clear
2025-03-06 02:00:00,6,167,104,Low,Thursday,Clear
2025-03-06 03:00:00,2,151,79,Low,Thursday,Clear
2025-03-06 04:00:00,5,190,63,Low,Thursday,Clear
2025-03-06 05:00:00,10,148,137,Low,Thursday,Clear
2025-03-06 06:00:00,9,111,70,Low,Thursday,Clear
2025-03-06 07:00:00,3,112,87,Medium,Thursday,Clear
2025-03-06 08:00:00,9,83,19,Medium,Thursday,Clear
2025-03-06 09:00:00,4,181,148,High,Thursday,Clear
2025-03-06 10:00:00,4,94,87,Medium,Thursday,Cloudy
2025-03-06 11:00:00,8,146,40,Medium,Thursday,Clear
2025-03-06 12:00:00,5,96,77,Medium,Thursday,Clear
2025-03-06 13:00:00,9,111,51,Low,Thursday,Rainy
2025-03-06 14:00:00,4,195,122,Low,Thursday,Cloudy
2025-03-06 15:00:00,4,103,51,Medium,Thursday,Clear
2025-03-06 16:00:00,2,169,103,Medium,Thursday,Clear
2025-03-06 17:00:00,8,107,102,Medium,Thursday,Clear
2025-03-06 18:00:00,6,173,107,High,Thursday,Clear
2025-03-06 19:00:00,6,103,90,High,Thursday,Rainy
2025-03-06 20:00:00,8,156,21,Medium,Thursday,Cloudy
2025-03-06 21:00:00,8,181,78,Medium,Thursday,Rainy
2025-03-06 22:00:00,4,120,115,Low,Thursday,Clear
2025-03-06 23:00:00,3,183,119,Medium,Thursday,Clear
2025-03-07 00:00:00,2,130,46,Low,Friday,Rainy
2025-03-07 01:00:00,3,92,34,Low,Friday,Cloudy
2025-03-07 02:00:00,10,137,106,Medium,Friday,Clear
2025-03-07 03:00:00,6,115,16,Low,Friday,Cloudy
2025-03-07 04:00:00,9,144,41,Low,Friday,Cloudy
2025-03-07 05:00:00,9,174,39,Low,Friday,Rainy
2025-03-07 06:00:00,9,97,85,Low,Friday,Rainy
2025-03-07 07:00:00,3,194,136,Medium,Friday,Cloudy
2025-03-07 08:00:00,3,135,57,Medium,Friday,Clear
2025-03-07 09:00:00,9,108,13,High,Friday,Clear
2025-03-07 10:00:00,5,128,29,High,Friday,Rainy
2025-03-07 11:00:00,2,153,25,Medium,Friday,Clear
2025-03-07 12:00:00,2,82,14,Low,Friday,Clear
2025-03-07 13:00:00,1,115,103,Low,Friday,Clear
2025-03-07 14:00:00,3,90,6,Medium,Friday,Cloudy
2025-03-07 15:00:00,2,108,100,Medium,Friday,Clear
2025-03-07 16:00:00,8,121,95,Low,Friday,Clear
2025-03-07 17:00:00,1,82,40,High,Friday,Clear
2025-03-07 18:00:00,3,152,109,High,Friday,Cloudy
2025-03-07 19:00:00,10,188,111,High,Friday,Clear
2025-03-07 20:00:00,4,160,32,Medium,Friday,Cloudy
2025-03-07 21:00:00,5,106,88,Low,Friday,Clear
2025-03-07 22:00:00,10,162,161,Low,Friday,Cloudy
2025-03-07 23:00:00,4,180,170,Low,Friday,Clear
2025-03-08 00:00:00,1,100,25,Low,Saturday,Clear
2025-03-08 01:00:00,1,139,77,Low,Saturday,Clear
2025-03-08 02:00:00,7,186,163,Medium,Saturday,Rainy
2025-03-08 03:00:00,5,157,24,Low,Saturday,Clear
2025-03-08 04:00:00,4,93,34,Low,Saturday,Clear
2025-03-08 05:00:00,4,94,55,Medium,Saturday,Clear
2025-03-08 06:00:00,2,176,81,Medium,Saturday,Cloudy
2025-03-08 07:00:00,1,133,30,High,Saturday,Clear
2025-03-08 08:00:00,8,91,59,Medium,Saturday,Rainy
2025-03-08 09:00:00,9,191,94,Medium,Saturday,Clear
2025-03-08 10:00:00,7,128,128,High,Saturday,Clear
2025-03-08 11:00:00,3,138,70,Low,Saturday,Cloudy
2025-03-08 12:00:00,9,88,24,Medium,Saturday,Clear
2025-03-08 13:00:00,9,193,94,Medium,Saturday,Rainy
2025-03-08 14:00:00,10,188,184,Low,Saturday,Rainy
2025-03-08 15:00:00,7,120,91,Low,Saturday,Clear
2025-03-08 16:00:00,5,128,99,Low,Saturday,Rainy
2025-03-08 17:00:00,2,114,31,High,Saturday,Cloudy
2025-03-08 18:00:00,9,117,83,High,Saturday,Clear
2025-03-08 19:00:00,6,179,98,High,Saturday,Rainy
2025-03-08 20:00:00,5,189,71,High,Saturday,Rainy
2025-03-08 21:00:00,4,120,24,Low,Saturday,Clear
2025-03-08 22:00:00,6,90,87,Low,Saturday,Rainy
2025-03-08 23:00:00,8,127,2,Low,Saturday,Cloudy
2025-03-09 00:00:00,7,103,50,Low,Sunday,Clear
2025-03-09 01:00:00,7,136,37,Low,Sunday,Clear
2025-03-09 02:00:00,10,118,100,Medium,Sunday,Clear
2025-03-09 03:00:00,4,84,64,Low,Sunday,Clear
2025-03-09 04:00:00,4,132,81,Low,Sunday,Rainy
2025-03-09 05:00:00,3,142,72,Medium,Sunday,Clear
2025-03-09 06:00:00,8,199,134,Low,Sunday,Cloudy
2025-03-09 07:00:00,4,127,118,Medium,Sunday,Clear
2025-03-09 08:00:00,10,106,80,High,Sunday,Cloudy
2025-03-09 09:00:00,10,151,10,High,Sunday,Clear
2025-03-09 10:00:00,6,196,64,High,Sunday,Clear
2025-03-09 11:00:00,10,195,83,Low,Sunday,Rainy
2025-03-09 12:00:00,9,170,44,Low,Sunday,Clear
2025-03-09 13:00:00,4,105,58,Low,Sunday,Clear
2025-03-09 14:00:00,9,121,30,Medium,Sunday,Cloudy
2025-03-09 15:00:00,6,100,98,Medium,Sunday,Clear
2025-03-09 16:00:00,10,111,71,Low,Sunday,Clear
2025-03-09 17:00:00,1,190,3,High,Sunday,Cloudy
2025-03-09 18:00:00,8,199,139,High,Sunday,Clear
2025-03-09 19:00:00,1,134,3,High,Sunday,Cloudy
2025-03-09 20:00:00,2,82,80,High,Sunday,Clear
2025-03-09 21:00:00,7,142,85,Medium,Sunday,Clear
2025-03-09 22:00:00,7,135,122,Low,Sunday,Rainy
2025-03-09 23:00:00,5,84,24,Low,Sunday,Clear
2025-03-10 00:00:00,6,174,100,Medium,Monday,Clear
2025-03-10 01:00:00,8,108,63,Medium,Monday,Clear
2025-03-10 02:00:00,7,93,31,Medium,Monday,Rainy
2025-03-10 03:00:00,1,105,8,Low,Monday,Cloudy
2025-03-10 04:00:00,2,173,81,Low,Monday,Clear
2025-03-10 05:00:00,7,193,30,Low,Monday,Clear
2025-03-10 06:00:00,7,162,38,Medium,Monday,Clear
2025-03-10 07:00:00,5,102,35,Medium,Monday,Rainy
2025-03-10 08:00:00,3,84,56,Medium,Monday,Clear
2025-03-10 09:00:00,3,130,42,High,Monday,Clear
2025-03-10 10:00:00,5,199,159,High,Monday,Clear
2025-03-10 11:00:00,5,195,163,Low,Monday,Clear
2025-03-10 12:00:00,4,189,66,Low,Monday,Clear
2025-03-10 13:00:00,2,176,66,Low,Monday,Rainy
2025-03-10 14:00:00,1,119,116,Medium,Monday,Cloudy
2025-03-10 15:00:00,7,97,59,Medium,Monday,Clear
2025-03-10 16:00:00,7,146,104,Low,Monday,Clear
2025-03-10 17:00:00,1,172,85,High,Monday,Cloudy
2025-03-10 18:00:00,10,136,104,High,Monday,Rainy
2025-03-10 19:00:00,9,107,90,High,Monday,Rainy
2025-03-10 20:00:00,10,158,91,High,Monday,Cloudy
2025-03-10 21:00:00,6,164,139,Low,Monday,Cloudy
2025-03-10 22:00:00,3,112,19,Low,Monday,Clear
2025-03-10 23:00:00,10,199,178,Low,Monday,Cloudy
2025-03-11 00:00:00,9,104,36,Low,Tuesday,Cloudy
2025-03-11 01:00:00,5,155,107,Low,Tuesday,Clear
2025-03-11 02:00:00,5,158,111,Medium,Tuesday,Clear
2025-03-11 03:00:00,1,94,84,Low,Tuesday,Clear
2025-03-11 04:00:00,3,189,116,Low,Tuesday,Rainy
2025-03-11 05:00:00,6,188,32,Low,Tuesday,Cloudy
2025-03-11 06:00:00,8,116,35,Medium,Tuesday,Cloudy
2025-03-11 07:00:00,8,88,28,Medium,Tuesday,Clear
2025-03-11 08:00:00,2,125,57,Medium,Tuesday,Clear
2025-03-11 09:00:00,4,197,177,Medium,Tuesday,Rainy
2025-03-11 10:00:00,3,169,122,High,Tuesday,Clear
2025-03-11 11:00:00,1,193,177,Low,Tuesday,Clear
2025-03-11 12:00:00,4,129,42,Low,Tuesday,Rainy
2025-03-11 13:00:00,3,167,167,Medium,Tuesday,Clear
2025-03-11 14:00:00,3,120,52,Low,Tuesday,Cloudy
2025-03-11 15:00:00,3,89,79,Low,Tuesday,Clear
2025-03-11 16:00:00,4,131,27,Medium,Tuesday,Cloudy
2025-03-11 17:00:00,6,184,34,Medium,Tuesday,Cloudy
2025-03-11 18:00:00,2,125,63,High,Tuesday,Clear
2025-03-11 19:00:00,8,169,74,Medium,Tuesday,Clear
2025-03-11 20:00:00,6,142,79,High,Tuesday,Clear
2025-03-11 21:00:00,4,90,16,Medium,Tuesday,Clear
2025-03-11 22:00:00,10,196,99,Low,Tuesday,Clear
2025-03-11 23:00:00,4,159,31,Low,Tuesday,Rainy
2025-03-12 00:00:00,1,184,46,Low,Wednesday,Cloudy
2025-03-12 01:00:00,7,119,43,Low,Wednesday,Cloudy
2025-03-12 02:00:00,4,118,69,Low,Wednesday,Cloudy
2025-03-12 03:00:00,7,84,66,Medium,Wednesday,Clear
2025-03-12 04:00:00,10,113,2,Low,Wednesday,Cloudy
2025-03-12 05:00:00,6,154,147,Medium,Wednesday,Clear
2025-03-12 06:00:00,2,133,121,Medium,Wednesday,Cloudy
2025-03-12 07:00:00,10,114,37,High,Wednesday,Clear
2025-03-12 08:00:00,4,146,1,High,Wednesday,Clear
2025-03-12 09:00:00,4,127,103,Medium,Wednesday,Clear
2025-03-12 10:00:00,10,141,4,Medium,Wednesday,Clear
2025-03-12 11:00:00,8,148,34,Low,Wednesday,Clear
2025-03-12 12:00:00,9,180,21,Medium,Wednesday,Clear
2025-03-12 13:00:00,5,114,106,Low,Wednesday,Clear
2025-03-12 14:00:00,8,197,179,Low,Wednesday,Clear
2025-03-12 15:00:00,9,114,76,Low,Wednesday,Clear
2025-03-12 16:00:00,10,98,97,Low,Wednesday,Clear
2025-03-12 17:00:00,5,188,180,High,Wednesday,Cloudy
2025-03-12 18:00:00,2,85,9,High,Wednesday,Clear
2025-03-12 19:00:00,6,197,19,High,Wednesday,Clear
2025-03-12 20:00:00,1,107,95,Medium,Wednesday,Clear
2025-03-12 21:00:00,4,99,68,Medium,Wednesday,Cloudy
2025-03-12 22:00:00,7,197,5,Low,Wednesday,Clear
2025-03-12 23:00:00,4,160,91,Low,Wednesday,Clear
2025-03-13 00:00:00,1,179,102,Low,Thursday,Clear
2025-03-13 01:00:00,4,121,53,Low,Thursday,Rainy
2025-03-13 02:00:00,7,118,81,Medium,Thursday,Cloudy
2025-03-13 03:00:00,10,172,78,Low,Thursday,Clear
2025-03-13 04:00:00,6,91,72,Low,Thursday,Cloudy
2025-03-13 05:00:00,2,191,41,Low,Thursday,Clear
2025-03-13 06:00:00,8,137,66,Low,Thursday,Clear
2025-03-13 07:00:00,4,144,100,Medium,Thursday,Clear
2025-03-13 08:00:00,5,98,91,High,Thursday,Rainy
2025-03-13 09:00:00,8,117,53,High,Thursday,Clear
2025-03-13 10:00:00,1,118,47,High,Thursday,Clear
2025-03-13 11:00:00,4,94,69,Low,Thursday,Clear
2025-03-13 12:00:00,6,155,123,Low,Thursday,Clear
2025-03-13 13:00:00,7,117,16,Medium,Thursday,Clear
2025-03-13 14:00:00,7,90,50,Low,Thursday,Clear
2025-03-13 15:00:00,8,167,128,Low,Thursday,Clear
2025-03-13 16:00:00,5,87,76,Medium,Thursday,Cloudy
2025-03-13 17:00:00,8,167,7,Medium,Thursday,Clear
2025-03-13 18:00:00,3,168,90,High,Thursday,Clear
2025-03-13 19:00:00,1,97,16,High,Thursday,Clear
2025-03-13 20:00:00,2,96,56,Medium,Thursday,Clear
2025-03-13 21:00:00,7,200,96,Low,Thursday,Clear
2025-03-13 22:00:00,6,108,87,Low,Thursday,Clear
2025-03-13 23:00:00,10,194,58,Low,Thursday,Clear
2025-03-14 00:00:00,5,135,15,Low,Friday,Rainy
2025-03-14 01:00:00,9,101,57,Low,Friday,Clear
2025-03-14 02:00:00,8,162,125,Low,Friday,Clear
2025-03-14 03:00:00,9,91,88,Low,Friday,Clear
2025-03-14 04:00:00,7,168,12,Low,Friday,Clear
2025-03-14 05:00:00,2,169,105,Low,Friday,Clear
2025-03-14 06:00:00,5,170,136,Low,Friday,Cloudy
2025-03-14 07:00:00,9,182,156,High,Friday,Cloudy
2025-03-14 08:00:00,6,190,139,Medium,Friday,Clear
2025-03-14 09:00:00,2,95,32,High,Friday,Rainy
2025-03-14 10:00:00,7,199,77,High,Friday,Cloudy
2025-03-14 11:00:00,3,117,82,Low,Friday,Clear
2025-03-14 12:00:00,8,177,77,Low,Friday,Cloudy
2025-03-14 13:00:00,6,101,6,Medium,Friday,Clear
2025-03-14 14:00:00,8,157,79,Low,Friday,Rainy
2025-03-14 15:00:00,10,174,122,Medium,Friday,Cloudy
2025-03-14 16:00:00,7,164,149,Medium,Friday,Cloudy
2025-03-14 17:00:00,7,174,169,High,Friday,Clear
2025-03-14 18:00:00,4,107,20,High,Friday,Cloudy
2025-03-14 19:00:00,10,178,145,High,Friday,Clear
2025-03-14 20:00:00,10,173,69,High,Friday,Cloudy
2025-03-14 21:00:00,4,82,32,Low,Friday,Clear
2025-03-14 22:00:00,5,91,23,Low,Friday,Clear
2025-03-14 23:00:00,5,171,46,Low,Friday,Clear
2025-03-15 00:00:00,2,114,26,Low,Saturday,Cloudy
2025-03-15 01:00:00,4,198,140,Medium,Saturday,Clear
2025-03-15 02:00:00,10,145,140,Low,Saturday,Clear
2025-03-15 03:00:00,6,195,3,Medium,Saturday,Cloudy
2025-03-15 04:00:00,2,153,32,Low,Saturday,Clear
2025-03-15 05:00:00,10,166,12,Medium,Saturday,Cloudy
2025-03-15 06:00:00,8,103,33,Medium,Saturday,Clear
2025-03-15 07:00:00,6,168,28,High,Saturday,Cloudy
2025-03-15 08:00:00,5,147,141,Medium,Saturday,Cloudy
2025-03-15 09:00:00,3,141,124,High,Saturday,Clear
2025-03-15 10:00:00,1,177,76,High,Saturday,Clear
2025-03-15 11:00:00,9,168,31,Low,Saturday,Clear
2025-03-15 12:00:00,8,107,79,Low,Saturday,Clear
2025-03-15 13:00:00,2,195,108,Low,Saturday,Cloudy
2025-03-15 14:00:00,2,156,87,Medium,Saturday,Clear
2025-03-15 15:00:00,2,183,92,Medium,Saturday,Clear
2025-03-15 16:00:00,10,170,42,Medium,Saturday,Rainy
2025-03-15 17:00:00,8,181,2,High,Saturday,Clear
2025-03-15 18:00:00,5,196,103,Medium,Saturday,Cloudy
2025-03-15 19:00:00,9,111,110,High,Saturday,Clear
2025-03-15 20:00:00,7,118,40,High,Saturday,Clear
2025-03-15 21:00:00,2,139,61,Medium,Saturday,Cloudy
2025-03-15 22:00:00,3,108,101,Low,Saturday,Clear
2025-03-15 23:00:00,9,116,55,Low,Saturday,Cloudy
2025-03-16 00:00:00,5,163,86,Medium,Sunday,Clear
2025-03-16 01:00:00,8,149,124,Low,Sunday,Cloudy
2025-03-16 02:00:00,10,127,102,Low,Sunday,Cloudy
2025-03-16 03:00:00,9,87,59,Low,Sunday,Cloudy
2025-03-16 04:00:00,9,95,36,Medium,Sunday,Clear
2025-03-16 05:00:00,4,114,54,Low,Sunday,Rainy
2025-03-16 06:00:00,3,93,87,Low,Sunday,Rainy
2025-03-16 07:00:00,6,168,128,Medium,Sunday,Cloudy
2025-03-16 08:00:00,7,133,23,High,Sunday,Rainy
2025-03-16 09:00:00,5,199,195,Medium,Sunday,Cloudy
2025-03-16 10:00:00,6,191,135,High,Sunday,Cloudy
2025-03-16 11:00:00,8,123,20,Low,Sunday,Clear
2025-03-16 12:00:00,10,163,114,Low,Sunday,Clear
2025-03-16 13:00:00,1,137,114,Low,Sunday,Clear
2025-03-16 14:00:00,4,128,102,Low,Sunday,Clear
2025-03-16 15:00:00,6,91,27,Medium,Sunday,Cloudy
2025-03-16 16:00:00,6,178,171,Low,Sunday,Clear
2025-03-16 17:00:00,8,168,123,Medium,Sunday,Clear
2025-03-16 18:00:00,9,101,65,High,Sunday,Clear
2025-03-16 19:00:00,1,193,27,Medium,Sunday,Rainy
2025-03-16 20:00:00,3,166,70,High,Sunday,Clear
2025-03-16 21:00:00,7,136,52,Low,Sunday,Cloudy
2025-03-16 22:00:00,6,177,133,Medium,Sunday,Rainy
2025-03-16 23:00:00,2,195,82,Low,Sunday,Rainy
2025-03-17 00:00:00,6,119,72,Low,Monday,Clear
2025-03-17 01:00:00,2,123,102,Medium,Monday,Clear
2025-03-17 02:00:00,10,176,148,Medium,Monday,Clear
2025-03-17 03:00:00,3,98,89,Medium,Monday,Rainy
2025-03-17 04:00:00,4,96,15,Low,Monday,Rainy
2025-03-17 05:00:00,1,85,0,Low,Monday,Cloudy
2025-03-17 06:00:00,4,111,82,Low,Monday,Clear
2025-03-17 07:00:00,1,100,32,High,Monday,Rainy
2025-03-17 08:00:00,2,107,52,High,Monday,Clear
2025-03-17 09:00:00,3,186,118,High,Monday,Clear
2025-03-17 10:00:00,3,165,47,High,Monday,Clear
2025-03-17 11:00:00,4,150,125,Medium,Monday,Cloudy
2025-03-17 12:00:00,5,103,20,Medium,Monday,Clear
2025-03-17 13:00:00,6,192,172,Medium,Monday,Cloudy
2025-03-17 14:00:00,9,183,14,Low,Monday,Clear
2025-03-17 15:00:00,6,135,100,Low,Monday,Clear
2025-03-17 16:00:00,2,111,37,Low,Monday,Clear
2025-03-17 17:00:00,7,132,89,High,Monday,Cloudy
2025-03-17 18:00:00,2,88,66,High,Monday,Cloudy
2025-03-17 19:00:00,10,136,72,High,Monday,Clear
2025-03-17 20:00:00,7,122,29,High,Monday,Clear
2025-03-17 21:00:00,2,196,138,Low,Monday,Clear
2025-03-17 22:00:00,6,179,129,Low,Monday,Cloudy
2025-03-17 23:00:00,7,171,75,Medium,Monday,Clear
2025-03-18 00:00:00,3,179,64,Low,Tuesday,Clear
2025-03-18 01:00:00,3,81,39,Low,Tuesday,Clear
2025-03-18 02:00:00,10,118,91,Medium,Tuesday,Clear
2025-03-18 03:00:00,3,178,79,Low,Tuesday,Rainy
2025-03-18 04:00:00,9,172,14,Low,Tuesday,Cloudy
2025-03-18 05:00:00,7,180,94,Low,Tuesday,Clear
2025-03-18 06:00:00,4,102,9,Low,Tuesday,Cloudy
2025-03-18 07:00:00,5,89,0,Medium,Tuesday,Clear
2025-03-18 08:00:00,2,111,42,High,Tuesday,Rainy
2025-03-18 09:00:00,7,190,119,High,Tuesday,Clear
2025-03-18 10:00:00,7,169,139,High,Tuesday,Rainy
2025-03-18 11:00:00,9,82,20,Low,Tuesday,Clear
2025-03-18 12:00:00,9,85,38,Medium,Tuesday,Clear
2025-03-18 13:00:00,9,175,31,Low,Tuesday,Cloudy
2025-03-18 14:00:00,6,109,15,Medium,Tuesday,Clear
2025-03-18 15:00:00,3,184,0,Low,Tuesday,Clear
2025-03-18 16:00:00,3,168,162,Medium,Tuesday,Clear
2025-03-18 17:00:00,6,197,48,Medium,Tuesday,Rainy
2025-03-18 18:00:00,10,128,37,Medium,Tuesday,Clear
2025-03-18 19:00:00,6,174,88,Medium,Tuesday,Cloudy
2025-03-18 20:00:00,5,164,156,High,Tuesday,Clear
2025-03-18 21:00:00,2,157,74,Low,Tuesday,Cloudy
2025-03-18 22:00:00,2,136,110,Low,Tuesday,Clear
2025-03-18 23:00:00,9,178,77,Medium,Tuesday,Rainy
2025-03-19 00:00:00,9,105,92,Low,Wednesday,Cloudy
2025-03-19 01:00:00,4,124,116,Medium,Wednesday,Clear
2025-03-19 02:00:00,1,85,38,Medium,Wednesday,Clear
2025-03-19 03:00:00,10,176,6,Low,Wednesday,Clear
2025-03-19 04:00:00,3,185,166,Medium,Wednesday,Rainy
2025-03-19 05:00:00,10,84,36,Low,Wednesday,Rainy
2025-03-19 06:00:00,4,115,29,Low,Wednesday,Clear
2025-03-19 07:00:00,7,167,124,High,Wednesday,Cloudy
2025-03-19 08:00:00,5,186,140,Medium,Wednesday,Cloudy
2025-03-19 09:00:00,8,82,79,High,Wednesday,Cloudy
2025-03-19 10:00:00,6,162,137,Medium,Wednesday,Clear
2025-03-19 11:00:00,6,90,36,Medium,Wednesday,Clear
2025-03-19 12:00:00,4,128,13,Low,Wednesday,Cloudy
2025-03-19 13:00:00,9,128,70,Low,Wednesday,Clear
2025-03-19 14:00:00,8,107,101,Low,Wednesday,Clear
2025-03-19 15:00:00,2,108,30,Low,Wednesday,Clear
2025-03-19 16:00:00,8,200,177,Medium,Wednesday,Rainy
2025-03-19 17:00:00,6,166,19,Medium,Wednesday,Cloudy
2025-03-19 18:00:00,5,194,28,High,Wednesday,Cloudy
2025-03-19 19:00:00,1,181,123,High,Wednesday,Clear
2025-03-19 20:00:00,6,177,40,High,Wednesday,Clear
2025-03-19 21:00:00,8,199,96,Low,Wednesday,Cloudy
2025-03-19 22:00:00,9,89,76,Low,Wednesday,Clear
2025-03-19 23:00:00,2,190,55,Low,Wednesday,Rainy
2025-03-20 00:00:00,7,100,37,Low,Thursday,Clear
2025-03-20 01:00:00,7,187,16,Medium,Thursday,Clear
2025-03-20 02:00:00,10,107,82,Medium,Thursday,Clear
2025-03-20 03:00:00,1,192,29,Low,Thursday,Clear
2025-03-20 04:00:00,3,179,151,Low,Thursday,Cloudy
2025-03-20 05:00:00,9,85,52,Low,Thursday,Cloudy
2025-03-20 06:00:00,7,171,148,Medium,Thursday,Clear
2025-03-20 07:00:00,7,134,87,High,Thursday,Cloudy
2025-03-20 08:00:00,4,154,1,High,Thursday,Clear
2025-03-20 09:00:00,5,181,171,High,Thursday,Clear
2025-03-20 10:00:00,5,117,24,Medium,Thursday,Cloudy
2025-03-20 11:00:00,5,113,29,Low,Thursday,Clear
2025-03-20 12:00:00,2,192,162,Medium,Thursday,Rainy
2025-03-20 13:00:00,5,103,70,Low,Thursday,Clear
2025-03-20 14:00:00,4,195,98,Low,Thursday,Clear
2025-03-20 15:00:00,9,179,96,Low,Thursday,Clear
2025-03-20 16:00:00,10,129,114,Medium,Thursday,Clear
2025-03-20 17:00:00,3,180,81,Medium,Thursday,Clear
2025-03-20 18:00:00,2,142,44,Medium,Thursday,Rainy
2025-03-20 19:00:00,8,152,58,High,Thursday,Rainy
2025-03-20 20:00:00,9,197,80,Medium,Thursday,Rainy
2025-03-20 21:00:00,4,91,90,Medium,Thursday,Clear
2025-03-20 22:00:00,4,200,47,Low,Thursday,Clear
2025-03-20 23:00:00,10,198,15,Medium,Thursday,Clear
2025-03-21 00:00:00,1,157,130,Low,Friday,Cloudy
2025-03-21 01:00:00,8,199,154,Low,Friday,Clear
2025-03-21 02:00:00,8,93,58,Medium,Friday,Rainy
2025-03-21 03:00:00,6,190,22,Medium,Friday,Clear
2025-03-21 04:00:00,4,101,76,Low,Friday,Cloudy
2025-03-21 05:00:00,8,175,144,Medium,Friday,Clear
2025-03-21 06:00:00,9,96,21,Low,Friday,Rainy
2025-03-21 07:00:00,6,132,19,Medium,Friday,Clear
2025-03-21 08:00:00,6,147,35,High,Friday,Rainy
2025-03-21 09:00:00,2,125,55,Medium,Friday,Cloudy
2025-03-21 10:00:00,8,168,19,High,Friday,Rainy
2025-03-21 11:00:00,7,187,6,Low,Friday,Cloudy
2025-03-21 12:00:00,2,117,83,Low,Friday,Cloudy
2025-03-21 13:00:00,9,198,30,Low,Friday,Clear
2025-03-21 14:00:00,2,165,113,Low,Friday,Clear
2025-03-21 15:00:00,3,165,92,Low,Friday,Cloudy
2025-03-21 16:00:00,1,91,7,Low,Friday,Clear
2025-03-21 17:00:00,3,122,9,Medium,Friday,Rainy
2025-03-21 18:00:00,5,127,93,High,Friday,Rainy
2025-03-21 19:00:00,5,128,61,High,Friday,Rainy
2025-03-21 20:00:00,9,93,17,High,Friday,Clear
2025-03-21 21:00:00,5,112,7,Low,Friday,Clear
2025-03-21 22:00:00,8,151,51,Low,Friday,Clear
2025-03-21 23:00:00,6,155,64,Medium,Friday,Cloudy
2025-03-22 00:00:00,3,183,86,Medium,Saturday,Clear
2025-03-22 01:00:00,4,184,29,Low,Saturday,Clear
2025-03-22 02:00:00,1,146,55,Low,Saturday,Clear
2025-03-22 03:00:00,8,126,99,Low,Saturday,Rainy
2025-03-22 04:00:00,10,154,116,Low,Saturday,Clear
2025-03-22 05:00:00,7,129,12,Low,Saturday,Clear
2025-03-22 06:00:00,10,167,88,Low,Saturday,Cloudy
2025-03-22 07:00:00,9,175,174,High,Saturday,Rainy
2025-03-22 08:00:00,2,118,48,High,Saturday,Rainy
2025-03-22 09:00:00,8,112,46,High,Saturday,Clear
2025-03-22 10:00:00,7,127,73,High,Saturday,Clear
2025-03-22 11:00:00,9,174,144,Medium,Saturday,Clear
2025-03-22 12:00:00,5,144,122,Low,Saturday,Clear
2025-03-22 13:00:00,4,198,120,Low,Saturday,Clear
2025-03-22 14:00:00,6,133,92,Low,Saturday,Clear
2025-03-22 15:00:00,3,156,20,Medium,Saturday,Rainy
2025-03-22 16:00:00,1,101,96,Low,Saturday,Clear
2025-03-22 17:00:00,2,91,15,High,Saturday,Clear
2025-03-22 18:00:00,5,108,38,Medium,Saturday,Clear
2025-03-22 19:00:00,1,154,108,High,Saturday,Clear
2025-03-22 20:00:00,6,103,12,Medium,Saturday,Clear
2025-03-22 21:00:00,9,93,79,Low,Saturday,Clear
2025-03-22 22:00:00,4,80,11,Low,Saturday,Rainy
2025-03-22 23:00:00,10,93,75,Low,Saturday,Clear
2025-03-23 00:00:00,2,96,29,Medium,Sunday,Clear
2025-03-23 01:00:00,6,108,19,Low,Sunday,Clear
2025-03-23 02:00:00,10,101,90,Low,Sunday,Clear
2025-03-23 03:00:00,1,156,10,Medium,Sunday,Clear
2025-03-23 04:00:00,9,117,60,Medium,Sunday,Clear
2025-03-23 05:00:00,2,161,77,Medium,Sunday,Clear
2025-03-23 06:00:00,7,181,51,Low,Sunday,Cloudy
2025-03-23 07:00:00,10,113,23,High,Sunday,Cloudy
2025-03-23 08:00:00,8,126,99,High,Sunday,Clear
2025-03-23 09:00:00,2,149,106,High,Sunday,Clear
2025-03-23 10:00:00,5,153,122,High,Sunday,Cloudy
2025-03-23 11:00:00,10,167,128,Low,Sunday,Clear
2025-03-23 12:00:00,9,164,136,Low,Sunday,Clear
2025-03-23 13:00:00,7,171,38,Medium,Sunday,Clear
2025-03-23 14:00:00,8,173,123,Low,Sunday,Cloudy
2025-03-23 15:00:00,6,167,95,Low,Sunday,Cloudy
2025-03-23 16:00:00,8,108,27,Low,Sunday,Cloudy
2025-03-23 17:00:00,9,114,96,Medium,Sunday,Clear
2025-03-23 18:00:00,6,80,45,High,Sunday,Clear
2025-03-23 19:00:00,2,99,13,Medium,Sunday,Clear
2025-03-23 20:00:00,5,120,87,High,Sunday,Clear
2025-03-23 21:00:00,8,107,25,Low,Sunday,Cloudy
2025-03-23 22:00:00,9,123,5,Low,Sunday,Clear
2025-03-23 23:00:00,8,178,136,Low,Sunday,Clear
2025-03-24 00:00:00,8,125,18,Low,Monday,Clear
2025-03-24 01:00:00,10,158,38,Low,Monday,Cloudy
2025-03-24 02:00:00,10,106,47,Low,Monday,Clear
2025-03-24 03:00:00,1,194,61,Low,Monday,Clear
2025-03-24 04:00:00,7,96,59,Low,Monday,Clear
2025-03-24 05:00:00,4,106,34,Low,Monday,Clear
2025-03-24 06:00:00,8,83,43,Low,Monday,Clear
2025-03-24 07:00:00,3,112,20,High,Monday,Cloudy
2025-03-24 08:00:00,7,151,35,High,Monday,Cloudy
2025-03-24 09:00:00,4,115,42,High,Monday,Clear
2025-03-24 10:00:00,6,135,30,Medium,Monday,Clear
2025-03-24 11:00:00,9,177,111,Medium,Monday,Clear
2025-03-24 12:00:00,10,197,188,Medium,Monday,Clear
2025-03-24 13:00:00,6,197,37,Low,Monday,Clear
2025-03-24 14:00:00,1,167,51,Medium,Monday,Rainy
2025-03-24 15:00:00,7,128,23,Medium,Monday,Cloudy
2025-03-24 16:00:00,10,179,53,Low,Monday,Clear
2025-03-24 17:00:00,2,147,116,Medium,Monday,Clear
2025-03-24 18:00:00,5,118,57,High,Monday,Cloudy
2025-03-24 19:00:00,8,144,117,High,Monday,Clear
2025-03-24 20:00:00,6,129,89,High,Monday,Clear
2025-03-24 21:00:00,3,135,79,Low,Monday,Rainy
2025-03-24 22:00:00,7,182,136,Medium,Monday,Clear
2025-03-24 23:00:00,5,120,53,Low,Monday,Clear
2025-03-25 00:00:00,8,151,130,Low,Tuesday,Cloudy
2025-03-25 01:00:00,4,106,37,Low,Tuesday,Rainy
2025-03-25 02:00:00,7,98,46,Low,Tuesday,Clear
2025-03-25 03:00:00,8,92,89,Low,Tuesday,Rainy
2025-03-25 04:00:00,1,86,44,Medium,Tuesday,Rainy
2025-03-25 05:00:00,7,177,50,Low,Tuesday,Clear
2025-03-25 06:00:00,5,88,37,Medium,Tuesday,Clear
2025-03-25 07:00:00,3,116,63,High,Tuesday,Rainy
2025-03-25 08:00:00,4,169,155,Medium,Tuesday,Cloudy
2025-03-25 09:00:00,3,85,3,High,Tuesday,Clear
2025-03-25 10:00:00,1,171,138,High,Tuesday,Cloudy
2025-03-25 11:00:00,10,104,81,Medium,Tuesday,Cloudy
2025-03-25 12:00:00,6,162,6,Low,Tuesday,Cloudy
2025-03-25 13:00:00,9,137,39,Low,Tuesday,Clear
2025-03-25 14:00:00,2,111,53,Medium,Tuesday,Clear
2025-03-25 15:00:00,1,177,128,Medium,Tuesday,Cloudy
2025-03-25 16:00:00,10,131,131,Medium,Tuesday,Rainy
2025-03-25 17:00:00,6,177,115,Medium,Tuesday,Rainy
2025-03-25 18:00:00,10,106,15,High,Tuesday,Clear
2025-03-25 19:00:00,3,175,126,High,Tuesday,Clear
2025-03-25 20:00:00,2,94,80,Medium,Tuesday,Clear
2025-03-25 21:00:00,4,92,79,Low,Tuesday,Clear
2025-03-25 22:00:00,1,115,0,Low,Tuesday,Cloudy
2025-03-25 23:00:00,7,104,32,Low,Tuesday,Clear
2025-03-26 00:00:00,1,152,0,Medium,Wednesday,Clear
2025-03-26 01:00:00,8,199,139,Low,Wednesday,Clear
2025-03-26 02:00:00,10,89,59,Low,Wednesday,Clear
2025-03-26 03:00:00,4,132,27,Low,Wednesday,Clear
2025-03-26 04:00:00,9,183,49,Low,Wednesday,Cloudy
2025-03-26 05:00:00,5,155,17,Medium,Wednesday,Clear
2025-03-26 06:00:00,5,156,83,Low,Wednesday,Cloudy
2025-03-26 07:00:00,6,97,44,Medium,Wednesday,Rainy
2025-03-26 08:00:00,2,179,117,High,Wednesday,Clear
2025-03-26 09:00:00,7,176,76,High,Wednesday,Clear
2025-03-26 10:00:00,9,80,74,High,Wednesday,Cloudy
2025-03-26 11:00:00,7,190,137,Medium,Wednesday,Rainy
2025-03-26 12:00:00,2,91,25,Low,Wednesday,Cloudy
2025-03-26 13:00:00,5,163,156,Medium,Wednesday,Clear
2025-03-26 14:00:00,5,139,95,Low,Wednesday,Rainy
2025-03-26 15:00:00,10,168,86,Medium,Wednesday,Cloudy
2025-03-26 16:00:00,9,91,38,Medium,Wednesday,Cloudy
2025-03-26 17:00:00,7,195,29,High,Wednesday,Clear
2025-03-26 18:00:00,3,172,50,High,Wednesday,Clear
2025-03-26 19:00:00,4,161,111,High,Wednesday,Cloudy
2025-03-26 20:00:00,9,84,30,High,Wednesday,Cloudy
2025-03-26 21:00:00,1,137,105,Low,Wednesday,Clear
2025-03-26 22:00:00,6,102,14,Low,Wednesday,Clear
2025-03-26 23:00:00,9,166,103,Low,Wednesday,Cloudy
2025-03-27 00:00:00,8,134,37,Low,Thursday,Cloudy
2025-03-27 01:00:00,6,81,4,Low,Thursday,Clear
2025-03-27 02:00:00,7,189,105,Low,Thursday,Clear
2025-03-27 03:00:00,6,81,59,Medium,Thursday,Clear
2025-03-27 04:00:00,8,88,20,Low,Thursday,Cloudy
2025-03-27 05:00:00,5,103,23,Low,Thursday,Clear
2025-03-27 06:00:00,3,191,16,Low,Thursday,Clear
2025-03-27 07:00:00,7,160,52,High,Thursday,Clear
2025-03-27 08:00:00,7,182,22,High,Thursday,Clear
2025-03-27 09:00:00,9,166,6,High,Thursday,Rainy
2025-03-27 10:00:00,2,155,24,Medium,Thursday,Cloudy
2025-03-27 11:00:00,1,143,27,Low,Thursday,Rainy
2025-03-27 12:00:00,6,188,87,Low,Thursday,Clear
2025-03-27 13:00:00,1,172,42,Medium,Thursday,Cloudy
2025-03-27 14:00:00,2,115,6,Low,Thursday,Clear
2025-03-27 15:00:00,5,156,133,Medium,Thursday,Clear
2025-03-27 16:00:00,2,147,109,Low,Thursday,Clear
2025-03-27 17:00:00,10,186,71,High,Thursday,Clear
2025-03-27 18:00:00,1,156,0,High,Thursday,Cloudy
2025-03-27 19:00:00,4,136,74,High,Thursday,Clear
2025-03-27 20:00:00,10,82,44,Medium,Thursday,Clear
2025-03-27 21:00:00,4,91,71,Low,Thursday,Cloudy
2025-03-27 22:00:00,1,152,1,Medium,Thursday,Clear
2025-03-27 23:00:00,9,145,136,Medium,Thursday,Clear
2025-03-28 00:00:00,3,99,27,Low,Friday,Clear
2025-03-28 01:00:00,6,180,107,Medium,Friday,Rainy
2025-03-28 02:00:00,5,196,29,Low,Friday,Rainy
2025-03-28 03:00:00,3,110,101,Low,Friday,Clear
2025-03-28 04:00:00,5,163,38,Medium,Friday,Clear
2025-03-28 05:00:00,3,99,15,Medium,Friday,Cloudy
2025-03-28 06:00:00,1,179,43,Low,Friday,Rainy
2025-03-28 07:00:00,2,196,43,Medium,Friday,Rainy
2025-03-28 08:00:00,6,151,59,High,Friday,Rainy
2025-03-28 09:00:00,6,90,12,Medium,Friday,Rainy
2025-03-28 10:00:00,9,189,12,Medium,Friday,Clear
2025-03-28 11:00:00,1,108,42,Low,Friday,Clear
2025-03-28 12:00:00,1,115,20,Low,Friday,Clear
2025-03-28 13:00:00,6,130,36,Medium,Friday,Clear
2025-03-28 14:00:00,8,191,39,Low,Friday,Clear
2025-03-28 15:00:00,4,129,54,Medium,Friday,Clear
2025-03-28 16:00:00,7,130,130,Medium,Friday,Clear
2025-03-28 17:00:00,1,83,10,High,Friday,Clear
2025-03-28 18:00:00,3,153,149,High,Friday,Rainy
2025-03-28 19:00:00,1,186,37,High,Friday,Cloudy
2025-03-28 20:00:00,6,162,156,High,Friday,Cloudy
2025-03-28 21:00:00,2,134,35,Low,Friday,Rainy
2025-03-28 22:00:00,8,149,20,Medium,Friday,Clear
2025-03-28 23:00:00,4,106,102,Low,Friday,Rainy
2025-03-29 00:00:00,3,141,80,Medium,Saturday,Cloudy
2025-03-29 01:00:00,4,135,31,Low,Saturday,Cloudy
2025-03-29 02:00:00,3,159,0,Medium,Saturday,Cloudy
2025-03-29 03:00:00,4,102,16,Medium,Saturday,Clear
2025-03-29 04:00:00,8,199,22,Low,Saturday,Cloudy
2025-03-29 05:00:00,8,93,43,Medium,Saturday,Rainy
2025-03-29 06:00:00,2,161,82,Low,Saturday,Clear
2025-03-29 07:00:00,5,123,123,High,Saturday,Cloudy
2025-03-29 08:00:00,7,137,114,High,Saturday,Clear
2025-03-29 09:00:00,8,114,30,Medium,Saturday,Rainy
2025-03-29 10:00:00,1,94,65,High,Saturday,Clear
2025-03-29 11:00:00,1,90,38,Medium,Saturday,Clear
2025-03-29 12:00:00,7,147,38,Medium,Saturday,Clear
2025-03-29 13:00:00,5,152,83,Medium,Saturday,Clear
2025-03-29 14:00:00,5,171,106,Low,Saturday,Clear
2025-03-29 15:00:00,6,145,53,Medium,Saturday,Rainy
2025-03-29 16:00:00,2,183,155,Medium,Saturday,Clear
2025-03-29 17:00:00,3,130,14,Medium,Saturday,Rainy
2025-03-29 18:00:00,7,188,46,Medium,Saturday,Clear
2025-03-29 19:00:00,9,98,53,High,Saturday,Rainy
2025-03-29 20:00:00,3,135,125,High,Saturday,Clear
2025-03-29 21:00:00,10,152,17,Low,Saturday,Clear
2025-03-29 22:00:00,10,80,21,Low,Saturday,Cloudy
2025-03-29 23:00:00,6,195,17,Low,Saturday,Clear
2025-03-30 00:00:00,6,156,131,Low,Sunday,Cloudy
2025-03-30 01:00:00,9,121,35,Medium,Sunday,Cloudy
2025-03-30 02:00:00,6,155,142,Low,Sunday,Cloudy
2025-03-30 03:00:00,10,90,44,Low,Sunday,Cloudy
2025-03-30 04:00:00,2,124,36,Low,Sunday,Clear
2025-03-30 05:00:00,10,186,4,Low,Sunday,Clear
2025-03-30 06:00:00,5,86,66,Low,Sunday,Rainy
2025-03-30 07:00:00,7,166,120,High,Sunday,Cloudy
2025-03-30 08:00:00,10,188,107,High,Sunday,Cloudy
2025-03-30 09:00:00,9,151,43,High,Sunday,Rainy
2025-03-30 10:00:00,1,92,70,High,Sunday,Clear
2025-03-30 11:00:00,6,164,34,Low,Sunday,Cloudy
2025-03-30 12:00:00,7,121,93,Medium,Sunday,Clear
2025-03-30 13:00:00,1,173,31,Medium,Sunday,Cloudy
2025-03-30 14:00:00,7,180,66,Low,Sunday,Cloudy
2025-03-30 15:00:00,1,83,41,Low,Sunday,Rainy
2025-03-30 16:00:00,7,200,36,Low,Sunday,Clear
2025-03-30 17:00:00,8,188,161,High,Sunday,Clear
2025-03-30 18:00:00,2,87,57,High,Sunday,Clear
2025-03-30 19:00:00,2,157,50,High,Sunday,Rainy
2025-03-30 20:00:00,6,137,24,High,Sunday,Clear
2025-03-30 21:00:00,1,98,59,Low,Sunday,Clear
2025-03-30 22:00:00,7,140,100,Low,Sunday,Clear
2025-03-30 23:00:00,5,168,0,Low,Sunday,Clear
2025-03-31 00:00:00,5,177,98,Low,Monday,Clear
2025-03-31 01:00:00,5,178,64,Medium,Monday,Clear
2025-03-31 02:00:00,8,188,134,Medium,Monday,Clear
2025-03-31 03:00:00,3,165,68,Medium,Monday,Cloudy
2025-03-31 04:00:00,2,115,25,Low,Monday,Cloudy
2025-03-31 05:00:00,5,172,30,Low,Monday,Cloudy
2025-03-31 06:00:00,10,193,23,Low,Monday,Clear
2025-03-31 07:00:00,9,182,81,High,Monday,Cloudy
2025-03-31 08:00:00,5,188,94,High,Monday,Cloudy
2025-03-31 09:00:00,5,107,35,High,Monday,Rainy
2025-03-31 10:00:00,8,174,58,Medium,Monday,Clear
2025-03-31 11:00:00,1,171,39,Medium,Monday,Cloudy
2025-03-31 12:00:00,8,145,126,Low,Monday,Rainy
2025-03-31 13:00:00,9,88,22,Medium,Monday,Clear
2025-03-31 14:00:00,10,197,20,Low,Monday,Cloudy
2025-03-31 15:00:00,10,169,156,Low,Monday,Clear
2025-03-31 16:00:00,6,109,45,Medium,Monday,Cloudy
2025-03-31 17:00:00,3,95,59,Medium,Monday,Clear
2025-03-31 18:00:00,7,83,62,Medium,Monday,Cloudy
2025-03-31 19:00:00,10,131,67,High,Monday,Clear
2025-03-31 20:00:00,6,103,15,High,Monday,Clear
2025-03-31 21:00:00,7,175,84,Low,Monday,Rainy
2025-03-31 22:00:00,6,198,7,Medium,Monday,Cloudy
2025-03-31 23:00:00,4,180,113,Low,Monday,Clear
2025-04-01 00:00:00,4,101,90,Medium,Tuesday,Clear
2025-04-01 01:00:00,1,165,152,Low,Tuesday,Clear
2025-04-01 02:00:00,4,146,72,Low,Tuesday,Cloudy
2025-04-01 03:00:00,5,195,118,Medium,Tuesday,Clear
2025-04-01 04:00:00,2,175,16,Low,Tuesday,Cloudy
2025-04-01 05:00:00,1,152,127,Medium,Tuesday,Clear
2025-04-01 06:00:00,10,149,35,Low,Tuesday,Clear
2025-04-01 07:00:00,10,137,73,Medium,Tuesday,Clear
2025-04-01 08:00:00,4,131,60,High,Tuesday,Rainy
2025-04-01 09:00:00,10,92,13,Medium,Tuesday,Clear
2025-04-01 10:00:00,4,180,30,High,Tuesday,Clear
2025-04-01 11:00:00,5,90,29,Low,Tuesday,Clear
2025-04-01 12:00:00,7,137,22,Low,Tuesday,Rainy
2025-04-01 13:00:00,6,182,118,Low,Tuesday,Cloudy
2025-04-01 14:00:00,8,139,63,Medium,Tuesday,Clear
2025-04-01 15:00:00,2,130,64,Low,Tuesday,Cloudy
2025-04-01 16:00:00,6,184,117,Medium,Tuesday,Clear
2025-04-01 17:00:00,8,155,24,High,Tuesday,Cloudy
2025-04-01 18:00:00,7,122,39,Medium,Tuesday,Rainy
2025-04-01 19:00:00,7,109,42,Medium,Tuesday,Clear
2025-04-01 20:00:00,7,181,176,High,Tuesday,Clear
2025-04-01 21:00:00,2,133,98,Low,Tuesday,Clear
2025-04-01 22:00:00,9,120,39,Low,Tuesday,Rainy
2025-04-01 23:00:00,5,124,18,Low,Tuesday,Cloudy
2025-04-02 00:00:00,3,153,13,Medium,Wednesday,Rainy
2025-04-02 01:00:00,1,121,117,Medium,Wednesday,Rainy
2025-04-02 02:00:00,3,168,125,Low,Wednesday,Clear
2025-04-02 03:00:00,9,123,27,Medium,Wednesday,Rainy
2025-04-02 04:00:00,4,119,51,Low,Wednesday,Clear
2025-04-02 05:00:00,8,177,152,Low,Wednesday,Clear
2025-04-02 06:00:00,3,153,99,Low,Wednesday,Clear
2025-04-02 07:00:00,2,86,23,High,Wednesday,Clear
2025-04-02 08:00:00,5,168,114,High,Wednesday,Clear
2025-04-02 09:00:00,5,103,56,High,Wednesday,Rainy
2025-04-02 10:00:00,5,120,87,Medium,Wednesday,Rainy
2025-04-02 11:00:00,3,85,18,Medium,Wednesday,Rainy
2025-04-02 12:00:00,5,94,37,Low,Wednesday,Clear
2025-04-02 13:00:00,9,167,17,Medium,Wednesday,Clear
2025-04-02 14:00:00,8,96,56,Low,Wednesday,Clear
2025-04-02 15:00:00,10,120,44,Low,Wednesday,Cloudy
2025-04-02 16:00:00,9,106,14,Low,Wednesday,Cloudy
2025-04-02 17:00:00,10,94,56,High,Wednesday,Rainy
2025-04-02 18:00:00,6,155,56,High,Wednesday,Clear
2025-04-02 19:00:00,10,138,61,High,Wednesday,Clear
2025-04-02 20:00:00,2,159,99,High,Wednesday,Cloudy
2025-04-02 21:00:00,9,184,134,Low,Wednesday,Clear
2025-04-02 22:00:00,9,95,38,Low,Wednesday,Rainy
2025-04-02 23:00:00,7,140,55,Low,Wednesday,Clear
2025-04-03 00:00:00,1,99,9,Low,Thursday,Rainy
2025-04-03 01:00:00,1,162,6,Medium,Thursday,Clear
2025-04-03 02:00:00,3,142,62,Low,Thursday,Cloudy
2025-04-03 03:00:00,4,143,44,Medium,Thursday,Clear
2025-04-03 04:00:00,3,159,43,Low,Thursday,Clear
2025-04-03 05:00:00,2,85,55,Medium,Thursday,Rainy
2025-04-03 06:00:00,10,151,126,Low,Thursday,Clear
2025-04-03 07:00:00,6,151,6,High,Thursday,Rainy
2025-04-03 08:00:00,7,102,6,High,Thursday,Clear
2025-04-03 09:00:00,2,128,102,Medium,Thursday,Cloudy
2025-04-03 10:00:00,9,163,64,High,Thursday,Clear
2025-04-03 11:00:00,8,94,3,Low,Thursday,Clear
2025-04-03 12:00:00,8,82,13,Medium,Thursday,Rainy
2025-04-03 13:00:00,4,187,79,Medium,Thursday,Clear
2025-04-03 14:00:00,5,159,30,Medium,Thursday,Clear
2025-04-03 15:00:00,10,100,79,Low,Thursday,Rainy
2025-04-03 16:00:00,7,90,12,Low,Thursday,Cloudy
2025-04-03 17:00:00,10,165,127,High,Thursday,Clear
2025-04-03 18:00:00,7,186,93,High,Thursday,Clear
2025-04-03 19:00:00,5,121,42,High,Thursday,Clear
2025-04-03 20:00:00,2,129,14,High,Thursday,Clear
2025-04-03 21:00:00,3,137,131,Low,Thursday,Clear
2025-04-03 22:00:00,1,129,58,Low,Thursday,Clear
2025-04-03 23:00:00,1,192,49,Low,Thursday,Cloudy
2025-04-04 00:00:00,8,109,10,Low,Friday,Cloudy
2025-04-04 01:00:00,7,187,57,Low,Friday,Clear
2025-04-04 02:00:00,3,148,67,Low,Friday,Clear
2025-04-04 03:00:00,10,116,13,Low,Friday,Clear
2025-04-04 04:00:00,9,154,135,Medium,Friday,Clear
2025-04-04 05:00:00,9,144,111,Medium,Friday,Clear
2025-04-04 06:00:00,3,98,16,Low,Friday,Rainy
2025-04-04 07:00:00,2,124,29,Medium,Friday,Cloudy
2025-04-04 08:00:00,3,83,70,Medium,Friday,Clear
2025-04-04 09:00:00,8,128,53,High,Friday,Rainy
2025-04-04 10:00:00,7,168,94,High,Friday,Clear
2025-04-04 11:00:00,7,108,43,Low,Friday,Rainy
2025-04-04 12:00:00,3,114,1,Low,Friday,Clear
2025-04-04 13:00:00,2,187,136,Low,Friday,Clear
2025-04-04 14:00:00,6,152,59,Low,Friday,Cloudy
2025-04-04 15:00:00,7,136,133,Low,Friday,Clear
2025-04-04 16:00:00,10,117,22,Medium,Friday,Cloudy
2025-04-04 17:00:00,10,186,51,Medium,Friday,Clear
2025-04-04 18:00:00,4,175,133,High,Friday,Cloudy
2025-04-04 19:00:00,10,185,114,Medium,Friday,Cloudy
2025-04-04 20:00:00,5,194,100,Medium,Friday,Clear
2025-04-04 21:00:00,3,92,21,Medium,Friday,Rainy
2025-04-04 22:00:00,2,123,20,Medium,Friday,Cloudy
2025-04-04 23:00:00,7,118,5,Medium,Friday,Cloudy
2025-04-05 00:00:00,1,128,126,Low,Saturday,Clear
2025-04-05 01:00:00,3,170,83,Medium,Saturday,Rainy
2025-04-05 02:00:00,7,84,14,Low,Saturday,Cloudy
2025-04-05 03:00:00,4,118,46,Low,Saturday,Clear
2025-04-05 04:00:00,8,159,75,Low,Saturday,Rainy
2025-04-05 05:00:00,6,107,46,Medium,Saturday,Clear
2025-04-05 06:00:00,3,197,135,Low,Saturday,Rainy
2025-04-05 07:00:00,7,90,5,High,Saturday,Clear
2025-04-05 08:00:00,7,186,146,High,Saturday,Clear
2025-04-05 09:00:00,2,87,20,High,Saturday,Clear
2025-04-05 10:00:00,10,134,17,Medium,Saturday,Clear
2025-04-05 11:00:00,1,168,57,Low,Saturday,Clear
2025-04-05 12:00:00,2,113,35,Low,Saturday,Rainy
2025-04-05 13:00:00,4,176,95,Medium,Saturday,Cloudy
2025-04-05 14:00:00,4,137,96,Low,Saturday,Rainy
2025-04-05 15:00:00,2,142,18,Medium,Saturday,Clear
2025-04-05 16:00:00,4,168,96,Low,Saturday,Cloudy
2025-04-05 17:00:00,5,164,127,Medium,Saturday,Cloudy
2025-04-05 18:00:00,4,174,52,High,Saturday,Cloudy
2025-04-05 19:00:00,10,84,59,High,Saturday,Clear
2025-04-05 20:00:00,10,133,56,High,Saturday,Cloudy
2025-04-05 21:00:00,6,92,17,Low,Saturday,Clear
2025-04-05 22:00:00,7,110,39,Low,Saturday,Clear
2025-04-05 23:00:00,9,126,83,Low,Saturday,Clear
2025-04-06 00:00:00,10,100,31,Medium,Sunday,Clear
2025-04-06 01:00:00,6,177,170,Medium,Sunday,Cloudy
2025-04-06 02:00:00,6,138,135,Medium,Sunday,Clear
2025-04-06 03:00:00,9,131,94,Low,Sunday,Clear
2025-04-06 04:00:00,5,85,68,Low,Sunday,Clear
2025-04-06 05:00:00,6,140,66,Low,Sunday,Cloudy
2025-04-06 06:00:00,1,163,59,Medium,Sunday,Rainy
2025-04-06 07:00:00,4,87,65,High,Sunday,Clear
2025-04-06 08:00:00,2,126,38,High,Sunday,Clear
2025-04-06 09:00:00,7,168,128,High,Sunday,Clear
2025-04-06 10:00:00,9,89,12,Medium,Sunday,Rainy
2025-04-06 11:00:00,7,129,123,Low,Sunday,Cloudy
2025-04-06 12:00:00,4,97,53,Medium,Sunday,Clear
2025-04-06 13:00:00,5,178,174,Low,Sunday,Rainy
2025-04-06 14:00:00,6,94,33,Low,Sunday,Clear
2025-04-06 15:00:00,9,146,108,Low,Sunday,Clear
2025-04-06 16:00:00,3,183,13,Low,Sunday,Rainy
2025-04-06 17:00:00,10,89,7,High,Sunday,Clear
2025-04-06 18:00:00,4,138,129,High,Sunday,Cloudy
2025-04-06 19:00:00,3,107,34,Medium,Sunday,Cloudy
2025-04-06 20:00:00,10,155,19,High,Sunday,Rainy
2025-04-06 21:00:00,2,139,71,Low,Sunday,Clear
2025-04-06 22:00:00,2,187,150,Low,Sunday,Clear
2025-04-06 23:00:00,9,127,31,Medium,Sunday,Clear
2025-04-07 00:00:00,7,197,162,Low,Monday,Clear
2025-04-07 01:00:00,4,127,39,Low,Monday,Cloudy
2025-04-07 02:00:00,3,166,137,Low,Monday,Cloudy
2025-04-07 03:00:00,3,112,94,Low,Monday,Clear
2025-04-07 04:00:00,5,184,135,Medium,Monday,Clear
2025-04-07 05:00:00,8,185,23,Medium,Monday,Clear
2025-04-07 06:00:00,3,133,103,Medium,Monday,Cloudy
2025-04-07 07:00:00,5,84,34,High,Monday,Clear
2025-04-07 08:00:00,5,109,38,High,Monday,Clear
2025-04-07 09:00:00,10,117,73,High,Monday,Clear
2025-04-07 10:00:00,2,122,71,Medium,Monday,Cloudy
2025-04-07 11:00:00,6,178,100,Low,Monday,Rainy
2025-04-07 12:00:00,4,191,23,Medium,Monday,Clear
2025-04-07 13:00:00,8,182,100,Low,Monday,Rainy
2025-04-07 14:00:00,5,101,0,Medium,Monday,Clear
2025-04-07 15:00:00,3,102,43,Medium,Monday,Rainy
2025-04-07 16:00:00,1,134,38,Low,Monday,Clear
2025-04-07 17:00:00,10,142,78,High,Monday,Rainy
2025-04-07 18:00:00,3,97,37,High,Monday,Clear
2025-04-07 19:00:00,3,194,51,High,Monday,Cloudy
2025-04-07 20:00:00,10,83,74,High,Monday,Cloudy
2025-04-07 21:00:00,7,98,64,Medium,Monday,Clear
2025-04-07 22:00:00,9,149,77,Medium,Monday,Clear
2025-04-07 23:00:00,10,121,29,Low,Monday,Clear
2025-04-08 00:00:00,2,114,29,Medium,Tuesday,Cloudy
2025-04-08 01:00:00,2,89,29,Low,Tuesday,Rainy
2025-04-08 02:00:00,2,194,114,Low,Tuesday,Clear
2025-04-08 03:00:00,1,195,69,Low,Tuesday,Clear
2025-04-08 04:00:00,2,172,59,Medium,Tuesday,Clear
2025-04-08 05:00:00,8,112,19,Low,Tuesday,Clear
2025-04-08 06:00:00,1,109,0,Low,Tuesday,Clear
2025-04-08 07:00:00,7,176,129,Medium,Tuesday,Clear
2025-04-08 08:00:00,6,175,35,Medium,Tuesday,Clear
2025-04-08 09:00:00,10,154,87,High,Tuesday,Cloudy
2025-04-08 10:00:00,9,89,89,High,Tuesday,Rainy
2025-04-08 11:00:00,6,101,62,Low,Tuesday,Rainy
2025-04-08 12:00:00,7,141,28,Low,Tuesday,Rainy
2025-04-08 13:00:00,9,138,4,Low,Tuesday,Clear
2025-04-08 14:00:00,2,135,45,Low,Tuesday,Clear
2025-04-08 15:00:00,5,179,90,Medium,Tuesday,Cloudy
2025-04-08 16:00:00,6,172,104,Medium,Tuesday,Clear
2025-04-08 17:00:00,10,89,31,High,Tuesday,Clear
2025-04-08 18:00:00,1,128,91,Medium,Tuesday,Clear
2025-04-08 19:00:00,6,122,43,High,Tuesday,Cloudy
2025-04-08 20:00:00,7,172,50,Medium,Tuesday,Clear
2025-04-08 21:00:00,10,149,140,Medium,Tuesday,Cloudy
2025-04-08 22:00:00,2,148,54,Low,Tuesday,Cloudy
2025-04-08 23:00:00,2,97,81,Medium,Tuesday,Clear
2025-04-09 00:00:00,4,128,82,Medium,Wednesday,Clear
2025-04-09 01:00:00,2,192,87,Low,Wednesday,Cloudy
2025-04-09 02:00:00,7,144,6,Low,Wednesday,Clear
2025-04-09 03:00:00,1,132,60,Medium,Wednesday,Cloudy
2025-04-09 04:00:00,8,84,29,Medium,Wednesday,Rainy
2025-04-09 05:00:00,7,128,60,Low,Wednesday,Clear
2025-04-09 06:00:00,5,88,44,Low,Wednesday,Cloudy
2025-04-09 07:00:00,10,183,46,High,Wednesday,Clear
2025-04-09 08:00:00,3,129,18,High,Wednesday,Cloudy
2025-04-09 09:00:00,4,168,91,High,Wednesday,Cloudy
2025-04-09 10:00:00,7,108,34,Medium,Wednesday,Cloudy
2025-04-09 11:00:00,7,137,103,Medium,Wednesday,Clear
2025-04-09 12:00:00,3,124,60,Low,Wednesday,Clear
2025-04-09 13:00:00,2,171,161,Low,Wednesday,Cloudy
2025-04-09 14:00:00,8,187,130,Low,Wednesday,Cloudy
2025-04-09 15:00:00,9,118,71,Low,Wednesday,Clear
2025-04-09 16:00:00,9,148,18,Low,Wednesday,Rainy
2025-04-09 17:00:00,5,170,143,High,Wednesday,Cloudy
2025-04-09 18:00:00,3,104,89,High,Wednesday,Clear
2025-04-09 19:00:00,10,155,155,High,Wednesday,Clear
2025-04-09 20:00:00,9,124,93,High,Wednesday,Clear
2025-04-09 21:00:00,1,105,27,Low,Wednesday,Clear
2025-04-09 22:00:00,4,134,110,Low,Wednesday,Cloudy
2025-04-09 23:00:00,1,132,7,Low,Wednesday,Clear
2025-04-10 00:00:00,6,167,105,Medium,Thursday,Cloudy
2025-04-10 01:00:00,8,171,170,Low,Thursday,Rainy
2025-04-10 02:00:00,8,128,36,Low,Thursday,Clear
2025-04-10 03:00:00,5,143,82,Medium,Thursday,Cloudy
2025-04-10 04:00:00,9,100,33,Medium,Thursday,Cloudy
2025-04-10 05:00:00,3,99,69,Medium,Thursday,Rainy
2025-04-10 06:00:00,10,140,60,Medium,Thursday,Rainy
2025-04-10 07:00:00,6,196,71,High,Thursday,Rainy
2025-04-10 08:00:00,2,91,81,High,Thursday,Clear
2025-04-10 09:00:00,8,170,134,High,Thursday,Cloudy
2025-04-10 10:00:00,8,121,104,High,Thursday,Clear
2025-04-10 11:00:00,2,121,94,Low,Thursday,Rainy
2025-04-10 12:00:00,6,86,0,Medium,Thursday,Clear
2025-04-10 13:00:00,1,177,11,Medium,Thursday,Cloudy
2025-04-10 14:00:00,8,93,56,Low,Thursday,Clear
2025-04-10 15:00:00,9,195,8,Low,Thursday,Clear
2025-04-10 16:00:00,5,82,51,Low,Thursday,Cloudy
2025-04-10 17:00:00,6,125,119,High,Thursday,Rainy
2025-04-10 18:00:00,3,152,81,High,Thursday,Rainy
2025-04-10 19:00:00,1,109,37,High,Thursday,Cloudy
2025-04-10 20:00:00,9,165,36,High,Thursday,Clear
2025-04-10 21:00:00,7,192,38,Low,Thursday,Clear
2025-04-10 22:00:00,6,175,67,Medium,Thursday,Rainy
2025-04-10 23:00:00,4,134,5,Low,Thursday,Clear
2025-04-11 00:00:00,9,135,52,Low,Friday,Cloudy
2025-04-11 01:00:00,10,152,76,Low,Friday,Rainy
2025-04-11 02:00:00,1,130,0,Low,Friday,Rainy
2025-04-11 03:00:00,8,127,88,Medium,Friday,Clear
2025-04-11 04:00:00,3,136,12,Low,Friday,Clear
2025-04-11 05:00:00,9,182,55,Low,Friday,Cloudy
2025-04-11 06:00:00,8,164,63,Medium,Friday,Clear
2025-04-11 07:00:00,7,104,59,High,Friday,Clear
2025-04-11 08:00:00,1,172,116,High,Friday,Clear
2025-04-11 09:00:00,6,126,74,Medium,Friday,Cloudy
2025-04-11 10:00:00,3,191,34,High,Friday,Cloudy
2025-04-11 11:00:00,7,186,86,Medium,Friday,Rainy
2025-04-11 12:00:00,9,94,50,Low,Friday,Rainy
2025-04-11 13:00:00,5,101,57,Low,Friday,Rainy
2025-04-11 14:00:00,1,169,78,Low,Friday,Clear
2025-04-11 15:00:00,4,164,32,Medium,Friday,Clear
2025-04-11 16:00:00,5,135,24,Low,Friday,Clear
2025-04-11 17:00:00,2,176,31,High,Friday,Clear
2025-04-11 18:00:00,9,164,76,High,Friday,Rainy
2025-04-11 19:00:00,3,184,67,High,Friday,Rainy
2025-04-11 20:00:00,9,113,90,High,Friday,Clear
2025-04-11 21:00:00,10,92,48,Low,Friday,Rainy
2025-04-11 22:00:00,9,177,87,Low,Friday,Clear
2025-04-11 23:00:00,8,151,58,Medium,Friday,Rainy
2025-04-12 00:00:00,10,89,64,Medium,Saturday,Clear
2025-04-12 01:00:00,4,168,10,Medium,Saturday,Clear
2025-04-12 02:00:00,7,94,29,Low,Saturday,Clear
2025-04-12 03:00:00,4,167,161,Low,Saturday,Clear
2025-04-12 04:00:00,8,181,155,Low,Saturday,Clear
2025-04-12 05:00:00,8,85,21,Medium,Saturday,Clear
2025-04-12 06:00:00,3,126,94,Low,Saturday,Clear
2025-04-12 07:00:00,8,185,79,High,Saturday,Cloudy
2025-04-12 08:00:00,9,190,121,High,Saturday,Clear
2025-04-12 09:00:00,5,84,72,High,Saturday,Clear
2025-04-12 10:00:00,4,92,23,High,Saturday,Cloudy
2025-04-12 11:00:00,1,168,163,Medium,Saturday,Cloudy
2025-04-12 12:00:00,3,161,54,Low,Saturday,Clear
2025-04-12 13:00:00,6,158,24,Low,Saturday,Clear
2025-04-12 14:00:00,5,135,26,Medium,Saturday,Cloudy
2025-04-12 15:00:00,3,158,28,Low,Saturday,Cloudy
2025-04-12 16:00:00,8,161,78,Medium,Saturday,Cloudy
2025-04-12 17:00:00,4,174,123,High,Saturday,Clear
2025-04-12 18:00:00,8,89,84,High,Saturday,Clear
2025-04-12 19:00:00,4,117,46,Medium,Saturday,Clear
2025-04-12 20:00:00,2,81,38,High,Saturday,Rainy
2025-04-12 21:00:00,5,131,23,Low,Saturday,Clear
2025-04-12 22:00:00,6,144,94,Low,Saturday,Clear
2025-04-12 23:00:00,4,191,145,Medium,Saturday,Rainy
2025-04-13 00:00:00,3,194,58,Low,Sunday,Clear
2025-04-13 01:00:00,2,106,38,Low,Sunday,Clear
2025-04-13 02:00:00,4,91,51,Medium,Sunday,Clear
2025-04-13 03:00:00,5,119,80,Medium,Sunday,Cloudy
2025-04-13 04:00:00,5,121,47,Medium,Sunday,Clear
2025-04-13 05:00:00,7,164,10,Medium,Sunday,Cloudy
2025-04-13 06:00:00,10,105,5,Medium,Sunday,Clear
2025-04-13 07:00:00,10,189,14,High,Sunday,Clear
2025-04-13 08:00:00,4,113,101,High,Sunday,Rainy
2025-04-13 09:00:00,8,194,52,Medium,Sunday,Clear
2025-04-13 10:00:00,5,131,29,High,Sunday,Clear
2025-04-13 11:00:00,1,198,148,Medium,Sunday,Cloudy
2025-04-13 12:00:00,1,200,197,Low,Sunday,Clear
2025-04-13 13:00:00,1,101,3,Low,Sunday,Clear
2025-04-13 14:00:00,1,134,5,Medium,Sunday,Clear
2025-04-13 15:00:00,5,159,150,Low,Sunday,Cloudy
2025-04-13 16:00:00,6,177,67,Medium,Sunday,Clear
2025-04-13 17:00:00,6,192,12,Medium,Sunday,Clear
2025-04-13 18:00:00,10,80,0,High,Sunday,Rainy
2025-04-13 19:00:00,3,91,32,High,Sunday,Clear
2025-04-13 20:00:00,1,172,38,Medium,Sunday,Cloudy
2025-04-13 21:00:00,8,113,68,Low,Sunday,Clear
2025-04-13 22:00:00,2,90,88,Medium,Sunday,Clear
2025-04-13 23:00:00,10,93,40,Medium,Sunday,Clear
2025-04-14 00:00:00,10,165,126,Medium,Monday,Clear
2025-04-14 01:00:00,1,90,68,Medium,Monday,Rainy
2025-04-14 02:00:00,8,183,138,Medium,Monday,Cloudy
2025-04-14 03:00:00,7,119,92,Medium,Monday,Rainy
2025-04-14 04:00:00,8,112,29,Medium,Monday,Cloudy
2025-04-14 05:00:00,10,180,144,Low,Monday,Clear
2025-04-14 06:00:00,1,148,16,Low,Monday,Cloudy
2025-04-14 07:00:00,10,115,75,High,Monday,Clear
2025-04-14 08:00:00,5,152,84,High,Monday,Clear
2025-04-14 09:00:00,9,167,137,High,Monday,Clear
2025-04-14 10:00:00,6,167,149,High,Monday,Rainy
2025-04-14 11:00:00,3,157,126,Low,Monday,Clear
2025-04-14 12:00:00,6,180,82,Low,Monday,Clear
2025-04-14 13:00:00,5,162,78,Low,Monday,Clear
2025-04-14 14:00:00,2,143,119,Low,Monday,Cloudy
2025-04-14 15:00:00,1,126,55,Low,Monday,Clear
2025-04-14 16:00:00,3,178,27,Medium,Monday,Clear
2025-04-14 17:00:00,6,162,127,Medium,Monday,Rainy
2025-04-14 18:00:00,5,100,41,High,Monday,Clear
2025-04-14 19:00:00,3,106,73,High,Monday,Rainy
2025-04-14 20:00:00,8,108,35,High,Monday,Rainy
2025-04-14 21:00:00,4,92,63,Medium,Monday,Clear
2025-04-14 22:00:00,6,97,83,Low,Monday,Rainy
2025-04-14 23:00:00,7,82,58,Low,Monday,Cloudy
2025-04-15 00:00:00,5,196,10,Medium,Tuesday,Clear
2025-04-15 01:00:00,10,116,53,Medium,Tuesday,Cloudy
2025-04-15 02:00:00,9,154,150,Medium,Tuesday,Clear
2025-04-15 03:00:00,1,114,102,Low,Tuesday,Clear
2025-04-15 04:00:00,1,119,43,Low,Tuesday,Cloudy
2025-04-15 05:00:00,3,90,72,Low,Tuesday,Cloudy
2025-04-15 06:00:00,7,131,93,Medium,Tuesday,Clear
2025-04-15 07:00:00,2,82,28,High,Tuesday,Clear
2025-04-15 08:00:00,6,145,128,Medium,Tuesday,Cloudy
2025-04-15 09:00:00,10,103,65,Medium,Tuesday,Clear
2025-04-15 10:00:00,6,80,12,Medium,Tuesday,Cloudy
2025-04-15 11:00:00,3,154,44,Low,Tuesday,Rainy
2025-04-15 12:00:00,4,148,105,Low,Tuesday,Rainy
2025-04-15 13:00:00,4,100,10,Low,Tuesday,Rainy
2025-04-15 14:00:00,4,137,105,Low,Tuesday,Clear
2025-04-15 15:00:00,9,85,44,Medium,Tuesday,Clear
2025-04-15 16:00:00,6,187,147,Medium,Tuesday,Clear
2025-04-15 17:00:00,10,180,61,High,Tuesday,Cloudy
2025-04-15 18:00:00,6,190,178,Medium,Tuesday,Clear
2025-04-15 19:00:00,2,83,58,High,Tuesday,Clear
2025-04-15 20:00:00,9,189,117,High,Tuesday,Cloudy
2025-04-15 21:00:00,8,93,60,Low,Tuesday,Clear
2025-04-15 22:00:00,8,174,122,Low,Tuesday,Clear
2025-04-15 23:00:00,2,123,108,Medium,Tuesday,Cloudy
2025-04-16 00:00:00,10,82,19,Low,Wednesday,Clear
2025-04-16 01:00:00,1,113,102,Medium,Wednesday,Cloudy
2025-04-16 02:00:00,10,107,73,Medium,Wednesday,Clear
2025-04-16 03:00:00,5,85,13,Medium,Wednesday,Cloudy
2025-04-16 04:00:00,7,131,78,Low,Wednesday,Clear
2025-04-16 05:00:00,1,157,69,Medium,Wednesday,Clear
2025-04-16 06:00:00,4,117,115,Medium,Wednesday,Cloudy
2025-04-16 07:00:00,4,103,58,Medium,Wednesday,Rainy
2025-04-16 08:00:00,5,95,83,High,Wednesday,Clear
2025-04-16 09:00:00,2,154,124,High,Wednesday,Clear
2025-04-16 10:00:00,1,172,97,High,Wednesday,Rainy
2025-04-16 11:00:00,5,115,36,Low,Wednesday,Clear
2025-04-16 12:00:00,7,104,99,Low,Wednesday,Clear
2025-04-16 13:00:00,9,174,116,Medium,Wednesday,Clear
2025-04-16 14:00:00,3,141,0,Low,Wednesday,Clear
2025-04-16 15:00:00,2,133,115,Low,Wednesday,Clear
2025-04-16 16:00:00,3,188,105,Medium,Wednesday,Rainy
2025-04-16 17:00:00,2,167,97,High,Wednesday,Clear
2025-04-16 18:00:00,1,88,11,Medium,Wednesday,Clear
2025-04-16 19:00:00,2,109,49,High,Wednesday,Clear
2025-04-16 20:00:00,7,174,42,Medium,Wednesday,Cloudy
2025-04-16 21:00:00,5,179,5,Low,Wednesday,Cloudy
2025-04-16 22:00:00,5,154,137,Medium,Wednesday,Cloudy
2025-04-16 23:00:00,6,190,155,Medium,Wednesday,Rainy
2025-04-17 00:00:00,10,105,46,Low,Thursday,Cloudy
2025-04-17 01:00:00,4,85,43,Medium,Thursday,Clear
2025-04-17 02:00:00,7,189,15,Low,Thursday,Rainy
2025-04-17 03:00:00,1,85,63,Low,Thursday,Clear
2025-04-17 04:00:00,3,180,163,Low,Thursday,Clear
2025-04-17 05:00:00,1,110,10,Low,Thursday,Cloudy
2025-04-17 06:00:00,8,83,7,Low,Thursday,Clear
2025-04-17 07:00:00,8,200,14,High,Thursday,Clear
2025-04-17 08:00:00,2,91,80,Medium,Thursday,Rainy
2025-04-17 09:00:00,5,137,134,Medium,Thursday,Cloudy
2025-04-17 10:00:00,10,107,27,High,Thursday,Cloudy
2025-04-17 11:00:00,9,184,150,Medium,Thursday,Clear
2025-04-17 12:00:00,1,80,50,Low,Thursday,Clear
2025-04-17 13:00:00,4,171,140,Medium,Thursday,Rainy
2025-04-17 14:00:00,5,91,57,Medium,Thursday,Cloudy
2025-04-17 15:00:00,7,116,34,Medium,Thursday,Cloudy
2025-04-17 16:00:00,2,146,88,Low,Thursday,Clear
2025-04-17 17:00:00,4,101,42,Medium,Thursday,Rainy
2025-04-17 18:00:00,4,153,110,High,Thursday,Clear
2025-04-17 19:00:00,3,174,148,Medium,Thursday,Cloudy
2025-04-17 20:00:00,5,138,16,Medium,Thursday,Cloudy
2025-04-17 21:00:00,5,107,102,Medium,Thursday,Cloudy
2025-04-17 22:00:00,5,98,46,Low,Thursday,Clear
2025-04-17 23:00:00,10,197,192,Low,Thursday,Rainy
2025-04-18 00:00:00,6,190,85,Medium,Friday,Rainy
2025-04-18 01:00:00,9,129,104,Low,Friday,Rainy
2025-04-18 02:00:00,4,137,96,Medium,Friday,Clear
2025-04-18 03:00:00,7,168,76,Medium,Friday,Clear
2025-04-18 04:00:00,6,120,92,Low,Friday,Clear
2025-04-18 05:00:00,4,131,58,Medium,Friday,Clear
2025-04-18 06:00:00,4,102,26,Medium,Friday,Rainy
2025-04-18 07:00:00,8,194,183,High,Friday,Clear
2025-04-18 08:00:00,1,109,4,High,Friday,Cloudy
2025-04-18 09:00:00,10,133,84,High,Friday,Cloudy
2025-04-18 10:00:00,8,120,68,High,Friday,Rainy
2025-04-18 11:00:00,5,125,18,Medium,Friday,Clear
2025-04-18 12:00:00,1,130,104,Medium,Friday,Rainy
2025-04-18 13:00:00,6,133,92,Medium,Friday,Cloudy
2025-04-18 14:00:00,4,160,65,Low,Friday,Clear
2025-04-18 15:00:00,7,183,2,Low,Friday,Clear
2025-04-18 16:00:00,8,91,47,Low,Friday,Rainy
2025-04-18 17:00:00,1,112,106,High,Friday,Clear
2025-04-18 18:00:00,4,184,64,High,Friday,Rainy
2025-04-18 19:00:00,3,137,71,High,Friday,Cloudy
2025-04-18 20:00:00,1,107,69,Medium,Friday,Clear
2025-04-18 21:00:00,8,92,27,Low,Friday,Clear
2025-04-18 22:00:00,1,158,132,Medium,Friday,Cloudy
2025-04-18 23:00:00,8,130,75,Low,Friday,Clear
2025-04-19 00:00:00,3,140,84,Low,Saturday,Clear
2025-04-19 01:00:00,1,157,5,Medium,Saturday,Rainy
2025-04-19 02:00:00,3,142,100,Low,Saturday,Clear
2025-04-19 03:00:00,7,132,23,Medium,Saturday,Clear
2025-04-19 04:00:00,1,145,116,Medium,Saturday,Clear
2025-04-19 05:00:00,9,140,93,Low,Saturday,Cloudy
2025-04-19 06:00:00,4,111,34,Medium,Saturday,Rainy
2025-04-19 07:00:00,4,192,189,High,Saturday,Cloudy
2025-04-19 08:00:00,7,129,38,High,Saturday,Clear
2025-04-19 09:00:00,7,153,55,Medium,Saturday,Clear
2025-04-19 10:00:00,7,185,96,High,Saturday,Clear
2025-04-19 11:00:00,5,94,71,Medium,Saturday,Rainy
2025-04-19 12:00:00,3,159,80,Low,Saturday,Cloudy
2025-04-19 13:00:00,6,91,25,Low,Saturday,Cloudy
2025-04-19 14:00:00,5,148,49,Low,Saturday,Clear
2025-04-19 15:00:00,3,113,48,Low,Saturday,Rainy
2025-04-19 16:00:00,1,189,142,Low,Saturday,Rainy
2025-04-19 17:00:00,10,136,68,High,Saturday,Rainy
2025-04-19 18:00:00,2,200,190,Medium,Saturday,Rainy
2025-04-19 19:00:00,6,121,4,High,Saturday,Rainy
2025-04-19 20:00:00,10,107,27,High,Saturday,Clear
2025-04-19 21:00:00,6,130,68,Low,Saturday,Clear
2025-04-19 22:00:00,9,175,134,Low,Saturday,Clear
2025-04-19 23:00:00,5,97,42,Low,Saturday,Clear
2025-04-20 00:00:00,10,95,24,Medium,Sunday,Cloudy
2025-04-20 01:00:00,1,118,56,Low,Sunday,Cloudy
2025-04-20 02:00:00,7,82,52,Low,Sunday,Clear
2025-04-20 03:00:00,2,165,47,Medium,Sunday,Clear
2025-04-20 04:00:00,2,115,48,Medium,Sunday,Rainy
2025-04-20 05:00:00,4,97,31,Low,Sunday,Rainy
2025-04-20 06:00:00,1,119,24,Medium,Sunday,Clear
2025-04-20 07:00:00,4,174,102,High,Sunday,Clear
2025-04-20 08:00:00,2,143,132,High,Sunday,Rainy
2025-04-20 09:00:00,4,200,166,Medium,Sunday,Rainy
2025-04-20 10:00:00,2,129,59,High,Sunday,Clear
2025-04-20 11:00:00,5,89,29,Medium,Sunday,Clear
2025-04-20 12:00:00,8,105,62,Low,Sunday,Clear
2025-04-20 13:00:00,7,109,100,Low,Sunday,Clear
2025-04-20 14:00:00,5,192,131,Low,Sunday,Clear
2025-04-20 15:00:00,6,146,130,Low,Sunday,Clear
2025-04-20 16:00:00,7,192,129,Low,Sunday,Clear
2025-04-20 17:00:00,1,80,50,High,Sunday,Clear
2025-04-20 18:00:00,5,129,40,Medium,Sunday,Clear
2025-04-20 19:00:00,10,169,132,High,Sunday,Rainy
2025-04-20 20:00:00,4,191,142,High,Sunday,Clear
2025-04-20 21:00:00,8,85,64,Medium,Sunday,Rainy
2025-04-20 22:00:00,1,164,27,Low,Sunday,Clear
2025-04-20 23:00:00,1,93,2,Low,Sunday,Clear
2025-04-21 00:00:00,9,117,42,Medium,Monday,Clear
2025-04-21 01:00:00,4,164,116,Low,Monday,Rainy
2025-04-21 02:00:00,7,187,79,Low,Monday,Rainy
2025-04-21 03:00:00,6,110,87,Low,Monday,Cloudy
2025-04-21 04:00:00,8,140,105,Medium,Monday,Clear
2025-04-21 05:00:00,4,137,105,Medium,Monday,Clear
2025-04-21 06:00:00,3,82,82,Medium,Monday,Rainy
2025-04-21 07:00:00,9,117,38,High,Monday,Clear
2025-04-21 08:00:00,2,132,108,High,Monday,Clear
2025-04-21 09:00:00,4,102,11,High,Monday,Rainy
2025-04-21 10:00:00,9,173,128,High,Monday,Rainy
2025-04-21 11:00:00,4,164,49,Low,Monday,Clear
2025-04-21 12:00:00,6,145,109,Low,Monday,Cloudy
2025-04-21 13:00:00,2,121,113,Low,Monday,Clear
2025-04-21 14:00:00,3,200,32,Low,Monday,Cloudy
2025-04-21 15:00:00,7,166,133,Medium,Monday,Rainy
2025-04-21 16:00:00,4,134,125,Low,Monday,Clear
2025-04-21 17:00:00,3,151,0,High,Monday,Clear
2025-04-21 18:00:00,6,118,58,Medium,Monday,Cloudy
2025-04-21 19:00:00,4,96,27,High,Monday,Rainy
2025-04-21 20:00:00,6,132,51,High,Monday,Clear
2025-04-21 21:00:00,2,172,122,Medium,Monday,Clear
2025-04-21 22:00:00,10,131,110,Medium,Monday,Clear
2025-04-21 23:00:00,2,189,61,Medium,Monday,Clear
2025-04-22 00:00:00,6,167,107,Medium,Tuesday,Clear
2025-04-22 01:00:00,10,108,94,Medium,Tuesday,Clear
2025-04-22 02:00:00,9,126,76,Medium,Tuesday,Clear
2025-04-22 03:00:00,10,89,59,Low,Tuesday,Cloudy
2025-04-22 04:00:00,4,121,38,Medium,Tuesday,Clear
2025-04-22 05:00:00,3,107,46,Low,Tuesday,Clear
2025-04-22 06:00:00,3,95,31,Low,Tuesday,Clear
2025-04-22 07:00:00,5,106,50,High,Tuesday,Rainy
2025-04-22 08:00:00,8,159,37,High,Tuesday,Cloudy
2025-04-22 09:00:00,9,194,39,Medium,Tuesday,Cloudy
2025-04-22 10:00:00,9,190,108,High,Tuesday,Clear
2025-04-22 11:00:00,6,94,94,Medium,Tuesday,Rainy
2025-04-22 12:00:00,6,182,113,Low,Tuesday,Clear
2025-04-22 13:00:00,4,96,0,Medium,Tuesday,Rainy
2025-04-22 14:00:00,8,109,49,Medium,Tuesday,Cloudy
2025-04-22 15:00:00,7,141,128,Medium,Tuesday,Clear
2025-04-22 16:00:00,1,162,101,Medium,Tuesday,Clear
2025-04-22 17:00:00,9,86,60,High,Tuesday,Clear
2025-04-22 18:00:00,6,200,107,High,Tuesday,Clear
2025-04-22 19:00:00,6,135,26,High,Tuesday,Clear
2025-04-22 20:00:00,4,145,105,High,Tuesday,Rainy
2025-04-22 21:00:00,9,161,47,Low,Tuesday,Rainy
2025-04-22 22:00:00,10,80,52,Low,Tuesday,Clear
2025-04-22 23:00:00,10,110,36,Medium,Tuesday,Clear
2025-04-23 00:00:00,8,129,57,Low,Wednesday,Cloudy
2025-04-23 01:00:00,5,196,99,Low,Wednesday,Cloudy
2025-04-23 02:00:00,8,142,55,Low,Wednesday,Cloudy
2025-04-23 03:00:00,2,81,57,Medium,Wednesday,Cloudy
2025-04-23 04:00:00,4,155,149,Low,Wednesday,Clear
2025-04-23 05:00:00,6,111,110,Medium,Wednesday,Cloudy
2025-04-23 06:00:00,9,112,69,Medium,Wednesday,Rainy
2025-04-23 07:00:00,10,154,99,Medium,Wednesday,Clear
2025-04-23 08:00:00,6,83,54,High,Wednesday,Clear
2025-04-23 09:00:00,9,141,84,High,Wednesday,Cloudy
2025-04-23 10:00:00,8,168,149,High,Wednesday,Clear
2025-04-23 11:00:00,4,92,84,Low,Wednesday,Rainy
2025-04-23 12:00:00,6,106,40,Low,Wednesday,Clear
2025-04-23 13:00:00,10,84,14,Medium,Wednesday,Clear
2025-04-23 14:00:00,7,121,69,Low,Wednesday,Clear
2025-04-23 15:00:00,6,129,24,Low,Wednesday,Clear
2025-04-23 16:00:00,4,158,14,Low,Wednesday,Clear
2025-04-23 17:00:00,3,100,74,High,Wednesday,Clear
2025-04-23 18:00:00,4,139,15,High,Wednesday,Clear
2025-04-23 19:00:00,10,122,23,High,Wednesday,Cloudy
2025-04-23 20:00:00,2,94,65,High,Wednesday,Clear
2025-04-23 21:00:00,7,134,31,Medium,Wednesday,Clear
2025-04-23 22:00:00,10,84,0,Medium,Wednesday,Clear
2025-04-23 23:00:00,4,139,44,Low,Wednesday,Clear
2025-04-24 00:00:00,8,130,67,Low,Thursday,Clear
2025-04-24 01:00:00,8,167,65,Low,Thursday,Clear
2025-04-24 02:00:00,6,196,104,Low,Thursday,Clear
2025-04-24 03:00:00,3,90,40,Low,Thursday,Clear
2025-04-24 04:00:00,2,194,123,Medium,Thursday,Clear
2025-04-24 05:00:00,8,91,24,Low,Thursday,Clear
2025-04-24 06:00:00,6,165,95,Low,Thursday,Clear
2025-04-24 07:00:00,1,137,27,Medium,Thursday,Clear
2025-04-24 08:00:00,4,146,38,High,Thursday,Clear
2025-04-24 09:00:00,8,142,49,High,Thursday,Clear
2025-04-24 10:00:00,2,91,83,High,Thursday,Cloudy
2025-04-24 11:00:00,1,153,140,Low,Thursday,Cloudy
2025-04-24 12:00:00,9,134,85,Medium,Thursday,Clear
2025-04-24 13:00:00,2,133,57,Low,Thursday,Clear
2025-04-24 14:00:00,8,136,75,Medium,Thursday,Clear
2025-04-24 15:00:00,8,110,3,Medium,Thursday,Clear
2025-04-24 16:00:00,7,187,130,Medium,Thursday,Clear
2025-04-24 17:00:00,1,138,91,Medium,Thursday,Cloudy
2025-04-24 18:00:00,6,120,102,High,Thursday,Cloudy
2025-04-24 19:00:00,6,135,87,High,Thursday,Clear
2025-04-24 20:00:00,7,188,66,Medium,Thursday,Cloudy
2025-04-24 21:00:00,6,175,65,Low,Thursday,Rainy
2025-04-24 22:00:00,4,168,108,Low,Thursday,Clear
2025-04-24 23:00:00,4,88,63,Low,Thursday,Clear
2025-04-25 00:00:00,9,160,25,Medium,Friday,Cloudy
2025-04-25 01:00:00,4,161,157,Low,Friday,Clear
2025-04-25 02:00:00,10,173,97,Low,Friday,Cloudy
2025-04-25 03:00:00,4,173,55,Low,Friday,Cloudy
2025-04-25 04:00:00,4,95,74,Medium,Friday,Clear
2025-04-25 05:00:00,7,137,62,Medium,Friday,Clear
2025-04-25 06:00:00,5,87,26,Low,Friday,Cloudy
2025-04-25 07:00:00,3,104,54,High,Friday,Clear
2025-04-25 08:00:00,6,154,127,High,Friday,Cloudy
2025-04-25 09:00:00,2,133,81,High,Friday,Clear
2025-04-25 10:00:00,9,130,124,High,Friday,Cloudy
2025-04-25 11:00:00,10,152,13,Low,Friday,Cloudy
2025-04-25 12:00:00,9,120,58,Low,Friday,Clear
2025-04-25 13:00:00,6,154,53,Low,Friday,Clear
2025-04-25 14:00:00,9,119,5,Low,Friday,Clear
2025-04-25 15:00:00,4,179,91,Medium,Friday,Rainy
2025-04-25 16:00:00,1,102,94,Low,Friday,Cloudy
2025-04-25 17:00:00,7,124,89,High,Friday,Clear
2025-04-25 18:00:00,4,128,99,High,Friday,Rainy
2025-04-25 19:00:00,2,133,112,High,Friday,Clear
2025-04-25 20:00:00,8,80,34,Medium,Friday,Clear
2025-04-25 21:00:00,9,185,111,Low,Friday,Rainy
2025-04-25 22:00:00,4,161,157,Low,Friday,Cloudy
2025-04-25 23:00:00,8,152,47,Low,Friday,Clear
2025-04-26 00:00:00,7,195,172,Low,Saturday,Cloudy
2025-04-26 01:00:00,8,102,28,Medium,Saturday,Clear
2025-04-26 02:00:00,10,155,1,Low,Saturday,Clear
2025-04-26 03:00:00,7,173,128,Low,Saturday,Rainy
2025-04-26 04:00:00,10,185,177,Low,Saturday,Clear
2025-04-26 05:00:00,7,132,8,Low,Saturday,Clear
2025-04-26 06:00:00,8,112,73,Medium,Saturday,Clear
2025-04-26 07:00:00,9,126,43,Medium,Saturday,Rainy
2025-04-26 08:00:00,6,99,36,Medium,Saturday,Cloudy
2025-04-26 09:00:00,7,195,32,High,Saturday,Cloudy
2025-04-26 10:00:00,4,197,112,High,Saturday,Rainy
2025-04-26 11:00:00,8,118,0,Low,Saturday,Rainy
2025-04-26 12:00:00,3,176,59,Low,Saturday,Clear
2025-04-26 13:00:00,8,181,42,Low,Saturday,Clear
2025-04-26 14:00:00,9,127,0,Low,Saturday,Clear
2025-04-26 15:00:00,3,196,46,Low,Saturday,Clear
2025-04-26 16:00:00,4,127,32,Low,Saturday,Cloudy
2025-04-26 17:00:00,2,153,106,High,Saturday,Clear
2025-04-26 18:00:00,9,128,124,High,Saturday,Clear
2025-04-26 19:00:00,2,108,101,High,Saturday,Clear
2025-04-26 20:00:00,1,162,151,Medium,Saturday,Rainy
2025-04-26 21:00:00,1,186,20,Medium,Saturday,Clear
2025-04-26 22:00:00,6,196,136,Medium,Saturday,Clear
2025-04-26 23:00:00,2,101,41,Low,Saturday,Clear
2025-04-27 00:00:00,6,110,14,Low,Sunday,Rainy
2025-04-27 01:00:00,1,177,80,Medium,Sunday,Clear
2025-04-27 02:00:00,4,112,80,Low,Sunday,Cloudy
2025-04-27 03:00:00,9,151,15,Low,Sunday,Clear
2025-04-27 04:00:00,1,182,139,Low,Sunday,Clear
2025-04-27 05:00:00,9,179,176,Low,Sunday,Cloudy
2025-04-27 06:00:00,10,104,11,Low,Sunday,Clear
2025-04-27 07:00:00,5,145,67,High,Sunday,Rainy
2025-04-27 08:00:00,7,162,98,High,Sunday,Clear
2025-04-27 09:00:00,10,134,56,High,Sunday,Clear
2025-04-27 10:00:00,1,141,118,High,Sunday,Clear
2025-04-27 11:00:00,2,80,67,Low,Sunday,Clear
2025-04-27 12:00:00,8,133,76,Low,Sunday,Clear
2025-04-27 13:00:00,3,164,84,Low,Sunday,Rainy
2025-04-27 14:00:00,7,144,45,Low,Sunday,Clear
2025-04-27 15:00:00,4,133,17,Low,Sunday,Cloudy
2025-04-27 16:00:00,5,88,76,Low,Sunday,Clear
2025-04-27 17:00:00,5,158,58,High,Sunday,Cloudy
2025-04-27 18:00:00,6,118,23,High,Sunday,Cloudy
2025-04-27 19:00:00,1,162,77,High,Sunday,Clear
2025-04-27 20:00:00,1,82,79,High,Sunday,Clear
2025-04-27 21:00:00,9,83,33,Low,Sunday,Cloudy
2025-04-27 22:00:00,7,134,57,Medium,Sunday,Cloudy
2025-04-27 23:00:00,7,98,73,Medium,Sunday,Clear
2025-04-28 00:00:00,5,126,71,Low,Monday,Clear
2025-04-28 01:00:00,9,194,181,Low,Monday,Clear
2025-04-28 02:00:00,10,87,33,Medium,Monday,Clear
2025-04-28 03:00:00,1,200,32,Medium,Monday,Rainy
2025-04-28 04:00:00,8,86,15,Low,Monday,Clear
2025-04-28 05:00:00,6,80,3,Low,Monday,Cloudy
2025-04-28 06:00:00,7,152,27,Low,Monday,Cloudy
2025-04-28 07:00:00,4,108,37,Medium,Monday,Rainy
2025-04-28 08:00:00,10,96,89,High,Monday,Clear
2025-04-28 09:00:00,1,123,49,High,Monday,Cloudy
2025-04-28 10:00:00,5,175,47,High,Monday,Clear
2025-04-28 11:00:00,3,136,121,Medium,Monday,Clear
2025-04-28 12:00:00,2,192,2,Medium,Monday,Cloudy
2025-04-28 13:00:00,8,185,182,Low,Monday,Cloudy
2025-04-28 14:00:00,2,171,11,Medium,Monday,Cloudy
2025-04-28 15:00:00,1,153,114,Low,Monday,Clear
2025-04-28 16:00:00,3,116,108,Medium,Monday,Clear
2025-04-28 17:00:00,8,183,12,High,Monday,Rainy
2025-04-28 18:00:00,9,119,74,High,Monday,Cloudy
2025-04-28 19:00:00,9,87,79,High,Monday,Rainy
2025-04-28 20:00:00,1,112,64,Medium,Monday,Clear
2025-04-28 21:00:00,7,94,75,Low,Monday,Clear
2025-04-28 22:00:00,6,94,11,Medium,Monday,Clear
2025-04-28 23:00:00,5,179,15,Low,Monday,Rainy
2025-04-29 00:00:00,8,175,167,Low,Tuesday,Clear
2025-04-29 01:00:00,5,92,82,Low,Tuesday,Clear
2025-04-29 02:00:00,1,194,182,Medium,Tuesday,Cloudy
2025-04-29 03:00:00,7,90,61,Medium,Tuesday,Clear
2025-04-29 04:00:00,5,116,56,Medium,Tuesday,Cloudy
2025-04-29 05:00:00,7,158,112,Medium,Tuesday,Cloudy
2025-04-29 06:00:00,5,85,48,Low,Tuesday,Clear
2025-04-29 07:00:00,1,95,31,Medium,Tuesday,Clear
2025-04-29 08:00:00,3,197,64,High,Tuesday,Clear
2025-04-29 09:00:00,9,194,35,Medium,Tuesday,Clear
2025-04-29 10:00:00,8,157,81,Medium,Tuesday,Rainy
2025-04-29 11:00:00,9,164,35,Low,Tuesday,Clear
2025-04-29 12:00:00,7,184,46,Medium,Tuesday,Cloudy
2025-04-29 13:00:00,5,96,90,Low,Tuesday,Clear
2025-04-29 14:00:00,5,160,103,Medium,Tuesday,Clear
2025-04-29 15:00:00,10,129,90,Medium,Tuesday,Clear
2025-04-29 16:00:00,9,171,76,Medium,Tuesday,Clear
2025-04-29 17:00:00,5,188,165,High,Tuesday,Clear
2025-04-29 18:00:00,6,106,83,High,Tuesday,Clear
2025-04-29 19:00:00,4,100,70,High,Tuesday,Clear
2025-04-29 20:00:00,5,121,90,High,Tuesday,Cloudy
2025-04-29 21:00:00,3,122,54,Medium,Tuesday,Clear
2025-04-29 22:00:00,3,126,67,Low,Tuesday,Rainy
2025-04-29 23:00:00,8,110,26,Medium,Tuesday,Rainy
2025-04-30 00:00:00,10,113,2,Low,Wednesday,Cloudy
2025-04-30 01:00:00,6,138,41,Low,Wednesday,Clear
2025-04-30 02:00:00,3,131,68,Low,Wednesday,Rainy
2025-04-30 03:00:00,2,152,74,Medium,Wednesday,Clear
2025-04-30 04:00:00,5,88,31,Low,Wednesday,Cloudy
2025-04-30 05:00:00,5,107,72,Low,Wednesday,Cloudy
2025-04-30 06:00:00,2,173,38,Low,Wednesday,Clear
2025-04-30 07:00:00,9,147,19,Medium,Wednesday,Clear
2025-04-30 08:00:00,10,117,16,High,Wednesday,Clear
2025-04-30 09:00:00,3,136,83,High,Wednesday,Cloudy
2025-04-30 10:00:00,6,156,99,Medium,Wednesday,Clear
2025-04-30 11:00:00,9,82,15,Low,Wednesday,Clear
2025-04-30 12:00:00,3,156,64,Low,Wednesday,Cloudy
2025-04-30 13:00:00,10,108,60,Low,Wednesday,Rainy
2025-04-30 14:00:00,5,195,70,Medium,Wednesday,Cloudy
2025-04-30 15:00:00,10,159,14,Low,Wednesday,Clear
2025-04-30 16:00:00,7,88,38,Medium,Wednesday,Clear
2025-04-30 17:00:00,2,110,18,High,Wednesday,Cloudy
2025-04-30 18:00:00,3,170,52,High,Wednesday,Cloudy
2025-04-30 19:00:00,7,110,94,High,Wednesday,Clear
2025-04-30 20:00:00,3,128,25,High,Wednesday,Cloudy
2025-04-30 21:00:00,1,181,91,Low,Wednesday,Clear
2025-04-30 22:00:00,1,120,41,Low,Wednesday,Clear
2025-04-30 23:00:00,7,80,58,Medium,Wednesday,Clear
2025-05-01 00:00:00,10,187,38,Low,Thursday,Clear
2025-05-01 01:00:00,7,96,48,Low,Thursday,Cloudy
2025-05-01 02:00:00,3,96,87,Low,Thursday,Cloudy
2025-05-01 03:00:00,4,165,41,Low,Thursday,Rainy
2025-05-01 04:00:00,3,149,75,Low,Thursday,Rainy
2025-05-01 05:00:00,1,186,85,Low,Thursday,Clear
2025-05-01 06:00:00,10,94,1,Low,Thursday,Clear
2025-05-01 07:00:00,7,155,137,Medium,Thursday,Cloudy
2025-05-01 08:00:00,2,188,86,Medium,Thursday,Cloudy
2025-05-01 09:00:00,5,87,12,Medium,Thursday,Clear
2025-05-01 10:00:00,5,109,97,High,Thursday,Clear
2025-05-01 11:00:00,3,119,48,Medium,Thursday,Cloudy
2025-05-01 12:00:00,6,152,69,Medium,Thursday,Clear
2025-05-01 13:00:00,3,128,56,Low,Thursday,Cloudy
2025-05-01 14:00:00,4,119,59,Medium,Thursday,Clear
2025-05-01 15:00:00,3,95,92,Medium,Thursday,Cloudy
2025-05-01 16:00:00,4,178,29,Medium,Thursday,Clear
2025-05-01 17:00:00,9,132,130,Medium,Thursday,Clear
2025-05-01 18:00:00,3,161,125,Medium,Thursday,Clear
2025-05-01 19:00:00,5,154,30,High,Thursday,Clear
2025-05-01 20:00:00,8,150,34,High,Thursday,Clear
2025-05-01 21:00:00,4,183,58,Low,Thursday,Clear
2025-05-01 22:00:00,4,121,113,Low,Thursday,Clear
2025-05-01 23:00:00,4,90,76,Low,Thursday,Clear
2025-05-02 00:00:00,7,159,85,Low,Friday,Cloudy
2025-05-02 01:00:00,3,159,80,Low,Friday,Clear
2025-05-02 02:00:00,6,194,87,Low,Friday,Clear
2025-05-02 03:00:00,9,189,80,Low,Friday,Clear
2025-05-02 04:00:00,8,198,85,Medium,Friday,Rainy
2025-05-02 05:00:00,4,99,89,Low,Friday,Cloudy
2025-05-02 06:00:00,4,122,19,Low,Friday,Clear
2025-05-02 07:00:00,8,125,98,High,Friday,Clear
2025-05-02 08:00:00,3,172,151,High,Friday,Cloudy
2025-05-02 09:00:00,3,147,144,High,Friday,Clear
2025-05-02 10:00:00,1,185,108,Medium,Friday,Cloudy
2025-05-02 11:00:00,8,126,32,Medium,Friday,Cloudy
2025-05-02 12:00:00,1,166,65,Low,Friday,Cloudy
2025-05-02 13:00:00,10,125,90,Low,Friday,Clear
2025-05-02 14:00:00,6,107,13,Low,Friday,Clear
2025-05-02 15:00:00,5,125,30,Medium,Friday,Cloudy
2025-05-02 16:00:00,9,153,44,Medium,Friday,Clear
2025-05-02 17:00:00,7,105,31,Medium,Friday,Clear
2025-05-02 18:00:00,5,97,41,High,Friday,Clear
2025-05-02 19:00:00,2,138,1,High,Friday,Clear
2025-05-02 20:00:00,7,117,15,High,Friday,Cloudy
2025-05-02 21:00:00,6,148,126,Low,Friday,Clear
2025-05-02 22:00:00,9,99,66,Low,Friday,Clear
2025-05-02 23:00:00,8,137,0,Low,Friday,Clear
2025-05-03 00:00:00,5,84,0,Medium,Saturday,Cloudy
2025-05-03 01:00:00,3,142,10,Low,Saturday,Clear
2025-05-03 02:00:00,3,193,16,Medium,Saturday,Cloudy
2025-05-03 03:00:00,10,185,11,Medium,Saturday,Clear
2025-05-03 04:00:00,1,96,60,Low,Saturday,Clear
2025-05-03 05:00:00,2,161,22,Low,Saturday,Clear
2025-05-03 06:00:00,5,80,63,Medium,Saturday,Rainy
2025-05-03 07:00:00,10,128,69,Medium,Saturday,Cloudy
2025-05-03 08:00:00,5,111,67,High,Saturday,Cloudy
2025-05-03 09:00:00,4,197,110,High,Saturday,Clear
2025-05-03 10:00:00,1,121,19,High,Saturday,Cloudy
2025-05-03 11:00:00,6,111,70,Medium,Saturday,Clear
2025-05-03 12:00:00,9,148,51,Low,Saturday,Clear
2025-05-03 13:00:00,9,181,145,Low,Saturday,Cloudy
2025-05-03 14:00:00,8,108,55,Low,Saturday,Cloudy
2025-05-03 15:00:00,3,98,16,Low,Saturday,Clear
2025-05-03 16:00:00,6,175,153,Low,Saturday,Rainy
2025-05-03 17:00:00,2,96,54,Medium,Saturday,Clear
2025-05-03 18:00:00,6,150,108,Medium,Saturday,Cloudy
2025-05-03 19:00:00,3,196,152,High,Saturday,Cloudy
2025-05-03 20:00:00,2,190,10,Medium,Saturday,Clear
2025-05-03 21:00:00,3,164,114,Low,Saturday,Cloudy
2025-05-03 22:00:00,10,114,106,Medium,Saturday,Cloudy
2025-05-03 23:00:00,7,120,26,Low,Saturday,Rainy
2025-05-04 00:00:00,8,158,55,Medium,Sunday,Cloudy
2025-05-04 01:00:00,5,169,100,Low,Sunday,Rainy
2025-05-04 02:00:00,7,182,124,Low,Sunday,Clear
2025-05-04 03:00:00,2,135,112,Low,Sunday,Clear
2025-05-04 04:00:00,6,103,82,Low,Sunday,Clear
2025-05-04 05:00:00,8,166,128,Medium,Sunday,Clear
2025-05-04 06:00:00,6,166,3,Low,Sunday,Clear
2025-05-04 07:00:00,5,143,98,Medium,Sunday,Cloudy
2025-05-04 08:00:00,9,127,28,Medium,Sunday,Cloudy
2025-05-04 09:00:00,3,112,10,High,Sunday,Clear
2025-05-04 10:00:00,10,199,81,High,Sunday,Clear
2025-05-04 11:00:00,7,125,72,Medium,Sunday,Clear
2025-05-04 12:00:00,2,165,149,Medium,Sunday,Clear
2025-05-04 13:00:00,9,188,175,Medium,Sunday,Cloudy
2025-05-04 14:00:00,8,90,78,Low,Sunday,Cloudy
2025-05-04 15:00:00,10,168,152,Low,Sunday,Cloudy
2025-05-04 16:00:00,2,154,82,Low,Sunday,Clear
2025-05-04 17:00:00,2,123,34,High,Sunday,Clear
2025-05-04 18:00:00,2,185,119,Medium,Sunday,Clear
2025-05-04 19:00:00,10,143,111,High,Sunday,Cloudy
2025-05-04 20:00:00,8,137,92,High,Sunday,Rainy
2025-05-04 21:00:00,10,188,64,Low,Sunday,Rainy
2025-05-04 22:00:00,9,152,45,Low,Sunday,Clear
2025-05-04 23:00:00,10,107,36,Low,Sunday,Rainy
2025-05-05 00:00:00,4,128,1,Low,Monday,Clear
2025-05-05 01:00:00,6,136,40,Low,Monday,Rainy
2025-05-05 02:00:00,2,119,108,Medium,Monday,Clear
2025-05-05 03:00:00,2,186,95,Low,Monday,Cloudy
2025-05-05 04:00:00,1,108,107,Low,Monday,Clear
2025-05-05 05:00:00,8,94,24,Low,Monday,Clear
2025-05-05 06:00:00,7,196,192,Low,Monday,Clear
2025-05-05 07:00:00,3,110,29,High,Monday,Clear
2025-05-05 08:00:00,7,111,62,High,Monday,Clear
2025-05-05 09:00:00,5,144,108,High,Monday,Clear
2025-05-05 10:00:00,2,144,66,High,Monday,Clear
2025-05-05 11:00:00,1,91,18,Medium,Monday,Clear
2025-05-05 12:00:00,5,199,4,Low,Monday,Clear
2025-05-05 13:00:00,5,117,19,Medium,Monday,Cloudy
2025-05-05 14:00:00,8,80,9,Low,Monday,Rainy
2025-05-05 15:00:00,1,199,93,Low,Monday,Clear
2025-05-05 16:00:00,1,188,64,Low,Monday,Clear
2025-05-05 17:00:00,8,114,38,High,Monday,Clear
2025-05-05 18:00:00,10,98,22,High,Monday,Clear
2025-05-05 19:00:00,1,112,25,High,Monday,Cloudy
2025-05-05 20:00:00,7,118,27,Medium,Monday,Rainy
2025-05-05 21:00:00,10,111,17,Low,Monday,Rainy
2025-05-05 22:00:00,5,91,61,Low,Monday,Clear
2025-05-05 23:00:00,7,198,186,Medium,Monday,Clear
2025-05-06 00:00:00,8,167,89,Low,Tuesday,Clear
2025-05-06 01:00:00,7,162,118,Medium,Tuesday,Cloudy
2025-05-06 02:00:00,7,107,107,Low,Tuesday,Clear
2025-05-06 03:00:00,7,113,75,Low,Tuesday,Clear
2025-05-06 04:00:00,1,89,70,Medium,Tuesday,Clear
2025-05-06 05:00:00,8,85,68,Low,Tuesday,Clear
2025-05-06 06:00:00,6,148,136,Medium,Tuesday,Clear
2025-05-06 07:00:00,3,83,60,High,Tuesday,Clear
2025-05-06 08:00:00,3,189,143,Medium,Tuesday,Clear
2025-05-06 09:00:00,5,155,19,High,Tuesday,Clear
2025-05-06 10:00:00,1,92,16,High,Tuesday,Cloudy
2025-05-06 11:00:00,5,153,92,Medium,Tuesday,Cloudy
2025-05-06 12:00:00,8,91,10,Medium,Tuesday,Cloudy
2025-05-06 13:00:00,4,93,58,Low,Tuesday,Clear
2025-05-06 14:00:00,9,199,157,Low,Tuesday,Clear
2025-05-06 15:00:00,7,117,77,Medium,Tuesday,Rainy
2025-05-06 16:00:00,7,181,167,Low,Tuesday,Clear
2025-05-06 17:00:00,6,196,113,High,Tuesday,Cloudy
2025-05-06 18:00:00,3,100,43,Medium,Tuesday,Clear
2025-05-06 19:00:00,7,131,106,Medium,Tuesday,Cloudy
2025-05-06 20:00:00,7,153,6,High,Tuesday,Clear
2025-05-06 21:00:00,6,117,51,Low,Tuesday,Clear
2025-05-06 22:00:00,1,181,41,Low,Tuesday,Clear
2025-05-06 23:00:00,3,105,77,Low,Tuesday,Clear
2025-05-07 00:00:00,2,125,100,Medium,Wednesday,Cloudy
2025-05-07 01:00:00,7,83,38,Low,Wednesday,Clear
2025-05-07 02:00:00,2,99,20,Low,Wednesday,Clear
2025-05-07 03:00:00,5,94,27,Medium,Wednesday,Clear
2025-05-07 04:00:00,3,131,99,Low,Wednesday,Cloudy
2025-05-07 05:00:00,2,198,14,Low,Wednesday,Clear
2025-05-07 06:00:00,6,169,114,Low,Wednesday,Cloudy
2025-05-07 07:00:00,3,82,16,Medium,Wednesday,Rainy
2025-05-07 08:00:00,2,154,60,Medium,Wednesday,Clear
2025-05-07 09:00:00,6,134,14,High,Wednesday,Clear
2025-05-07 10:00:00,3,87,33,High,Wednesday,Clear
2025-05-07 11:00:00,7,148,53,Low,Wednesday,Cloudy
2025-05-07 12:00:00,7,86,20,Low,Wednesday,Clear
2025-05-07 13:00:00,3,148,80,Low,Wednesday,Clear
2025-05-07 14:00:00,1,120,54,Medium,Wednesday,Cloudy
2025-05-07 15:00:00,5,176,94,Low,Wednesday,Rainy
2025-05-07 16:00:00,6,104,42,Low,Wednesday,Cloudy
2025-05-07 17:00:00,8,95,14,Medium,Wednesday,Clear
2025-05-07 18:00:00,4,200,114,High,Wednesday,Cloudy
2025-05-07 19:00:00,7,130,7,High,Wednesday,Clear
2025-05-07 20:00:00,6,102,57,High,Wednesday,Cloudy
2025-05-07 21:00:00,6,179,50,Medium,Wednesday,Cloudy
2025-05-07 22:00:00,10,159,9,Low,Wednesday,Cloudy
2025-05-07 23:00:00,3,166,1,Low,Wednesday,Clear
2025-05-08 00:00:00,1,190,133,Low,Thursday,Clear
2025-05-08 01:00:00,6,154,110,Low,Thursday,Clear
2025-05-08 02:00:00,2,130,44,Low,Thursday,Clear
2025-05-08 03:00:00,4,116,27,Medium,Thursday,Clear
2025-05-08 04:00:00,1,98,22,Medium,Thursday,Clear
2025-05-08 05:00:00,8,190,3,Low,Thursday,Clear
2025-05-08 06:00:00,2,133,59,Medium,Thursday,Cloudy
2025-05-08 07:00:00,10,80,47,Medium,Thursday,Clear
2025-05-08 08:00:00,4,149,56,Medium,Thursday,Clear
2025-05-08 09:00:00,7,148,51,Medium,Thursday,Clear
2025-05-08 10:00:00,6,120,107,High,Thursday,Cloudy
2025-05-08 11:00:00,7,124,68,Medium,Thursday,Cloudy
2025-05-08 12:00:00,10,92,50,Low,Thursday,Clear
2025-05-08 13:00:00,7,85,8,Low,Thursday,Clear
2025-05-08 14:00:00,2,89,35,Medium,Thursday,Clear
2025-05-08 15:00:00,6,108,53,Low,Thursday,Clear
2025-05-08 16:00:00,5,81,79,Low,Thursday,Clear
2025-05-08 17:00:00,8,174,17,Medium,Thursday,Rainy
2025-05-08 18:00:00,7,103,85,Medium,Thursday,Rainy
2025-05-08 19:00:00,4,160,59,High,Thursday,Rainy
2025-05-08 20:00:00,3,95,66,Medium,Thursday,Clear
2025-05-08 21:00:00,4,118,91,Low,Thursday,Clear
2025-05-08 22:00:00,7,146,71,Low,Thursday,Clear
2025-05-08 23:00:00,6,175,154,Low,Thursday,Clear
2025-05-09 00:00:00,8,171,0,Low,Friday,Rainy
2025-05-09 01:00:00,8,178,96,Medium,Friday,Cloudy
2025-05-09 02:00:00,7,134,8,Low,Friday,Clear
2025-05-09 03:00:00,7,142,63,Low,Friday,Clear
2025-05-09 04:00:00,6,176,71,Low,Friday,Cloudy
2025-05-09 05:00:00,9,98,58,Low,Friday,Clear
2025-05-09 06:00:00,6,156,92,Low,Friday,Clear
2025-05-09 07:00:00,4,107,27,High,Friday,Cloudy
2025-05-09 08:00:00,8,127,77,High,Friday,Clear
2025-05-09 09:00:00,3,165,148,Medium,Friday,Clear
2025-05-09 10:00:00,8,169,101,High,Friday,Cloudy
2025-05-09 11:00:00,3,122,17,Medium,Friday,Clear
2025-05-09 12:00:00,10,171,112,Low,Friday,Cloudy
2025-05-09 13:00:00,6,129,88,Medium,Friday,Clear
2025-05-09 14:00:00,1,120,84,Low,Friday,Clear
2025-05-09 15:00:00,3,192,68,Medium,Friday,Clear
2025-05-09 16:00:00,9,139,12,Low,Friday,Cloudy
2025-05-09 17:00:00,2,86,11,High,Friday,Clear
2025-05-09 18:00:00,9,121,10,Medium,Friday,Rainy
2025-05-09 19:00:00,3,86,56,High,Friday,Clear
2025-05-09 20:00:00,9,181,77,High,Friday,Clear
2025-05-09 21:00:00,7,83,58,Low,Friday,Clear
2025-05-09 22:00:00,9,163,11,Low,Friday,Clear
2025-05-09 23:00:00,4,166,160,Low,Friday,Clear
2025-05-10 00:00:00,7,81,60,Low,Saturday,Clear
2025-05-10 01:00:00,5,132,115,Medium,Saturday,Clear
2025-05-10 02:00:00,1,166,161,Low,Saturday,Clear
2025-05-10 03:00:00,7,178,97,Medium,Saturday,Clear
2025-05-10 04:00:00,7,141,6,Medium,Saturday,Cloudy
2025-05-10 05:00:00,4,134,91,Low,Saturday,Clear
2025-05-10 06:00:00,5,141,97,Medium,Saturday,Clear
2025-05-10 07:00:00,9,114,90,Medium,Saturday,Clear
2025-05-10 08:00:00,7,162,87,High,Saturday,Cloudy
2025-05-10 09:00:00,1,147,69,Medium,Saturday,Cloudy
2025-05-10 10:00:00,1,82,13,High,Saturday,Clear
2025-05-10 11:00:00,4,187,159,Low,Saturday,Clear
2025-05-10 12:00:00,6,187,69,Medium,Saturday,Clear
2025-05-10 13:00:00,8,113,52,Low,Saturday,Clear
2025-05-10 14:00:00,1,80,57,Low,Saturday,Clear
2025-05-10 15:00:00,10,199,17,Low,Saturday,Rainy
2025-05-10 16:00:00,10,161,123,Low,Saturday,Clear
2025-05-10 17:00:00,9,180,68,High,Saturday,Clear
2025-05-10 18:00:00,1,103,81,High,Saturday,Clear
2025-05-10 19:00:00,2,145,70,High,Saturday,Cloudy
2025-05-10 20:00:00,10,145,134,High,Saturday,Rainy
2025-05-10 21:00:00,5,81,44,Low,Saturday,Clear
2025-05-10 22:00:00,1,199,30,Low,Saturday,Cloudy
2025-05-10 23:00:00,3,100,52,Medium,Saturday,Clear
2025-05-11 00:00:00,5,156,150,Medium,Sunday,Cloudy
2025-05-11 01:00:00,9,154,22,Low,Sunday,Clear
2025-05-11 02:00:00,3,175,170,Medium,Sunday,Rainy
2025-05-11 03:00:00,3,118,53,Medium,Sunday,Clear
2025-05-11 04:00:00,8,149,49,Low,Sunday,Rainy
2025-05-11 05:00:00,7,136,90,Medium,Sunday,Cloudy
2025-05-11 06:00:00,4,101,40,Medium,Sunday,Clear
2025-05-11 07:00:00,3,170,77,High,Sunday,Rainy
2025-05-11 08:00:00,7,141,8,Medium,Sunday,Clear
2025-05-11 09:00:00,6,181,47,High,Sunday,Clear
2025-05-11 10:00:00,5,152,140,High,Sunday,Clear
2025-05-11 11:00:00,4,88,88,Low,Sunday,Clear
2025-05-11 12:00:00,4,108,23,Low,Sunday,Clear
2025-05-11 13:00:00,10,181,114,Medium,Sunday,Clear
2025-05-11 14:00:00,8,94,37,Medium,Sunday,Rainy
2025-05-11 15:00:00,5,161,9,Medium,Sunday,Clear
2025-05-11 16:00:00,5,130,33,Low,Sunday,Clear
2025-05-11 17:00:00,6,112,92,High,Sunday,Clear
2025-05-11 18:00:00,10,200,138,High,Sunday,Cloudy
2025-05-11 19:00:00,5,135,130,High,Sunday,Rainy
2025-05-11 20:00:00,2,168,142,Medium,Sunday,Clear
2025-05-11 21:00:00,2,86,3,Low,Sunday,Clear
2025-05-11 22:00:00,8,197,19,Low,Sunday,Clear
2025-05-11 23:00:00,10,95,63,Low,Sunday,Clear
2025-05-12 00:00:00,1,185,55,Low,Monday,Clear
2025-05-12 01:00:00,1,180,74,Low,Monday,Cloudy
2025-05-12 02:00:00,6,95,50,Low,Monday,Rainy
2025-05-12 03:00:00,8,172,152,Low,Monday,Rainy
2025-05-12 04:00:00,1,169,115,Low,Monday,Rainy
2025-05-12 05:00:00,6,94,42,Medium,Monday,Clear
2025-05-12 06:00:00,3,102,101,Low,Monday,Cloudy
2025-05-12 07:00:00,1,146,132,High,Monday,Clear
2025-05-12 08:00:00,10,170,3,High,Monday,Clear
2025-05-12 09:00:00,8,97,68,High,Monday,Cloudy
2025-05-12 10:00:00,6,188,9,Medium,Monday,Rainy
2025-05-12 11:00:00,1,127,105,Low,Monday,Rainy
2025-05-12 12:00:00,4,98,79,Low,Monday,Clear
2025-05-12 13:00:00,6,168,163,Low,Monday,Clear
2025-05-12 14:00:00,4,88,3,Low,Monday,Clear
2025-05-12 15:00:00,3,196,78,Medium,Monday,Rainy
2025-05-12 16:00:00,3,102,24,Low,Monday,Clear
2025-05-12 17:00:00,1,169,69,High,Monday,Cloudy
2025-05-12 18:00:00,9,153,40,High,Monday,Clear
2025-05-12 19:00:00,4,95,72,High,Monday,Clear
2025-05-12 20:00:00,10,175,168,Medium,Monday,Clear
2025-05-12 21:00:00,10,194,142,Medium,Monday,Clear
2025-05-12 22:00:00,10,188,8,Low,Monday,Cloudy
2025-05-12 23:00:00,7,140,112,Low,Monday,Clear
2025-05-13 00:00:00,5,125,35,Medium,Tuesday,Rainy
2025-05-13 01:00:00,10,106,21,Low,Tuesday,Clear
2025-05-13 02:00:00,4,95,3,Low,Tuesday,Clear
2025-05-13 03:00:00,5,148,125,Medium,Tuesday,Clear
2025-05-13 04:00:00,2,188,0,Low,Tuesday,Cloudy
2025-05-13 05:00:00,1,90,48,Low,Tuesday,Cloudy
2025-05-13 06:00:00,10,164,149,Low,Tuesday,Clear
2025-05-13 07:00:00,2,127,47,Medium,Tuesday,Cloudy
2025-05-13 08:00:00,2,126,96,Medium,Tuesday,Cloudy
2025-05-13 09:00:00,8,197,48,High,Tuesday,Clear
2025-05-13 10:00:00,3,127,56,High,Tuesday,Clear
2025-05-13 11:00:00,8,149,135,Low,Tuesday,Clear
2025-05-13 12:00:00,1,126,23,Low,Tuesday,Clear
2025-05-13 13:00:00,2,106,4,Medium,Tuesday,Clear
2025-05-13 14:00:00,9,173,30,Low,Tuesday,Clear
2025-05-13 15:00:00,1,197,113,Low,Tuesday,Clear
2025-05-13 16:00:00,4,125,13,Low,Tuesday,Clear
2025-05-13 17:00:00,6,87,50,Medium,Tuesday,Cloudy
2025-05-13 18:00:00,2,83,3,Medium,Tuesday,Clear
2025-05-13 19:00:00,3,105,58,Medium,Tuesday,Clear
2025-05-13 20:00:00,2,145,82,High,Tuesday,Clear
2025-05-13 21:00:00,5,108,28,Low,Tuesday,Rainy
2025-05-13 22:00:00,8,159,80,Low,Tuesday,Clear
2025-05-13 23:00:00,10,192,49,Low,Tuesday,Clear
2025-05-14 00:00:00,9,151,142,Low,Wednesday,Clear
2025-05-14 01:00:00,5,128,107,Low,Wednesday,Clear
2025-05-14 02:00:00,5,182,100,Low,Wednesday,Cloudy
2025-05-14 03:00:00,7,151,103,Medium,Wednesday,Cloudy
2025-05-14 04:00:00,6,177,97,Low,Wednesday,Rainy
2025-05-14 05:00:00,2,86,62,Low,Wednesday,Cloudy
2025-05-14 06:00:00,1,200,89,Low,Wednesday,Clear
2025-05-14 07:00:00,2,162,116,High,Wednesday,Cloudy
2025-05-14 08:00:00,1,114,79,High,Wednesday,Cloudy
2025-05-14 09:00:00,4,117,43,High,Wednesday,Rainy
2025-05-14 10:00:00,6,181,114,High,Wednesday,Clear
2025-05-14 11:00:00,6,179,171,Low,Wednesday,Cloudy
2025-05-14 12:00:00,7,184,41,Low,Wednesday,Cloudy
2025-05-14 13:00:00,10,97,30,Low,Wednesday,Clear
2025-05-14 14:00:00,3,187,186,Low,Wednesday,Clear
2025-05-14 15:00:00,10,143,69,Medium,Wednesday,Cloudy
2025-05-14 16:00:00,6,102,20,Medium,Wednesday,Clear
2025-05-14 17:00:00,8,116,29,High,Wednesday,Clear
2025-05-14 18:00:00,6,98,97,High,Wednesday,Clear
2025-05-14 19:00:00,10,153,57,Medium,Wednesday,Clear
2025-05-14 20:00:00,9,85,50,High,Wednesday,Rainy
2025-05-14 21:00:00,2,87,76,Medium,Wednesday,Clear
2025-05-14 22:00:00,6,102,76,Low,Wednesday,Clear
2025-05-14 23:00:00,9,97,25,Medium,Wednesday,Cloudy
2025-05-15 00:00:00,10,120,6,Low,Thursday,Clear
2025-05-15 01:00:00,2,161,37,Medium,Thursday,Cloudy
2025-05-15 02:00:00,5,172,170,Low,Thursday,Rainy
2025-05-15 03:00:00,1,142,102,Low,Thursday,Clear
2025-05-15 04:00:00,3,168,48,Medium,Thursday,Clear
2025-05-15 05:00:00,1,112,54,Low,Thursday,Clear
2025-05-15 06:00:00,10,128,95,Low,Thursday,Cloudy
2025-05-15 07:00:00,8,179,109,High,Thursday,Clear
2025-05-15 08:00:00,10,108,8,High,Thursday,Clear
2025-05-15 09:00:00,4,105,59,High,Thursday,Clear
2025-05-15 10:00:00,9,109,30,High,Thursday,Clear
2025-05-15 11:00:00,8,108,38,Medium,Thursday,Rainy
2025-05-15 12:00:00,8,167,121,Low,Thursday,Clear
2025-05-15 13:00:00,9,200,157,Medium,Thursday,Clear
2025-05-15 14:00:00,2,142,94,Medium,Thursday,Clear
2025-05-15 15:00:00,10,153,2,Low,Thursday,Rainy
2025-05-15 16:00:00,9,189,126,Low,Thursday,Clear
2025-05-15 17:00:00,10,153,122,Medium,Thursday,Rainy
2025-05-15 18:00:00,1,154,82,Medium,Thursday,Clear
2025-05-15 19:00:00,8,101,55,Medium,Thursday,Clear
2025-05-15 20:00:00,8,102,88,High,Thursday,Clear
2025-05-15 21:00:00,7,171,32,Low,Thursday,Clear
2025-05-15 22:00:00,6,84,84,Medium,Thursday,Clear
2025-05-15 23:00:00,9,134,65,Low,Thursday,Cloudy
2025-05-16 00:00:00,6,183,166,Low,Friday,Cloudy
2025-05-16 01:00:00,5,92,77,Low,Friday,Clear
2025-05-16 02:00:00,1,145,13,Low,Friday,Clear
2025-05-16 03:00:00,10,92,86,Medium,Friday,Clear
2025-05-16 04:00:00,2,100,69,Low,Friday,Clear
2025-05-16 05:00:00,9,93,3,Medium,Friday,Clear
2025-05-16 06:00:00,1,196,169,Low,Friday,Clear
2025-05-16 07:00:00,4,106,5,High,Friday,Cloudy
2025-05-16 08:00:00,8,145,132,High,Friday,Rainy
2025-05-16 09:00:00,4,195,100,High,Friday,Clear
2025-05-16 10:00:00,8,192,122,High,Friday,Cloudy
2025-05-16 11:00:00,6,177,51,Low,Friday,Cloudy
2025-05-16 12:00:00,4,85,1,Medium,Friday,Cloudy
2025-05-16 13:00:00,9,126,11,Low,Friday,Clear
2025-05-16 14:00:00,4,154,120,Low,Friday,Cloudy
2025-05-16 15:00:00,2,115,83,Low,Friday,Rainy
2025-05-16 16:00:00,4,184,79,Low,Friday,Clear
2025-05-16 17:00:00,4,105,64,High,Friday,Clear
2025-05-16 18:00:00,1,127,127,High,Friday,Cloudy
2025-05-16 19:00:00,8,80,53,High,Friday,Cloudy
2025-05-16 20:00:00,3,101,38,Medium,Friday,Clear
2025-05-16 21:00:00,1,87,25,Low,Friday,Clear
2025-05-16 22:00:00,7,82,78,Low,Friday,Clear
2025-05-16 23:00:00,7,84,16,Low,Friday,Clear
2025-05-17 00:00:00,8,136,98,Low,Saturday,Clear
2025-05-17 01:00:00,8,193,157,Low,Saturday,Rainy
2025-05-17 02:00:00,2,114,53,Low,Saturday,Clear
2025-05-17 03:00:00,3,134,88,Low,Saturday,Cloudy
2025-05-17 04:00:00,9,102,56,Low,Saturday,Rainy
2025-05-17 05:00:00,6,159,153,Low,Saturday,Clear
2025-05-17 06:00:00,2,101,14,Low,Saturday,Clear
2025-05-17 07:00:00,8,189,92,High,Saturday,Clear
2025-05-17 08:00:00,4,82,63,Medium,Saturday,Clear
2025-05-17 09:00:00,2,159,136,High,Saturday,Clear
2025-05-17 10:00:00,7,132,126,Medium,Saturday,Rainy
2025-05-17 11:00:00,9,103,83,Low,Saturday,Rainy
2025-05-17 12:00:00,3,174,160,Medium,Saturday,Clear
2025-05-17 13:00:00,8,125,22,Low,Saturday,Cloudy
2025-05-17 14:00:00,9,141,16,Low,Saturday,Clear
2025-05-17 15:00:00,10,198,41,Low,Saturday,Clear
2025-05-17 16:00:00,7,193,159,Low,Saturday,Clear
2025-05-17 17:00:00,10,98,68,High,Saturday,Clear
2025-05-17 18:00:00,9,107,20,Medium,Saturday,Clear
2025-05-17 19:00:00,6,162,110,Medium,Saturday,Clear
2025-05-17 20:00:00,1,89,77,High,Saturday,Clear
2025-05-17 21:00:00,1,149,62,Low,Saturday,Clear
2025-05-17 22:00:00,10,178,16,Low,Saturday,Clear
2025-05-17 23:00:00,5,103,77,Low,Saturday,Cloudy
2025-05-18 00:00:00,7,151,32,Low,Sunday,Clear
2025-05-18 01:00:00,1,110,70,Low,Sunday,Clear
2025-05-18 02:00:00,10,183,125,Low,Sunday,Clear
2025-05-18 03:00:00,5,187,9,Low,Sunday,Cloudy
2025-05-18 04:00:00,3,89,85,Low,Sunday,Rainy
2025-05-18 05:00:00,3,162,20,Low,Sunday,Clear
2025-05-18 06:00:00,5,100,28,Medium,Sunday,Rainy
2025-05-18 07:00:00,8,160,79,Medium,Sunday,Clear
2025-05-18 08:00:00,2,195,15,High,Sunday,Clear
2025-05-18 09:00:00,10,189,108,High,Sunday,Clear
2025-05-18 10:00:00,7,187,12,High,Sunday,Clear
2025-05-18 11:00:00,5,166,95,Medium,Sunday,Cloudy
2025-05-18 12:00:00,7,97,44,Low,Sunday,Clear
2025-05-18 13:00:00,9,172,46,Medium,Sunday,Clear
2025-05-18 14:00:00,7,172,119,Low,Sunday,Rainy
2025-05-18 15:00:00,10,124,55,Medium,Sunday,Rainy
2025-05-18 16:00:00,3,97,77,Medium,Sunday,Clear
2025-05-18 17:00:00,8,121,82,High,Sunday,Clear
2025-05-18 18:00:00,5,89,89,High,Sunday,Cloudy
2025-05-18 19:00:00,1,103,4,High,Sunday,Clear
2025-05-18 20:00:00,2,157,69,Medium,Sunday,Clear
2025-05-18 21:00:00,7,151,8,Low,Sunday,Clear
2025-05-18 22:00:00,5,170,130,Low,Sunday,Clear
2025-05-18 23:00:00,1,106,33,Low,Sunday,Clear
2025-05-19 00:00:00,1,99,34,Low,Monday,Clear
2025-05-19 01:00:00,3,147,79,Medium,Monday,Clear
2025-05-19 02:00:00,8,136,34,Medium,Monday,Clear
2025-05-19 03:00:00,7,88,3,Low,Monday,Cloudy
2025-05-19 04:00:00,7,126,58,Medium,Monday,Clear
2025-05-19 05:00:00,8,152,57,Low,Monday,Rainy
2025-05-19 06:00:00,8,82,67,Low,Monday,Clear
2025-05-19 07:00:00,1,85,85,High,Monday,Clear
2025-05-19 08:00:00,10,94,55,High,Monday,Clear
2025-05-19 09:00:00,5,113,36,High,Monday,Cloudy
2025-05-19 10:00:00,2,148,70,High,Monday,Clear
2025-05-19 11:00:00,5,198,85,Medium,Monday,Clear
2025-05-19 12:00:00,10,177,121,Low,Monday,Cloudy
2025-05-19 13:00:00,6,184,14,Low,Monday,Clear
2025-05-19 14:00:00,10,145,117,Medium,Monday,Clear
2025-05-19 15:00:00,1,131,14,Low,Monday,Rainy
2025-05-19 16:00:00,7,123,81,Medium,Monday,Clear
2025-05-19 17:00:00,5,200,94,High,Monday,Cloudy
2025-05-19 18:00:00,5,190,59,High,Monday,Clear
2025-05-19 19:00:00,2,83,83,Medium,Monday,Clear
2025-05-19 20:00:00,8,185,108,Medium,Monday,Clear
2025-05-19 21:00:00,1,132,98,Medium,Monday,Clear
2025-05-19 22:00:00,2,168,96,Low,Monday,Rainy
2025-05-19 23:00:00,3,84,54,Medium,Monday,Clear
2025-05-20 00:00:00,9,106,23,Low,Tuesday,Clear
2025-05-20 01:00:00,8,110,70,Low,Tuesday,Clear
2025-05-20 02:00:00,10,116,106,Low,Tuesday,Rainy
2025-05-20 03:00:00,9,126,55,Medium,Tuesday,Clear
2025-05-20 04:00:00,1,153,48,Low,Tuesday,Clear
2025-05-20 05:00:00,1,87,22,Low,Tuesday,Clear
2025-05-20 06:00:00,1,108,86,Low,Tuesday,Clear
2025-05-20 07:00:00,3,188,182,High,Tuesday,Cloudy
2025-05-20 08:00:00,7,94,1,High,Tuesday,Clear
2025-05-20 09:00:00,9,137,84,High,Tuesday,Cloudy
2025-05-20 10:00:00,4,111,20,High,Tuesday,Clear
2025-05-20 11:00:00,8,120,13,Low,Tuesday,Cloudy
2025-05-20 12:00:00,4,145,62,Medium,Tuesday,Cloudy
2025-05-20 13:00:00,4,165,101,Low,Tuesday,Clear
2025-05-20 14:00:00,6,101,62,Medium,Tuesday,Clear
2025-05-20 15:00:00,6,182,176,Low,Tuesday,Clear
2025-05-20 16:00:00,5,175,34,Low,Tuesday,Cloudy
2025-05-20 17:00:00,9,162,34,High,Tuesday,Rainy
2025-05-20 18:00:00,10,111,51,High,Tuesday,Clear
2025-05-20 19:00:00,3,177,138,High,Tuesday,Clear
2025-05-20 20:00:00,9,86,85,High,Tuesday,Clear
2025-05-20 21:00:00,6,108,94,Medium,Tuesday,Cloudy
2025-05-20 22:00:00,8,168,129,Low,Tuesday,Clear
2025-05-20 23:00:00,6,164,6,Low,Tuesday,Clear
2025-05-21 00:00:00,5,108,28,Low,Wednesday,Clear
2025-05-21 01:00:00,5,97,76,Medium,Wednesday,Clear
2025-05-21 02:00:00,8,119,48,Low,Wednesday,Clear
2025-05-21 03:00:00,9,96,59,Medium,Wednesday,Cloudy
2025-05-21 04:00:00,9,138,75,Medium,Wednesday,Clear
2025-05-21 05:00:00,6,81,52,Medium,Wednesday,Cloudy
2025-05-21 06:00:00,7,185,117,Low,Wednesday,Rainy
2025-05-21 07:00:00,7,133,76,High,Wednesday,Clear
2025-05-21 08:00:00,4,149,48,Medium,Wednesday,Clear
2025-05-21 09:00:00,7,135,133,Medium,Wednesday,Clear
2025-05-21 10:00:00,1,136,46,Medium,Wednesday,Rainy
2025-05-21 11:00:00,6,179,84,Low,Wednesday,Clear
2025-05-21 12:00:00,7,116,15,Low,Wednesday,Clear
2025-05-21 13:00:00,10,111,16,Medium,Wednesday,Clear
2025-05-21 14:00:00,6,184,115,Low,Wednesday,Clear
2025-05-21 15:00:00,5,145,64,Low,Wednesday,Cloudy
2025-05-21 16:00:00,4,184,153,Medium,Wednesday,Clear
2025-05-21 17:00:00,1,175,103,High,Wednesday,Clear
2025-05-21 18:00:00,6,176,100,High,Wednesday,Cloudy
2025-05-21 19:00:00,2,98,63,High,Wednesday,Clear
2025-05-21 20:00:00,6,184,37,High,Wednesday,Cloudy
2025-05-21 21:00:00,2,110,29,Low,Wednesday,Clear
2025-05-21 22:00:00,2,94,41,Low,Wednesday,Rainy
2025-05-21 23:00:00,9,165,75,Medium,Wednesday,Clear
2025-05-22 00:00:00,8,175,169,Medium,Thursday,Clear
2025-05-22 01:00:00,10,112,90,Low,Thursday,Clear
2025-05-22 02:00:00,4,91,6,Medium,Thursday,Clear
2025-05-22 03:00:00,6,182,108,Low,Thursday,Clear
2025-05-22 04:00:00,3,188,29,Medium,Thursday,Cloudy
2025-05-22 05:00:00,7,158,82,Low,Thursday,Clear
2025-05-22 06:00:00,4,95,90,Low,Thursday,Clear
2025-05-22 07:00:00,9,87,75,High,Thursday,Clear
2025-05-22 08:00:00,5,151,136,High,Thursday,Clear
2025-05-22 09:00:00,9,154,106,Medium,Thursday,Clear
2025-05-22 10:00:00,1,142,15,High,Thursday,Rainy
2025-05-22 11:00:00,9,164,128,Medium,Thursday,Cloudy
2025-05-22 12:00:00,5,113,73,Low,Thursday,Cloudy
2025-05-22 13:00:00,1,199,104,Medium,Thursday,Cloudy
2025-05-22 14:00:00,6,98,7,Medium,Thursday,Clear
2025-05-22 15:00:00,6,122,93,Medium,Thursday,Rainy
2025-05-22 16:00:00,3,184,128,Medium,Thursday,Clear
2025-05-22 17:00:00,5,107,32,High,Thursday,Cloudy
2025-05-22 18:00:00,9,104,96,High,Thursday,Clear
2025-05-22 19:00:00,9,149,142,High,Thursday,Clear
2025-05-22 20:00:00,5,147,50,High,Thursday,Clear
2025-05-22 21:00:00,2,109,71,Low,Thursday,Clear
2025-05-22 22:00:00,9,110,98,Medium,Thursday,Rainy
2025-05-22 23:00:00,9,175,24,Low,Thursday,Cloudy
2025-05-23 00:00:00,9,114,34,Medium,Friday,Cloudy
2025-05-23 01:00:00,4,106,16,Medium,Friday,Cloudy
2025-05-23 02:00:00,4,147,10,Low,Friday,Clear
2025-05-23 03:00:00,3,192,54,Low,Friday,Clear
2025-05-23 04:00:00,10,103,9,Medium,Friday,Clear
2025-05-23 05:00:00,6,152,139,Medium,Friday,Clear
2025-05-23 06:00:00,8,186,148,Low,Friday,Rainy
2025-05-23 07:00:00,6,104,62,High,Friday,Cloudy
2025-05-23 08:00:00,9,186,19,Medium,Friday,Clear
2025-05-23 09:00:00,8,86,45,High,Friday,Cloudy
2025-05-23 10:00:00,10,154,84,High,Friday,Clear
2025-05-23 11:00:00,1,191,22,Low,Friday,Cloudy
2025-05-23 12:00:00,3,179,93,Low,Friday,Clear
2025-05-23 13:00:00,8,123,87,Low,Friday,Clear
2025-05-23 14:00:00,4,190,63,Low,Friday,Cloudy
2025-05-23 15:00:00,6,183,176,Medium,Friday,Clear
2025-05-23 16:00:00,2,191,117,Low,Friday,Cloudy
2025-05-23 17:00:00,6,193,178,High,Friday,Cloudy
2025-05-23 18:00:00,2,132,69,High,Friday,Rainy
2025-05-23 19:00:00,2,170,142,Medium,Friday,Rainy
2025-05-23 20:00:00,3,125,75,High,Friday,Cloudy
2025-05-23 21:00:00,5,180,26,Medium,Friday,Cloudy
2025-05-23 22:00:00,4,159,38,Medium,Friday,Rainy
2025-05-23 23:00:00,2,98,35,Low,Friday,Cloudy
2025-05-24 00:00:00,10,83,45,Low,Saturday,Clear
2025-05-24 01:00:00,2,172,165,Low,Saturday,Clear
2025-05-24 02:00:00,3,143,33,Medium,Saturday,Clear
2025-05-24 03:00:00,9,138,43,Medium,Saturday,Clear
2025-05-24 04:00:00,2,143,62,Low,Saturday,Clear
2025-05-24 05:00:00,8,119,88,Low,Saturday,Rainy
2025-05-24 06:00:00,9,174,43,Low,Saturday,Rainy
2025-05-24 07:00:00,3,85,36,High,Saturday,Clear
2025-05-24 08:00:00,10,127,104,Medium,Saturday,Clear
2025-05-24 09:00:00,7,102,45,High,Saturday,Clear
2025-05-24 10:00:00,6,187,160,High,Saturday,Rainy
2025-05-24 11:00:00,2,131,130,Medium,Saturday,Clear
2025-05-24 12:00:00,10,129,2,Medium,Saturday,Rainy
2025-05-24 13:00:00,7,153,23,Low,Saturday,Clear
2025-05-24 14:00:00,10,92,85,Medium,Saturday,Clear
2025-05-24 15:00:00,3,112,112,Medium,Saturday,Rainy
2025-05-24 16:00:00,6,159,135,Medium,Saturday,Clear
2025-05-24 17:00:00,7,198,98,High,Saturday,Clear
2025-05-24 18:00:00,2,112,95,High,Saturday,Clear
2025-05-24 19:00:00,6,115,67,Medium,Saturday,Cloudy
2025-05-24 20:00:00,9,194,186,High,Saturday,Clear
2025-05-24 21:00:00,5,140,40,Medium,Saturday,Clear
2025-05-24 22:00:00,7,142,52,Low,Saturday,Clear
2025-05-24 23:00:00,6,191,141,Medium,Saturday,Clear
2025-05-25 00:00:00,7,172,30,Low,Sunday,Clear
2025-05-25 01:00:00,1,170,56,Medium,Sunday,Clear
2025-05-25 02:00:00,3,179,49,Low,Sunday,Clear
2025-05-25 03:00:00,6,162,92,Low,Sunday,Rainy
2025-05-25 04:00:00,7,124,101,Medium,Sunday,Rainy
2025-05-25 05:00:00,3,186,96,Medium,Sunday,Clear
2025-05-25 06:00:00,10,131,27,Low,Sunday,Clear
2025-05-25 07:00:00,2,136,89,Medium,Sunday,Clear
2025-05-25 08:00:00,5,172,164,High,Sunday,Clear
2025-05-25 09:00:00,9,88,11,High,Sunday,Clear
2025-05-25 10:00:00,9,129,82,High,Sunday,Cloudy
2025-05-25 11:00:00,4,128,57,Medium,Sunday,Clear
2025-05-25 12:00:00,8,135,70,Medium,Sunday,Cloudy
2025-05-25 13:00:00,3,102,73,Low,Sunday,Clear
2025-05-25 14:00:00,10,142,43,Low,Sunday,Clear
2025-05-25 15:00:00,2,175,0,Medium,Sunday,Clear
2025-05-25 16:00:00,2,137,105,Medium,Sunday,Clear
2025-05-25 17:00:00,2,165,90,High,Sunday,Clear
2025-05-25 18:00:00,7,114,36,High,Sunday,Clear
2025-05-25 19:00:00,4,135,14,High,Sunday,Clear
2025-05-25 20:00:00,7,121,51,High,Sunday,Cloudy
2025-05-25 21:00:00,6,144,39,Low,Sunday,Clear
2025-05-25 22:00:00,5,123,60,Medium,Sunday,Cloudy
2025-05-25 23:00:00,3,91,18,Low,Sunday,Cloudy
2025-05-26 00:00:00,8,88,40,Low,Monday,Rainy
2025-05-26 01:00:00,9,103,5,Low,Monday,Cloudy
2025-05-26 02:00:00,9,136,118,Low,Monday,Clear
2025-05-26 03:00:00,1,165,8,Medium,Monday,Clear
2025-05-26 04:00:00,8,136,14,Medium,Monday,Clear
2025-05-26 05:00:00,9,192,107,Medium,Monday,Clear
2025-05-26 06:00:00,9,135,109,Low,Monday,Clear
2025-05-26 07:00:00,8,190,105,High,Monday,Clear
2025-05-26 08:00:00,5,173,144,High,Monday,Clear
2025-05-26 09:00:00,7,88,18,High,Monday,Clear
2025-05-26 10:00:00,10,101,46,High,Monday,Clear
2025-05-26 11:00:00,7,200,36,Low,Monday,Rainy
2025-05-26 12:00:00,9,196,93,Medium,Monday,Clear
2025-05-26 13:00:00,4,156,49,Medium,Monday,Cloudy
2025-05-26 14:00:00,8,189,35,Medium,Monday,Clear
2025-05-26 15:00:00,9,123,87,Medium,Monday,Cloudy
2025-05-26 16:00:00,5,89,68,Low,Monday,Cloudy
2025-05-26 17:00:00,3,155,65,Medium,Monday,Clear
2025-05-26 18:00:00,4,113,21,High,Monday,Clear
2025-05-26 19:00:00,1,125,51,Medium,Monday,Clear
2025-05-26 20:00:00,5,185,31,High,Monday,Cloudy
2025-05-26 21:00:00,9,131,99,Low,Monday,Clear
2025-05-26 22:00:00,1,192,134,Low,Monday,Clear
2025-05-26 23:00:00,5,168,2,Low,Monday,Clear
2025-05-27 00:00:00,3,151,143,Medium,Tuesday,Clear
2025-05-27 01:00:00,7,165,39,Medium,Tuesday,Clear
2025-05-27 02:00:00,3,109,20,Medium,Tuesday,Rainy
2025-05-27 03:00:00,3,186,32,Medium,Tuesday,Cloudy
2025-05-27 04:00:00,3,183,162,Low,Tuesday,Rainy
2025-05-27 05:00:00,8,182,59,Low,Tuesday,Clear
2025-05-27 06:00:00,10,167,137,Medium,Tuesday,Rainy
2025-05-27 07:00:00,7,146,43,High,Tuesday,Cloudy
2025-05-27 08:00:00,10,122,13,Medium,Tuesday,Cloudy
2025-05-27 09:00:00,7,117,73,Medium,Tuesday,Clear
2025-05-27 10:00:00,1,195,120,High,Tuesday,Clear
2025-05-27 11:00:00,3,193,84,Low,Tuesday,Clear
2025-05-27 12:00:00,2,150,77,Low,Tuesday,Clear
2025-05-27 13:00:00,5,100,13,Low,Tuesday,Clear
2025-05-27 14:00:00,7,129,122,Medium,Tuesday,Cloudy
2025-05-27 15:00:00,4,180,37,Low,Tuesday,Clear
2025-05-27 16:00:00,9,118,76,Medium,Tuesday,Clear
2025-05-27 17:00:00,8,165,78,Medium,Tuesday,Cloudy
2025-05-27 18:00:00,6,121,73,High,Tuesday,Cloudy
2025-05-27 19:00:00,10,161,103,High,Tuesday,Cloudy
2025-05-27 20:00:00,1,112,27,High,Tuesday,Cloudy
2025-05-27 21:00:00,3,127,101,Low,Tuesday,Clear
2025-05-27 22:00:00,2,162,19,Low,Tuesday,Cloudy
2025-05-27 23:00:00,1,107,100,Medium,Tuesday,Clear
2025-05-28 00:00:00,6,155,21,Low,Wednesday,Rainy
2025-05-28 01:00:00,10,165,6,Medium,Wednesday,Clear
2025-05-28 02:00:00,8,152,99,Medium,Wednesday,Clear
2025-05-28 03:00:00,4,142,66,Medium,Wednesday,Clear
2025-05-28 04:00:00,5,167,38,Low,Wednesday,Cloudy
2025-05-28 05:00:00,5,120,19,Medium,Wednesday,Rainy
2025-05-28 06:00:00,8,163,4,Low,Wednesday,Clear
2025-05-28 07:00:00,2,100,80,High,Wednesday,Clear
2025-05-28 08:00:00,8,171,166,High,Wednesday,Rainy
2025-05-28 09:00:00,8,86,77,Medium,Wednesday,Rainy
2025-05-28 10:00:00,9,121,107,High,Wednesday,Clear
2025-05-28 11:00:00,10,172,165,Low,Wednesday,Clear
2025-05-28 12:00:00,6,192,25,Medium,Wednesday,Clear
2025-05-28 13:00:00,7,155,13,Medium,Wednesday,Clear
2025-05-28 14:00:00,2,86,85,Medium,Wednesday,Rainy
2025-05-28 15:00:00,1,160,37,Low,Wednesday,Clear
2025-05-28 16:00:00,1,111,42,Medium,Wednesday,Clear
2025-05-28 17:00:00,1,125,105,Medium,Wednesday,Clear
2025-05-28 18:00:00,3,151,4,High,Wednesday,Clear
2025-05-28 19:00:00,4,116,90,High,Wednesday,Rainy
2025-05-28 20:00:00,2,105,57,High,Wednesday,Clear
2025-05-28 21:00:00,7,109,86,Low,Wednesday,Clear
2025-05-28 22:00:00,5,198,78,Low,Wednesday,Clear
2025-05-28 23:00:00,1,126,113,Low,Wednesday,Cloudy
2025-05-29 00:00:00,9,149,78,Medium,Thursday,Rainy
2025-05-29 01:00:00,9,137,42,Low,Thursday,Cloudy
2025-05-29 02:00:00,7,143,94,Medium,Thursday,Clear
2025-05-29 03:00:00,5,152,36,Low,Thursday,Clear
2025-05-29 04:00:00,6,148,139,Low,Thursday,Clear
2025-05-29 05:00:00,6,113,54,Low,Thursday,Cloudy
2025-05-29 06:00:00,8,117,94,Low,Thursday,Clear
2025-05-29 07:00:00,8,81,58,High,Thursday,Clear
2025-05-29 08:00:00,10,103,22,Medium,Thursday,Rainy
2025-05-29 09:00:00,4,129,65,High,Thursday,Rainy
2025-05-29 10:00:00,6,92,26,High,Thursday,Rainy
2025-05-29 11:00:00,6,81,80,Low,Thursday,Clear
2025-05-29 12:00:00,5,151,144,Medium,Thursday,Clear
2025-05-29 13:00:00,10,172,69,Medium,Thursday,Clear
2025-05-29 14:00:00,1,88,10,Medium,Thursday,Clear
2025-05-29 15:00:00,10,126,75,Medium,Thursday,Clear
2025-05-29 16:00:00,6,116,21,Low,Thursday,Clear
2025-05-29 17:00:00,7,128,60,High,Thursday,Clear
2025-05-29 18:00:00,8,136,17,High,Thursday,Clear
2025-05-29 19:00:00,1,121,77,High,Thursday,Clear
2025-05-29 20:00:00,9,168,147,High,Thursday,Cloudy
2025-05-29 21:00:00,1,144,85,Low,Thursday,Clear
2025-05-29 22:00:00,8,178,68,Low,Thursday,Rainy
2025-05-29 23:00:00,9,125,88,Low,Thursday,Clear
2025-05-30 00:00:00,9,125,87,Low,Friday,Cloudy
2025-05-30 01:00:00,10,95,1,Low,Friday,Cloudy
2025-05-30 02:00:00,5,119,7,Medium,Friday,Clear
2025-05-30 03:00:00,1,82,42,Medium,Friday,Clear
2025-05-30 04:00:00,4,122,74,Medium,Friday,Cloudy
2025-05-30 05:00:00,7,91,1,Low,Friday,Rainy
2025-05-30 06:00:00,9,191,22,Medium,Friday,Clear
2025-05-30 07:00:00,4,148,50,Medium,Friday,Rainy
2025-05-30 08:00:00,5,175,137,Medium,Friday,Clear
2025-05-30 09:00:00,5,190,44,High,Friday,Clear
2025-05-30 10:00:00,5,150,123,Medium,Friday,Cloudy
2025-05-30 11:00:00,2,140,46,Low,Friday,Clear
2025-05-30 12:00:00,4,146,103,Medium,Friday,Rainy
2025-05-30 13:00:00,9,137,90,Medium,Friday,Clear
2025-05-30 14:00:00,9,154,8,Low,Friday,Clear
2025-05-30 15:00:00,4,180,57,Low,Friday,Clear
2025-05-30 16:00:00,3,122,44,Low,Friday,Clear
2025-05-30 17:00:00,2,125,85,High,Friday,Cloudy
2025-05-30 18:00:00,5,161,145,Medium,Friday,Clear
2025-05-30 19:00:00,8,190,133,High,Friday,Cloudy
2025-05-30 20:00:00,7,156,96,Medium,Friday,Cloudy
2025-05-30 21:00:00,9,184,37,Low,Friday,Clear
2025-05-30 22:00:00,1,97,27,Medium,Friday,Clear
2025-05-30 23:00:00,2,127,94,Medium,Friday,Clear
2025-05-31 00:00:00,2,133,61,Medium,Saturday,Clear
2025-05-31 01:00:00,4,87,60,Medium,Saturday,Cloudy
2025-05-31 02:00:00,8,155,75,Low,Saturday,Clear
2025-05-31 03:00:00,9,106,27,Low,Saturday,Clear
2025-05-31 04:00:00,5,102,81,Low,Saturday,Cloudy
2025-05-31 05:00:00,7,180,4,Low,Saturday,Clear
2025-05-31 06:00:00,3,193,16,Medium,Saturday,Clear
2025-05-31 07:00:00,7,171,123,High,Saturday,Rainy
2025-05-31 08:00:00,10,156,103,High,Saturday,Clear
2025-05-31 09:00:00,1,151,72,High,Saturday,Cloudy
2025-05-31 10:00:00,1,162,139,High,Saturday,Clear
2025-05-31 11:00:00,3,143,42,Medium,Saturday,Clear
2025-05-31 12:00:00,10,161,12,Medium,Saturday,Clear
2025-05-31 13:00:00,10,134,125,Low,Saturday,Clear
2025-05-31 14:00:00,1,87,36,Medium,Saturday,Clear
2025-05-31 15:00:00,6,134,22,Low,Saturday,Cloudy
2025-05-31 16:00:00,1,151,122,Low,Saturday,Clear
2025-05-31 17:00:00,5,88,85,High,Saturday,Clear
2025-05-31 18:00:00,8,164,124,High,Saturday,Clear
2025-05-31 19:00:00,8,129,124,High,Saturday,Clear
2025-05-31 20:00:00,2,91,62,High,Saturday,Clear
2025-05-31 21:00:00,9,168,127,Low,Saturday,Cloudy
2025-05-31 22:00:00,7,130,73,Low,Saturday,Rainy
2025-05-31 23:00:00,6,106,76,Low,Saturday,Cloudy
2025-06-01 00:00:00,2,93,81,Medium,Sunday,Cloudy
2025-06-01 01:00:00,6,192,180,Medium,Sunday,Clear
2025-06-01 02:00:00,5,124,55,Low,Sunday,Cloudy
2025-06-01 03:00:00,3,92,15,Low,Sunday,Clear
2025-06-01 04:00:00,7,155,131,Medium,Sunday,Rainy
2025-06-01 05:00:00,2,158,95,Medium,Sunday,Clear
2025-06-01 06:00:00,2,99,58,Low,Sunday,Clear
2025-06-01 07:00:00,8,114,47,High,Sunday,Clear
2025-06-01 08:00:00,10,98,61,Medium,Sunday,Clear
2025-06-01 09:00:00,6,182,139,Medium,Sunday,Clear
2025-06-01 10:00:00,5,140,106,High,Sunday,Clear
2025-06-01 11:00:00,2,145,143,Low,Sunday,Cloudy
2025-06-01 12:00:00,6,111,65,Low,Sunday,Cloudy
2025-06-01 13:00:00,8,149,93,Low,Sunday,Clear
2025-06-01 14:00:00,9,131,16,Medium,Sunday,Clear
2025-06-01 15:00:00,3,183,29,Medium,Sunday,Rainy
2025-06-01 16:00:00,5,192,56,Medium,Sunday,Cloudy
2025-06-01 17:00:00,10,88,64,Medium,Sunday,Clear
2025-06-01 18:00:00,8,112,61,High,Sunday,Clear
2025-06-01 19:00:00,3,86,39,High,Sunday,Rainy
2025-06-01 20:00:00,9,113,86,High,Sunday,Cloudy
2025-06-01 21:00:00,3,80,2,Medium,Sunday,Cloudy
2025-06-01 22:00:00,2,83,48,Medium,Sunday,Clear
2025-06-01 23:00:00,9,143,19,Medium,Sunday,Clear
2025-06-02 00:00:00,8,121,71,Low,Monday,Clear
2025-06-02 01:00:00,2,133,131,Low,Monday,Clear
2025-06-02 02:00:00,4,127,74,Low,Monday,Clear
2025-06-02 03:00:00,6,138,120,Medium,Monday,Rainy
2025-06-02 04:00:00,9,149,22,Low,Monday,Clear
2025-06-02 05:00:00,2,124,47,Medium,Monday,Clear
2025-06-02 06:00:00,4,178,54,Medium,Monday,Clear
2025-06-02 07:00:00,10,81,48,High,Monday,Clear
2025-06-02 08:00:00,2,183,127,High,Monday,Clear
2025-06-02 09:00:00,3,91,73,High,Monday,Rainy
2025-06-02 10:00:00,8,194,33,High,Monday,Clear
2025-06-02 11:00:00,6,93,90,Medium,Monday,Rainy
2025-06-02 12:00:00,9,92,8,Low,Monday,Rainy
2025-06-02 13:00:00,6,156,92,Low,Monday,Rainy
2025-06-02 14:00:00,4,97,97,Low,Monday,Clear
2025-06-02 15:00:00,3,139,104,Low,Monday,Cloudy
2025-06-02 16:00:00,6,121,117,Low,Monday,Clear
2025-06-02 17:00:00,5,132,124,Medium,Monday,Cloudy
2025-06-02 18:00:00,9,169,146,High,Monday,Clear
2025-06-02 19:00:00,2,187,2,High,Monday,Cloudy
2025-06-02 20:00:00,1,115,104,High,Monday,Clear
2025-06-02 21:00:00,9,106,10,Medium,Monday,Rainy
2025-06-02 22:00:00,9,135,70,Medium,Monday,Clear
2025-06-02 23:00:00,5,142,53,Medium,Monday,Clear
2025-06-03 00:00:00,1,178,144,Low,Tuesday,Clear
2025-06-03 01:00:00,5,133,85,Medium,Tuesday,Clear
2025-06-03 02:00:00,3,152,86,Low,Tuesday,Clear
2025-06-03 03:00:00,8,122,61,Medium,Tuesday,Clear
2025-06-03 04:00:00,5,151,128,Low,Tuesday,Clear
2025-06-03 05:00:00,5,93,72,Low,Tuesday,Clear
2025-06-03 06:00:00,6,88,66,Medium,Tuesday,Clear
2025-06-03 07:00:00,7,106,59,Medium,Tuesday,Clear
2025-06-03 08:00:00,4,163,9,Medium,Tuesday,Cloudy
2025-06-03 09:00:00,8,127,35,High,Tuesday,Cloudy
2025-06-03 10:00:00,1,195,77,High,Tuesday,Cloudy
2025-06-03 11:00:00,10,137,106,Low,Tuesday,Cloudy
2025-06-03 12:00:00,5,110,58,Low,Tuesday,Clear
2025-06-03 13:00:00,5,155,92,Medium,Tuesday,Clear
2025-06-03 14:00:00,6,134,0,Low,Tuesday,Cloudy
2025-06-03 15:00:00,9,195,34,Low,Tuesday,Clear
2025-06-03 16:00:00,6,136,88,Low,Tuesday,Rainy
2025-06-03 17:00:00,7,129,51,High,Tuesday,Cloudy
2025-06-03 18:00:00,2,179,74,High,Tuesday,Clear
2025-06-03 19:00:00,5,99,12,High,Tuesday,Cloudy
2025-06-03 20:00:00,6,102,5,High,Tuesday,Clear
2025-06-03 21:00:00,4,180,169,Low,Tuesday,Rainy
2025-06-03 22:00:00,10,99,72,Medium,Tuesday,Clear
2025-06-03 23:00:00,7,196,194,Low,Tuesday,Clear
2025-06-04 00:00:00,9,127,119,Low,Wednesday,Cloudy
2025-06-04 01:00:00,8,130,106,Low,Wednesday,Rainy
2025-06-04 02:00:00,5,178,154,Medium,Wednesday,Rainy
2025-06-04 03:00:00,8,153,82,Low,Wednesday,Clear
2025-06-04 04:00:00,9,123,37,Low,Wednesday,Cloudy
2025-06-04 05:00:00,2,98,42,Low,Wednesday,Clear
2025-06-04 06:00:00,5,132,104,Medium,Wednesday,Clear
2025-06-04 07:00:00,6,188,143,High,Wednesday,Clear
2025-06-04 08:00:00,6,85,0,High,Wednesday,Clear
2025-06-04 09:00:00,4,106,105,High,Wednesday,Rainy
2025-06-04 10:00:00,9,95,86,Medium,Wednesday,Clear
2025-06-04 11:00:00,4,111,35,Low,Wednesday,Cloudy
2025-06-04 12:00:00,6,91,14,Low,Wednesday,Clear
2025-06-04 13:00:00,4,82,32,Low,Wednesday,Cloudy
2025-06-04 14:00:00,5,135,32,Low,Wednesday,Cloudy
2025-06-04 15:00:00,7,122,77,Low,Wednesday,Cloudy
2025-06-04 16:00:00,2,158,58,Medium,Wednesday,Clear
2025-06-04 17:00:00,10,92,21,Medium,Wednesday,Rainy
2025-06-04 18:00:00,10,154,150,Medium,Wednesday,Rainy
2025-06-04 19:00:00,8,151,10,High,Wednesday,Rainy
2025-06-04 20:00:00,7,102,21,Medium,Wednesday,Clear
2025-06-04 21:00:00,6,135,119,Medium,Wednesday,Rainy
2025-06-04 22:00:00,3,159,129,Medium,Wednesday,Clear
2025-06-04 23:00:00,10,132,3,Medium,Wednesday,Clear
2025-06-05 00:00:00,4,147,118,Medium,Thursday,Clear
2025-06-05 01:00:00,6,159,15,Low,Thursday,Cloudy
2025-06-05 02:00:00,9,187,24,Medium,Thursday,Clear
2025-06-05 03:00:00,4,176,157,Low,Thursday,Cloudy
2025-06-05 04:00:00,2,82,64,Medium,Thursday,Cloudy
2025-06-05 05:00:00,10,190,128,Medium,Thursday,Clear
2025-06-05 06:00:00,7,105,55,Low,Thursday,Clear
2025-06-05 07:00:00,8,189,33,High,Thursday,Cloudy
2025-06-05 08:00:00,9,139,135,High,Thursday,Clear
2025-06-05 09:00:00,2,86,27,High,Thursday,Clear
2025-06-05 10:00:00,10,93,86,High,Thursday,Clear
2025-06-05 11:00:00,8,190,90,Medium,Thursday,Rainy
2025-06-05 12:00:00,4,156,52,Medium,Thursday,Rainy
2025-06-05 13:00:00,8,194,53,Low,Thursday,Cloudy
2025-06-05 14:00:00,10,174,51,Medium,Thursday,Clear
2025-06-05 15:00:00,5,169,89,Low,Thursday,Cloudy
2025-06-05 16:00:00,2,126,91,Medium,Thursday,Clear
2025-06-05 17:00:00,2,81,9,High,Thursday,Cloudy
2025-06-05 18:00:00,9,135,57,High,Thursday,Clear
2025-06-05 19:00:00,3,159,157,High,Thursday,Clear
2025-06-05 20:00:00,1,131,90,High,Thursday,Cloudy
2025-06-05 21:00:00,9,152,137,Low,Thursday,Cloudy
2025-06-05 22:00:00,6,188,176,Low,Thursday,Clear
2025-06-05 23:00:00,6,171,157,Low,Thursday,Clear
2025-06-06 00:00:00,4,144,116,Medium,Friday,Rainy
2025-06-06 01:00:00,1,123,43,Medium,Friday,Clear
2025-06-06 02:00:00,2,116,10,Medium,Friday,Clear
2025-06-06 03:00:00,8,139,16,Low,Friday,Cloudy
2025-06-06 04:00:00,5,172,101,Low,Friday,Rainy
2025-06-06 05:00:00,5,122,44,Low,Friday,Cloudy
2025-06-06 06:00:00,5,123,27,Medium,Friday,Cloudy
2025-06-06 07:00:00,5,186,10,Medium,Friday,Rainy
2025-06-06 08:00:00,6,163,109,High,Friday,Clear
2025-06-06 09:00:00,7,114,39,Medium,Friday,Clear
2025-06-06 10:00:00,9,149,45,Medium,Friday,Clear
2025-06-06 11:00:00,5,178,172,Low,Friday,Rainy
2025-06-06 12:00:00,5,114,41,Low,Friday,Clear
2025-06-06 13:00:00,8,145,93,Medium,Friday,Clear
2025-06-06 14:00:00,8,176,123,Low,Friday,Clear
2025-06-06 15:00:00,5,80,5,Medium,Friday,Rainy
2025-06-06 16:00:00,6,143,130,Medium,Friday,Cloudy
2025-06-06 17:00:00,8,181,48,High,Friday,Clear
2025-06-06 18:00:00,5,82,18,High,Friday,Clear
2025-06-06 19:00:00,10,149,102,Medium,Friday,Cloudy
2025-06-06 20:00:00,6,137,95,High,Friday,Clear
2025-06-06 21:00:00,10,156,48,Low,Friday,Clear
2025-06-06 22:00:00,2,81,55,Low,Friday,Clear
2025-06-06 23:00:00,5,87,61,Low,Friday,Clear
2025-06-07 00:00:00,1,119,8,Medium,Saturday,Cloudy
2025-06-07 01:00:00,2,114,86,Medium,Saturday,Cloudy
2025-06-07 02:00:00,4,188,166,Medium,Saturday,Rainy
2025-06-07 03:00:00,10,175,19,Low,Saturday,Cloudy
2025-06-07 04:00:00,3,168,87,Medium,Saturday,Clear
2025-06-07 05:00:00,1,158,133,Low,Saturday,Clear
2025-06-07 06:00:00,8,136,28,Low,Saturday,Clear
2025-06-07 07:00:00,3,131,119,High,Saturday,Cloudy
2025-06-07 08:00:00,10,194,33,High,Saturday,Cloudy
2025-06-07 09:00:00,1,175,58,High,Saturday,Clear
2025-06-07 10:00:00,2,198,67,High,Saturday,Rainy
2025-06-07 11:00:00,9,101,49,Low,Saturday,Clear
2025-06-07 12:00:00,2,163,84,Low,Saturday,Rainy
2025-06-07 13:00:00,2,111,78,Low,Saturday,Clear
2025-06-07 14:00:00,6,167,134,Medium,Saturday,Rainy
2025-06-07 15:00:00,10,128,107,Medium,Saturday,Rainy
2025-06-07 16:00:00,7,129,60,Low,Saturday,Clear
2025-06-07 17:00:00,7,140,93,Medium,Saturday,Clear
2025-06-07 18:00:00,9,141,129,High,Saturday,Cloudy
2025-06-07 19:00:00,2,179,75,High,Saturday,Cloudy
2025-06-07 20:00:00,6,130,119,High,Saturday,Cloudy
2025-06-07 21:00:00,10,112,11,Low,Saturday,Clear
2025-06-07 22:00:00,6,144,22,Low,Saturday,Cloudy
2025-06-07 23:00:00,7,181,154,Medium,Saturday,Clear
2025-06-08 00:00:00,10,100,35,Medium,Sunday,Cloudy
2025-06-08 01:00:00,1,152,110,Medium,Sunday,Clear
2025-06-08 02:00:00,4,123,86,Low,Sunday,Clear
2025-06-08 03:00:00,8,149,88,Medium,Sunday,Clear
2025-06-08 04:00:00,3,120,77,Low,Sunday,Clear
2025-06-08 05:00:00,10,192,71,Low,Sunday,Clear
2025-06-08 06:00:00,1,105,77,Medium,Sunday,Cloudy
2025-06-08 07:00:00,10,199,14,Medium,Sunday,Cloudy
2025-06-08 08:00:00,10,150,27,Medium,Sunday,Clear
2025-06-08 09:00:00,10,98,71,Medium,Sunday,Clear
2025-06-08 10:00:00,8,167,85,Medium,Sunday,Cloudy
2025-06-08 11:00:00,8,149,116,Medium,Sunday,Clear
2025-06-08 12:00:00,7,154,152,Low,Sunday,Cloudy
2025-06-08 13:00:00,8,179,47,Low,Sunday,Cloudy
2025-06-08 14:00:00,1,133,122,Low,Sunday,Clear
2025-06-08 15:00:00,7,130,125,Low,Sunday,Clear
2025-06-08 16:00:00,1,100,37,Low,Sunday,Clear
2025-06-08 17:00:00,3,144,58,High,Sunday,Clear
2025-06-08 18:00:00,7,125,52,Medium,Sunday,Clear
2025-06-08 19:00:00,9,175,135,High,Sunday,Clear
2025-06-08 20:00:00,9,87,1,Medium,Sunday,Rainy
2025-06-08 21:00:00,7,160,121,Low,Sunday,Clear
2025-06-08 22:00:00,4,179,131,Low,Sunday,Clear
2025-06-08 23:00:00,3,181,103,Low,Sunday,Clear
2025-06-09 00:00:00,4,161,31,Low,Monday,Clear
2025-06-09 01:00:00,2,142,20,Low,Monday,Cloudy
2025-06-09 02:00:00,5,135,16,Medium,Monday,Clear
2025-06-09 03:00:00,1,160,76,Low,Monday,Clear
2025-06-09 04:00:00,9,100,59,Low,Monday,Clear
2025-06-09 05:00:00,3,200,149,Low,Monday,Clear
2025-06-09 06:00:00,7,115,70,Medium,Monday,Clear
2025-06-09 07:00:00,8,115,9,High,Monday,Clear
2025-06-09 08:00:00,8,103,38,High,Monday,Rainy
2025-06-09 09:00:00,9,168,74,High,Monday,Clear
2025-06-09 10:00:00,1,137,48,High,Monday,Clear
2025-06-09 11:00:00,3,90,30,Low,Monday,Clear
2025-06-09 12:00:00,2,101,24,Medium,Monday,Clear
2025-06-09 13:00:00,7,164,50,Low,Monday,Clear
2025-06-09 14:00:00,4,185,72,Medium,Monday,Clear
2025-06-09 15:00:00,7,171,39,Low,Monday,Clear
2025-06-09 16:00:00,8,100,65,Low,Monday,Clear
2025-06-09 17:00:00,10,181,115,High,Monday,Cloudy
2025-06-09 18:00:00,5,191,188,High,Monday,Clear
2025-06-09 19:00:00,1,164,37,High,Monday,Clear
2025-06-09 20:00:00,9,162,161,Medium,Monday,Clear
2025-06-09 21:00:00,3,99,32,Low,Monday,Clear
2025-06-09 22:00:00,4,154,77,Medium,Monday,Rainy
2025-06-09 23:00:00,3,151,132,Low,Monday,Rainy
2025-06-10 00:00:00,9,122,99,Low,Tuesday,Rainy
2025-06-10 01:00:00,1,143,49,Low,Tuesday,Clear
2025-06-10 02:00:00,7,185,29,Medium,Tuesday,Cloudy
2025-06-10 03:00:00,7,175,129,Medium,Tuesday,Cloudy
2025-06-10 04:00:00,10,158,53,Medium,Tuesday,Clear
2025-06-10 05:00:00,6,173,10,Low,Tuesday,Clear
2025-06-10 06:00:00,10,131,90,Low,Tuesday,Clear
2025-06-10 07:00:00,8,195,41,Medium,Tuesday,Clear
2025-06-10 08:00:00,4,111,30,Medium,Tuesday,Clear
2025-06-10 09:00:00,7,113,76,High,Tuesday,Clear
2025-06-10 10:00:00,9,174,133,Medium,Tuesday,Clear
2025-06-10 11:00:00,6,183,23,Medium,Tuesday,Clear
2025-06-10 12:00:00,3,198,191,Low,Tuesday,Clear
2025-06-10 13:00:00,9,187,160,Low,Tuesday,Clear
2025-06-10 14:00:00,10,113,69,Low,Tuesday,Cloudy
2025-06-10 15:00:00,2,109,98,Medium,Tuesday,Clear
2025-06-10 16:00:00,5,88,24,Medium,Tuesday,Cloudy
2025-06-10 17:00:00,1,115,25,High,Tuesday,Cloudy
2025-06-10 18:00:00,10,86,7,High,Tuesday,Cloudy
2025-06-10 19:00:00,5,152,145,Medium,Tuesday,Cloudy
2025-06-10 20:00:00,8,189,52,High,Tuesday,Clear
2025-06-10 21:00:00,1,114,5,Low,Tuesday,Clear
2025-06-10 22:00:00,10,154,43,Medium,Tuesday,Clear
2025-06-10 23:00:00,2,142,129,Medium,Tuesday,Clear
2025-06-11 00:00:00,5,138,12,Medium,Wednesday,Clear
2025-06-11 01:00:00,1,196,37,Low,Wednesday,Clear
2025-06-11 02:00:00,1,130,107,Low,Wednesday,Clear
2025-06-11 03:00:00,10,182,174,Low,Wednesday,Clear
2025-06-11 04:00:00,1,104,100,Low,Wednesday,Clear
2025-06-11 05:00:00,4,141,64,Medium,Wednesday,Clear
2025-06-11 06:00:00,9,105,35,Low,Wednesday,Cloudy
2025-06-11 07:00:00,7,174,142,Medium,Wednesday,Clear
2025-06-11 08:00:00,3,153,89,Medium,Wednesday,Rainy
2025-06-11 09:00:00,1,132,44,Medium,Wednesday,Clear
2025-06-11 10:00:00,10,110,46,High,Wednesday,Clear
2025-06-11 11:00:00,7,123,5,Low,Wednesday,Clear
2025-06-11 12:00:00,6,178,61,Medium,Wednesday,Rainy
2025-06-11 13:00:00,7,107,28,Low,Wednesday,Clear
2025-06-11 14:00:00,10,87,76,Low,Wednesday,Clear
2025-06-11 15:00:00,2,105,48,Medium,Wednesday,Cloudy
2025-06-11 16:00:00,5,160,41,Low,Wednesday,Clear
2025-06-11 17:00:00,5,132,25,High,Wednesday,Clear
2025-06-11 18:00:00,3,132,64,Medium,Wednesday,Cloudy
2025-06-11 19:00:00,10,188,86,High,Wednesday,Clear
2025-06-11 20:00:00,3,146,43,High,Wednesday,Cloudy
2025-06-11 21:00:00,5,134,38,Low,Wednesday,Clear
2025-06-11 22:00:00,10,110,25,Low,Wednesday,Clear
2025-06-11 23:00:00,4,84,56,Medium,Wednesday,Clear
2025-06-12 00:00:00,4,152,1,Low,Thursday,Clear
2025-06-12 01:00:00,7,192,182,Low,Thursday,Clear
2025-06-12 02:00:00,1,100,10,Medium,Thursday,Cloudy
2025-06-12 03:00:00,9,127,109,Low,Thursday,Clear
2025-06-12 04:00:00,10,177,109,Medium,Thursday,Clear
2025-06-12 05:00:00,6,141,43,Medium,Thursday,Rainy
2025-06-12 06:00:00,6,150,13,Low,Thursday,Clear
2025-06-12 07:00:00,3,199,1,High,Thursday,Rainy
2025-06-12 08:00:00,1,109,37,High,Thursday,Clear
2025-06-12 09:00:00,5,150,102,High,Thursday,Clear
2025-06-12 10:00:00,1,116,50,High,Thursday,Cloudy
2025-06-12 11:00:00,6,170,121,Low,Thursday,Clear
2025-06-12 12:00:00,3,113,98,Medium,Thursday,Clear
2025-06-12 13:00:00,4,164,104,Low,Thursday,Clear
2025-06-12 14:00:00,3,159,40,Low,Thursday,Clear
2025-06-12 15:00:00,10,136,89,Low,Thursday,Clear
2025-06-12 16:00:00,9,91,57,Low,Thursday,Clear
2025-06-12 17:00:00,10,95,62,High,Thursday,Clear
2025-06-12 18:00:00,1,186,134,Medium,Thursday,Rainy
2025-06-12 19:00:00,7,101,15,High,Thursday,Clear
2025-06-12 20:00:00,1,171,58,High,Thursday,Cloudy
2025-06-12 21:00:00,10,123,119,Low,Thursday,Rainy
2025-06-12 22:00:00,2,162,46,Low,Thursday,Cloudy
2025-06-12 23:00:00,4,90,7,Low,Thursday,Cloudy
2025-06-13 00:00:00,6,92,77,Low,Friday,Cloudy
2025-06-13 01:00:00,2,128,27,Low,Friday,Rainy
2025-06-13 02:00:00,3,198,74,Low,Friday,Clear
2025-06-13 03:00:00,1,198,186,Low,Friday,Rainy
2025-06-13 04:00:00,6,194,164,Medium,Friday,Clear
2025-06-13 05:00:00,7,82,25,Medium,Friday,Clear
2025-06-13 06:00:00,10,155,78,Medium,Friday,Clear
2025-06-13 07:00:00,2,86,41,High,Friday,Cloudy
2025-06-13 08:00:00,3,177,102,Medium,Friday,Clear
2025-06-13 09:00:00,7,167,31,Medium,Friday,Cloudy
2025-06-13 10:00:00,7,197,121,High,Friday,Clear
2025-06-13 11:00:00,8,185,83,Medium,Friday,Rainy
2025-06-13 12:00:00,1,174,10,Low,Friday,Clear
2025-06-13 13:00:00,6,141,136,Low,Friday,Clear
2025-06-13 14:00:00,5,143,92,Low,Friday,Rainy
2025-06-13 15:00:00,8,106,52,Low,Friday,Clear
2025-06-13 16:00:00,5,200,67,Low,Friday,Clear
2025-06-13 17:00:00,7,122,72,High,Friday,Clear
2025-06-13 18:00:00,7,168,92,High,Friday,Clear
2025-06-13 19:00:00,9,83,42,High,Friday,Cloudy
2025-06-13 20:00:00,7,164,105,Medium,Friday,Clear
2025-06-13 21:00:00,1,167,142,Low,Friday,Clear
2025-06-13 22:00:00,3,155,17,Low,Friday,Clear
2025-06-13 23:00:00,1,84,17,Low,Friday,Cloudy
2025-06-14 00:00:00,1,133,127,Low,Saturday,Clear
2025-06-14 01:00:00,9,123,93,Medium,Saturday,Clear
2025-06-14 02:00:00,5,194,32,Medium,Saturday,Clear
2025-06-14 03:00:00,1,150,102,Medium,Saturday,Clear
2025-06-14 04:00:00,2,173,77,Low,Saturday,Clear
2025-06-14 05:00:00,1,154,11,Low,Saturday,Clear
2025-06-14 06:00:00,9,168,165,Medium,Saturday,Clear
2025-06-14 07:00:00,6,138,99,Medium,Saturday,Clear
2025-06-14 08:00:00,3,165,3,Medium,Saturday,Rainy
2025-06-14 09:00:00,9,153,66,Medium,Saturday,Clear
2025-06-14 10:00:00,1,118,17,High,Saturday,Clear
2025-06-14 11:00:00,6,154,54,Medium,Saturday,Clear
2025-06-14 12:00:00,1,153,1,Low,Saturday,Rainy
2025-06-14 13:00:00,9,117,51,Low,Saturday,Clear
2025-06-14 14:00:00,6,155,11,Medium,Saturday,Clear
2025-06-14 15:00:00,7,99,29,Medium,Saturday,Cloudy
2025-06-14 16:00:00,10,180,130,Medium,Saturday,Cloudy
2025-06-14 17:00:00,5,127,24,High,Saturday,Cloudy
2025-06-14 18:00:00,5,133,29,High,Saturday,Rainy
2025-06-14 19:00:00,3,140,61,Medium,Saturday,Clear
2025-06-14 20:00:00,5,194,30,High,Saturday,Clear
2025-06-14 21:00:00,1,126,24,Low,Saturday,Clear
2025-06-14 22:00:00,9,109,39,Low,Saturday,Cloudy
2025-06-14 23:00:00,2,108,93,Low,Saturday,Clear
2025-06-15 00:00:00,8,119,20,Medium,Sunday,Clear
2025-06-15 01:00:00,5,150,116,Low,Sunday,Cloudy
2025-06-15 02:00:00,2,82,23,Low,Sunday,Clear
2025-06-15 03:00:00,1,89,11,Low,Sunday,Clear
2025-06-15 04:00:00,10,179,93,Medium,Sunday,Clear
2025-06-15 05:00:00,6,88,12,Medium,Sunday,Clear
2025-06-15 06:00:00,2,88,33,Medium,Sunday,Clear
2025-06-15 07:00:00,9,83,3,Medium,Sunday,Clear
2025-06-15 08:00:00,2,160,71,Medium,Sunday,Rainy
2025-06-15 09:00:00,7,152,58,High,Sunday,Cloudy
2025-06-15 10:00:00,1,153,101,High,Sunday,Cloudy
2025-06-15 11:00:00,1,107,12,Medium,Sunday,Rainy
2025-06-15 12:00:00,3,198,24,Low,Sunday,Clear
2025-06-15 13:00:00,1,103,90,Low,Sunday,Clear
2025-06-15 14:00:00,8,196,15,Low,Sunday,Rainy
2025-06-15 15:00:00,3,107,22,Low,Sunday,Cloudy
2025-06-15 16:00:00,8,138,97,Low,Sunday,Clear
2025-06-15 17:00:00,6,106,80,High,Sunday,Rainy
2025-06-15 18:00:00,5,107,64,High,Sunday,Cloudy
2025-06-15 19:00:00,1,144,118,High,Sunday,Cloudy
2025-06-15 20:00:00,8,145,6,Medium,Sunday,Clear
2025-06-15 21:00:00,10,102,50,Medium,Sunday,Clear
2025-06-15 22:00:00,9,111,30,Medium,Sunday,Clear
2025-06-15 23:00:00,2,98,83,Low,Sunday,Clear
2025-06-16 00:00:00,4,196,16,Medium,Monday,Clear
2025-06-16 01:00:00,3,105,81,Medium,Monday,Clear
2025-06-16 02:00:00,3,148,109,Low,Monday,Clear
2025-06-16 03:00:00,6,128,76,Low,Monday,Cloudy
2025-06-16 04:00:00,8,156,74,Medium,Monday,Cloudy
2025-06-16 05:00:00,2,130,40,Low,Monday,Clear
2025-06-16 06:00:00,6,80,27,Low,Monday,Clear
2025-06-16 07:00:00,4,124,34,High,Monday,Cloudy
2025-06-16 08:00:00,10,163,14,High,Monday,Clear
2025-06-16 09:00:00,6,197,8,Medium,Monday,Cloudy
2025-06-16 10:00:00,7,134,52,High,Monday,Clear
2025-06-16 11:00:00,4,111,44,Low,Monday,Cloudy
2025-06-16 12:00:00,7,84,18,Medium,Monday,Clear
2025-06-16 13:00:00,8,183,21,Low,Monday,Clear
2025-06-16 14:00:00,6,185,102,Low,Monday,Clear
2025-06-16 15:00:00,7,169,139,Medium,Monday,Clear
2025-06-16 16:00:00,10,125,22,Medium,Monday,Clear
2025-06-16 17:00:00,10,172,167,High,Monday,Cloudy
2025-06-16 18:00:00,6,101,77,High,Monday,Clear
2025-06-16 19:00:00,8,118,33,High,Monday,Clear
2025-06-16 20:00:00,6,103,88,High,Monday,Clear
2025-06-16 21:00:00,4,135,87,Medium,Monday,Cloudy
2025-06-16 22:00:00,4,110,92,Medium,Monday,Cloudy
2025-06-16 23:00:00,5,180,14,Low,Monday,Clear
2025-06-17 00:00:00,1,176,171,Low,Tuesday,Cloudy
2025-06-17 01:00:00,2,123,39,Low,Tuesday,Clear
2025-06-17 02:00:00,4,180,92,Medium,Tuesday,Clear
2025-06-17 03:00:00,10,95,48,Medium,Tuesday,Cloudy
2025-06-17 04:00:00,4,108,62,Medium,Tuesday,Clear
2025-06-17 05:00:00,4,199,114,Medium,Tuesday,Cloudy
2025-06-17 06:00:00,9,89,15,Medium,Tuesday,Rainy
2025-06-17 07:00:00,9,118,95,Medium,Tuesday,Rainy
2025-06-17 08:00:00,4,189,156,High,Tuesday,Cloudy
2025-06-17 09:00:00,9,157,8,Medium,Tuesday,Clear
2025-06-17 10:00:00,10,106,100,High,Tuesday,Cloudy
2025-06-17 11:00:00,5,147,108,Low,Tuesday,Clear
2025-06-17 12:00:00,1,187,15,Medium,Tuesday,Rainy
2025-06-17 13:00:00,7,119,118,Low,Tuesday,Clear
2025-06-17 14:00:00,9,179,82,Medium,Tuesday,Cloudy
2025-06-17 15:00:00,7,104,59,Low,Tuesday,Clear
2025-06-17 16:00:00,4,179,64,Medium,Tuesday,Clear
2025-06-17 17:00:00,9,105,64,High,Tuesday,Clear
2025-06-17 18:00:00,3,180,55,High,Tuesday,Clear
2025-06-17 19:00:00,9,153,61,Medium,Tuesday,Clear
2025-06-17 20:00:00,9,104,65,High,Tuesday,Cloudy
2025-06-17 21:00:00,9,168,74,Medium,Tuesday,Clear
2025-06-17 22:00:00,3,97,94,Medium,Tuesday,Clear
2025-06-17 23:00:00,6,114,10,Medium,Tuesday,Cloudy
2025-06-18 00:00:00,7,143,2,Medium,Wednesday,Clear
2025-06-18 01:00:00,6,138,1,Low,Wednesday,Rainy
2025-06-18 02:00:00,9,101,73,Low,Wednesday,Clear
2025-06-18 03:00:00,6,165,112,Medium,Wednesday,Clear
2025-06-18 04:00:00,9,200,116,Low,Wednesday,Cloudy
2025-06-18 05:00:00,3,103,67,Medium,Wednesday,Clear
2025-06-18 06:00:00,1,189,107,Low,Wednesday,Clear
2025-06-18 07:00:00,3,154,36,High,Wednesday,Clear
2025-06-18 08:00:00,1,95,13,High,Wednesday,Clear
2025-06-18 09:00:00,3,181,163,High,Wednesday,Cloudy
2025-06-18 10:00:00,10,117,117,Medium,Wednesday,Cloudy
2025-06-18 11:00:00,1,174,15,Medium,Wednesday,Rainy
2025-06-18 12:00:00,9,86,50,Low,Wednesday,Cloudy
2025-06-18 13:00:00,10,174,110,Low,Wednesday,Clear
2025-06-18 14:00:00,1,182,103,Low,Wednesday,Clear
2025-06-18 15:00:00,5,113,82,Low,Wednesday,Clear
2025-06-18 16:00:00,5,152,41,Medium,Wednesday,Clear
2025-06-18 17:00:00,4,199,4,High,Wednesday,Clear
2025-06-18 18:00:00,6,155,108,Medium,Wednesday,Rainy
2025-06-18 19:00:00,3,111,78,High,Wednesday,Clear
2025-06-18 20:00:00,5,186,143,High,Wednesday,Rainy
2025-06-18 21:00:00,1,197,108,Low,Wednesday,Rainy
2025-06-18 22:00:00,6,109,84,Low,Wednesday,Cloudy
2025-06-18 23:00:00,10,170,42,Low,Wednesday,Clear
2025-06-19 00:00:00,6,117,82,Low,Thursday,Rainy
2025-06-19 01:00:00,8,89,86,Low,Thursday,Clear
2025-06-19 02:00:00,8,175,148,Medium,Thursday,Clear
2025-06-19 03:00:00,2,133,126,Low,Thursday,Cloudy
2025-06-19 04:00:00,3,161,117,Medium,Thursday,Clear
2025-06-19 05:00:00,9,169,46,Low,Thursday,Clear
2025-06-19 06:00:00,8,98,60,Low,Thursday,Clear
2025-06-19 07:00:00,9,178,50,High,Thursday,Clear
2025-06-19 08:00:00,2,152,146,Medium,Thursday,Rainy
2025-06-19 09:00:00,4,154,77,High,Thursday,Cloudy
2025-06-19 10:00:00,3,80,65,High,Thursday,Clear
2025-06-19 11:00:00,9,113,51,Low,Thursday,Cloudy
2025-06-19 12:00:00,8,173,116,Medium,Thursday,Rainy
2025-06-19 13:00:00,2,155,96,Low,Thursday,Cloudy
2025-06-19 14:00:00,10,178,100,Medium,Thursday,Clear
2025-06-19 15:00:00,7,161,29,Medium,Thursday,Cloudy
2025-06-19 16:00:00,1,155,67,Medium,Thursday,Clear
2025-06-19 17:00:00,9,159,69,High,Thursday,Cloudy
2025-06-19 18:00:00,5,181,155,Medium,Thursday,Clear
2025-06-19 19:00:00,7,199,138,Medium,Thursday,Clear
2025-06-19 20:00:00,7,161,52,Medium,Thursday,Clear
2025-06-19 21:00:00,2,149,6,Low,Thursday,Clear
2025-06-19 22:00:00,4,91,12,Medium,Thursday,Clear
2025-06-19 23:00:00,1,82,65,Low,Thursday,Rainy
2025-06-20 00:00:00,8,106,67,Low,Friday,Cloudy
2025-06-20 01:00:00,2,120,63,Low,Friday,Cloudy
2025-06-20 02:00:00,8,105,8,Low,Friday,Cloudy
2025-06-20 03:00:00,2,155,100,Low,Friday,Clear
2025-06-20 04:00:00,6,183,139,Low,Friday,Clear
2025-06-20 05:00:00,6,92,81,Low,Friday,Clear
2025-06-20 06:00:00,7,166,104,Medium,Friday,Clear
2025-06-20 07:00:00,8,164,34,Medium,Friday,Cloudy
2025-06-20 08:00:00,10,112,3,High,Friday,Clear
2025-06-20 09:00:00,8,137,131,High,Friday,Cloudy
2025-06-20 10:00:00,9,134,93,High,Friday,Clear
2025-06-20 11:00:00,10,81,26,Low,Friday,Clear
2025-06-20 12:00:00,5,133,103,Low,Friday,Clear
2025-06-20 13:00:00,6,99,69,Medium,Friday,Clear
2025-06-20 14:00:00,9,158,150,Medium,Friday,Clear
2025-06-20 15:00:00,7,123,84,Low,Friday,Clear
2025-06-20 16:00:00,9,163,77,Low,Friday,Clear
2025-06-20 17:00:00,6,153,38,High,Friday,Cloudy
2025-06-20 18:00:00,9,129,93,High,Friday,Cloudy
2025-06-20 19:00:00,9,116,108,High,Friday,Cloudy
2025-06-20 20:00:00,5,114,56,Medium,Friday,Clear
2025-06-20 21:00:00,6,86,61,Medium,Friday,Clear
2025-06-20 22:00:00,3,101,8,Low,Friday,Clear
2025-06-20 23:00:00,2,117,96,Low,Friday,Clear
2025-06-21 00:00:00,2,162,144,Medium,Saturday,Cloudy
2025-06-21 01:00:00,8,160,149,Low,Saturday,Clear
2025-06-21 02:00:00,10,150,107,Low,Saturday,Cloudy
2025-06-21 03:00:00,8,159,131,Low,Saturday,Clear
2025-06-21 04:00:00,1,191,59,Low,Saturday,Clear
2025-06-21 05:00:00,7,118,88,Low,Saturday,Clear
2025-06-21 06:00:00,4,185,11,Medium,Saturday,Clear
2025-06-21 07:00:00,3,157,121,Medium,Saturday,Clear
2025-06-21 08:00:00,2,137,35,High,Saturday,Clear
2025-06-21 09:00:00,2,100,26,High,Saturday,Rainy
2025-06-21 10:00:00,1,81,48,High,Saturday,Clear
2025-06-21 11:00:00,8,128,49,Low,Saturday,Cloudy
2025-06-21 12:00:00,10,126,111,Low,Saturday,Rainy
2025-06-21 13:00:00,8,133,11,Medium,Saturday,Rainy
2025-06-21 14:00:00,10,110,42,Medium,Saturday,Cloudy
2025-06-21 15:00:00,1,113,21,Low,Saturday,Rainy
2025-06-21 16:00:00,4,151,126,Medium,Saturday,Cloudy
2025-06-21 17:00:00,10,131,21,Medium,Saturday,Cloudy
2025-06-21 18:00:00,7,131,80,High,Saturday,Clear
2025-06-21 19:00:00,5,126,8,Medium,Saturday,Clear
2025-06-21 20:00:00,9,196,103,High,Saturday,Clear
2025-06-21 21:00:00,2,174,11,Low,Saturday,Clear
2025-06-21 22:00:00,5,165,163,Medium,Saturday,Clear
2025-06-21 23:00:00,6,126,98,Medium,Saturday,Clear
2025-06-22 00:00:00,5,147,90,Low,Sunday,Cloudy
2025-06-22 01:00:00,3,184,32,Medium,Sunday,Clear
2025-06-22 02:00:00,7,105,97,Low,Sunday,Clear
2025-06-22 03:00:00,4,193,107,Medium,Sunday,Rainy
2025-06-22 04:00:00,10,184,147,Low,Sunday,Clear
2025-06-22 05:00:00,3,121,104,Low,Sunday,Clear
2025-06-22 06:00:00,3,166,53,Low,Sunday,Cloudy
2025-06-22 07:00:00,4,145,56,High,Sunday,Clear
2025-06-22 08:00:00,1,179,66,Medium,Sunday,Clear
2025-06-22 09:00:00,1,144,92,High,Sunday,Cloudy
2025-06-22 10:00:00,7,115,32,High,Sunday,Cloudy
2025-06-22 11:00:00,5,156,7,Low,Sunday,Clear
2025-06-22 12:00:00,4,102,15,Low,Sunday,Cloudy
2025-06-22 13:00:00,1,141,107,Low,Sunday,Cloudy
2025-06-22 14:00:00,1,141,95,Low,Sunday,Cloudy
2025-06-22 15:00:00,9,100,94,Low,Sunday,Rainy
2025-06-22 16:00:00,9,184,172,Low,Sunday,Clear
2025-06-22 17:00:00,10,183,48,Medium,Sunday,Rainy
2025-06-22 18:00:00,3,126,91,High,Sunday,Cloudy
2025-06-22 19:00:00,5,128,100,High,Sunday,Clear
2025-06-22 20:00:00,5,172,154,Medium,Sunday,Clear
2025-06-22 21:00:00,10,157,55,Low,Sunday,Clear
2025-06-22 22:00:00,9,85,37,Low,Sunday,Rainy
2025-06-22 23:00:00,6,98,50,Low,Sunday,Clear
2025-06-23 00:00:00,9,93,34,Low,Monday,Clear
2025-06-23 01:00:00,3,150,10,Low,Monday,Clear
2025-06-23 02:00:00,7,174,84,Low,Monday,Clear
2025-06-23 03:00:00,7,149,15,Medium,Monday,Cloudy
2025-06-23 04:00:00,1,188,107,Medium,Monday,Clear
2025-06-23 05:00:00,2,166,45,Low,Monday,Rainy
2025-06-23 06:00:00,6,113,42,Medium,Monday,Clear
2025-06-23 07:00:00,4,148,23,High,Monday,Cloudy
2025-06-23 08:00:00,4,94,60,High,Monday,Clear
2025-06-23 09:00:00,5,142,11,High,Monday,Clear
2025-06-23 10:00:00,2,126,21,High,Monday,Rainy
2025-06-23 11:00:00,3,117,10,Low,Monday,Clear
2025-06-23 12:00:00,5,156,67,Low,Monday,Clear
2025-06-23 13:00:00,9,123,51,Low,Monday,Clear
2025-06-23 14:00:00,2,150,121,Medium,Monday,Clear
2025-06-23 15:00:00,4,120,36,Low,Monday,Clear
2025-06-23 16:00:00,1,107,49,Low,Monday,Clear
2025-06-23 17:00:00,8,123,97,High,Monday,Clear
2025-06-23 18:00:00,9,83,68,High,Monday,Rainy
2025-06-23 19:00:00,3,97,72,Medium,Monday,Rainy
2025-06-23 20:00:00,2,127,67,Medium,Monday,Rainy
2025-06-23 21:00:00,7,128,99,Medium,Monday,Cloudy
2025-06-23 22:00:00,9,156,79,Medium,Monday,Clear
2025-06-23 23:00:00,3,127,52,Low,Monday,Cloudy
2025-06-24 00:00:00,9,111,94,Low,Tuesday,Cloudy
2025-06-24 01:00:00,2,95,40,Low,Tuesday,Clear
2025-06-24 02:00:00,8,161,127,Medium,Tuesday,Cloudy
2025-06-24 03:00:00,10,91,81,Medium,Tuesday,Rainy
2025-06-24 04:00:00,5,121,33,Low,Tuesday,Clear
2025-06-24 05:00:00,10,81,18,Medium,Tuesday,Clear
2025-06-24 06:00:00,5,102,67,Low,Tuesday,Rainy
2025-06-24 07:00:00,3,182,21,High,Tuesday,Cloudy
2025-06-24 08:00:00,5,135,51,High,Tuesday,Rainy
2025-06-24 09:00:00,8,85,80,High,Tuesday,Clear
2025-06-24 10:00:00,4,187,13,High,Tuesday,Rainy
2025-06-24 11:00:00,5,147,131,Medium,Tuesday,Clear
2025-06-24 12:00:00,8,97,89,Low,Tuesday,Clear
2025-06-24 13:00:00,1,129,29,Medium,Tuesday,Clear
2025-06-24 14:00:00,5,192,174,Medium,Tuesday,Clear
2025-06-24 15:00:00,5,104,45,Medium,Tuesday,Clear
2025-06-24 16:00:00,9,139,69,Low,Tuesday,Clear
2025-06-24 17:00:00,8,131,8,High,Tuesday,Rainy
2025-06-24 18:00:00,9,161,66,High,Tuesday,Cloudy
2025-06-24 19:00:00,6,165,61,High,Tuesday,Cloudy
2025-06-24 20:00:00,7,138,137,High,Tuesday,Clear
2025-06-24 21:00:00,3,80,11,Medium,Tuesday,Clear
2025-06-24 22:00:00,9,162,63,Low,Tuesday,Clear
2025-06-24 23:00:00,9,161,31,Medium,Tuesday,Rainy
2025-06-25 00:00:00,9,108,22,Low,Wednesday,Clear
2025-06-25 01:00:00,1,95,33,Low,Wednesday,Clear
2025-06-25 02:00:00,1,180,175,Low,Wednesday,Clear
2025-06-25 03:00:00,2,180,84,Medium,Wednesday,Clear
2025-06-25 04:00:00,1,124,73,Low,Wednesday,Clear
2025-06-25 05:00:00,6,175,86,Medium,Wednesday,Cloudy
2025-06-25 06:00:00,9,145,91,Low,Wednesday,Clear
2025-06-25 07:00:00,4,94,73,Medium,Wednesday,Clear
2025-06-25 08:00:00,1,112,19,High,Wednesday,Cloudy
2025-06-25 09:00:00,5,128,52,Medium,Wednesday,Cloudy
2025-06-25 10:00:00,3,82,70,High,Wednesday,Clear
2025-06-25 11:00:00,2,187,51,Low,Wednesday,Clear
2025-06-25 12:00:00,10,100,35,Low,Wednesday,Clear
2025-06-25 13:00:00,9,88,80,Low,Wednesday,Clear
2025-06-25 14:00:00,10,97,95,Low,Wednesday,Clear
2025-06-25 15:00:00,5,134,33,Low,Wednesday,Clear
2025-06-25 16:00:00,2,163,133,Low,Wednesday,Cloudy
2025-06-25 17:00:00,7,194,188,Medium,Wednesday,Rainy
2025-06-25 18:00:00,2,114,13,High,Wednesday,Clear
2025-06-25 19:00:00,3,152,11,High,Wednesday,Rainy
2025-06-25 20:00:00,4,167,107,High,Wednesday,Clear
2025-06-25 21:00:00,1,166,66,Low,Wednesday,Clear
2025-06-25 22:00:00,5,169,119,Medium,Wednesday,Rainy
2025-06-25 23:00:00,6,185,144,Medium,Wednesday,Clear
2025-06-26 00:00:00,4,143,0,Medium,Thursday,Clear
2025-06-26 01:00:00,9,157,13,Low,Thursday,Rainy
2025-06-26 02:00:00,8,200,48,Low,Thursday,Cloudy
2025-06-26 03:00:00,9,127,22,Medium,Thursday,Clear
2025-06-26 04:00:00,10,94,33,Medium,Thursday,Cloudy
2025-06-26 05:00:00,9,136,0,Low,Thursday,Clear
2025-06-26 06:00:00,3,120,106,Low,Thursday,Clear
2025-06-26 07:00:00,6,134,73,High,Thursday,Clear
2025-06-26 08:00:00,4,160,153,High,Thursday,Clear
2025-06-26 09:00:00,8,118,104,High,Thursday,Clear
2025-06-26 10:00:00,7,105,57,High,Thursday,Cloudy
2025-06-26 11:00:00,4,137,58,Low,Thursday,Clear
2025-06-26 12:00:00,6,168,14,Low,Thursday,Clear
2025-06-26 13:00:00,6,161,118,Medium,Thursday,Cloudy
2025-06-26 14:00:00,5,143,58,Low,Thursday,Cloudy
2025-06-26 15:00:00,4,194,156,Medium,Thursday,Clear
2025-06-26 16:00:00,3,117,85,Medium,Thursday,Clear
2025-06-26 17:00:00,2,174,150,Medium,Thursday,Cloudy
2025-06-26 18:00:00,10,145,35,Medium,Thursday,Clear
2025-06-26 19:00:00,7,89,27,High,Thursday,Rainy
2025-06-26 20:00:00,1,189,98,High,Thursday,Cloudy
2025-06-26 21:00:00,1,139,57,Medium,Thursday,Clear
2025-06-26 22:00:00,7,190,135,Low,Thursday,Clear
2025-06-26 23:00:00,4,81,29,Medium,Thursday,Cloudy
2025-06-27 00:00:00,10,104,10,Low,Friday,Clear
2025-06-27 01:00:00,9,117,93,Low,Friday,Cloudy
2025-06-27 02:00:00,4,200,71,Low,Friday,Clear
2025-06-27 03:00:00,4,104,7,Low,Friday,Cloudy
2025-06-27 04:00:00,8,140,65,Low,Friday,Clear
2025-06-27 05:00:00,10,161,153,Low,Friday,Clear
2025-06-27 06:00:00,5,183,141,Medium,Friday,Clear
2025-06-27 07:00:00,9,181,41,High,Friday,Clear
2025-06-27 08:00:00,7,150,147,Medium,Friday,Clear
2025-06-27 09:00:00,7,187,67,Medium,Friday,Clear
2025-06-27 10:00:00,8,158,121,High,Friday,Clear
2025-06-27 11:00:00,3,168,167,Low,Friday,Clear
2025-06-27 12:00:00,6,184,117,Low,Friday,Clear
2025-06-27 13:00:00,5,167,65,Low,Friday,Clear
2025-06-27 14:00:00,1,117,81,Low,Friday,Clear
2025-06-27 15:00:00,6,108,59,Medium,Friday,Cloudy
2025-06-27 16:00:00,10,82,5,Medium,Friday,Cloudy
2025-06-27 17:00:00,7,164,66,High,Friday,Cloudy
2025-06-27 18:00:00,7,136,75,High,Friday,Clear
2025-06-27 19:00:00,9,159,63,High,Friday,Rainy
2025-06-27 20:00:00,6,109,107,High,Friday,Clear
2025-06-27 21:00:00,3,159,132,Medium,Friday,Rainy
2025-06-27 22:00:00,4,88,45,Medium,Friday,Clear
2025-06-27 23:00:00,8,185,127,Low,Friday,Cloudy
2025-06-28 00:00:00,10,98,32,Medium,Saturday,Cloudy
2025-06-28 01:00:00,4,175,52,Low,Saturday,Rainy
2025-06-28 02:00:00,6,152,86,Low,Saturday,Clear
2025-06-28 03:00:00,2,139,68,Medium,Saturday,Clear
2025-06-28 04:00:00,2,174,149,Medium,Saturday,Cloudy
2025-06-28 05:00:00,1,127,99,Low,Saturday,Clear
2025-06-28 06:00:00,5,181,159,Low,Saturday,Cloudy
2025-06-28 07:00:00,10,182,96,Medium,Saturday,Clear
2025-06-28 08:00:00,4,160,61,High,Saturday,Cloudy
2025-06-28 09:00:00,4,85,77,Medium,Saturday,Cloudy
2025-06-28 10:00:00,5,124,30,High,Saturday,Cloudy
2025-06-28 11:00:00,4,166,82,Medium,Saturday,Cloudy
2025-06-28 12:00:00,10,197,75,Medium,Saturday,Clear
2025-06-28 13:00:00,6,116,96,Medium,Saturday,Clear
2025-06-28 14:00:00,9,126,54,Medium,Saturday,Rainy
2025-06-28 15:00:00,2,198,114,Medium,Saturday,Clear
2025-06-28 16:00:00,10,93,11,Medium,Saturday,Cloudy
2025-06-28 17:00:00,4,193,82,High,Saturday,Clear
2025-06-28 18:00:00,1,95,92,High,Saturday,Clear
2025-06-28 19:00:00,7,192,18,High,Saturday,Clear
2025-06-28 20:00:00,5,152,33,High,Saturday,Clear
2025-06-28 21:00:00,8,111,45,Medium,Saturday,Clear
2025-06-28 22:00:00,7,169,120,Low,Saturday,Cloudy
2025-06-28 23:00:00,6,125,42,Low,Saturday,Clear
2025-06-29 00:00:00,7,101,93,Medium,Sunday,Clear
2025-06-29 01:00:00,1,160,56,Medium,Sunday,Clear
2025-06-29 02:00:00,8,114,82,Low,Sunday,Clear
2025-06-29 03:00:00,8,89,35,Medium,Sunday,Clear
2025-06-29 04:00:00,2,89,45,Medium,Sunday,Rainy
2025-06-29 05:00:00,1,173,2,Medium,Sunday,Clear
2025-06-29 06:00:00,3,110,3,Medium,Sunday,Rainy
2025-06-29 07:00:00,7,90,58,High,Sunday,Cloudy
2025-06-29 08:00:00,7,182,131,High,Sunday,Clear
2025-06-29 09:00:00,8,115,84,High,Sunday,Clear
2025-06-29 10:00:00,5,200,166,Medium,Sunday,Clear
2025-06-29 11:00:00,4,136,16,Low,Sunday,Rainy
2025-06-29 12:00:00,4,126,95,Medium,Sunday,Clear
2025-06-29 13:00:00,6,174,141,Low,Sunday,Rainy
2025-06-29 14:00:00,2,107,11,Medium,Sunday,Cloudy
2025-06-29 15:00:00,1,133,82,Medium,Sunday,Clear
2025-06-29 16:00:00,2,148,74,Low,Sunday,Clear
2025-06-29 17:00:00,3,161,109,High,Sunday,Clear
2025-06-29 18:00:00,6,137,88,Medium,Sunday,Rainy
2025-06-29 19:00:00,5,125,112,Medium,Sunday,Clear
2025-06-29 20:00:00,10,196,148,High,Sunday,Clear
2025-06-29 21:00:00,3,90,66,Medium,Sunday,Cloudy
2025-06-29 22:00:00,10,124,81,Low,Sunday,Clear
2025-06-29 23:00:00,7,103,74,Low,Sunday,Cloudy
2025-06-30 00:00:00,5,186,156,Low,Monday,Cloudy
2025-06-30 01:00:00,2,161,101,Low,Monday,Rainy
2025-06-30 02:00:00,1,119,73,Low,Monday,Rainy
2025-06-30 03:00:00,8,200,132,Low,Monday,Clear
2025-06-30 04:00:00,9,141,12,Medium,Monday,Clear
2025-06-30 05:00:00,3,134,95,Medium,Monday,Rainy
2025-06-30 06:00:00,9,183,168,Medium,Monday,Clear
2025-06-30 07:00:00,6,106,63,High,Monday,Clear
2025-06-30 08:00:00,4,197,116,High,Monday,Rainy
2025-06-30 09:00:00,3,137,59,Medium,Monday,Cloudy
2025-06-30 10:00:00,3,169,145,High,Monday,Clear
2025-06-30 11:00:00,7,130,72,Low,Monday,Clear
2025-06-30 12:00:00,9,182,98,Medium,Monday,Clear
2025-06-30 13:00:00,2,171,158,Low,Monday,Clear
2025-06-30 14:00:00,5,103,72,Low,Monday,Rainy
2025-06-30 15:00:00,2,113,14,Medium,Monday,Clear
2025-06-30 16:00:00,4,110,25,Low,Monday,Cloudy
2025-06-30 17:00:00,8,120,13,High,Monday,Cloudy
2025-06-30 18:00:00,4,116,41,High,Monday,Clear
2025-06-30 19:00:00,1,171,22,High,Monday,Cloudy
2025-06-30 20:00:00,8,160,100,High,Monday,Clear
2025-06-30 21:00:00,4,163,81,Low,Monday,Clear
2025-06-30 22:00:00,1,190,0,Low,Monday,Clear
2025-06-30 23:00:00,9,200,22,Low,Monday,Clear
2025-07-01 00:00:00,4,133,97,Low,Tuesday,Clear
2025-07-01 01:00:00,8,105,11,Low,Tuesday,Clear
2025-07-01 02:00:00,5,88,52,Low,Tuesday,Clear
2025-07-01 03:00:00,2,109,4,Low,Tuesday,Clear
2025-07-01 04:00:00,7,137,71,Low,Tuesday,Cloudy
2025-07-01 05:00:00,5,159,76,Low,Tuesday,Clear
2025-07-01 06:00:00,4,191,143,Medium,Tuesday,Clear
2025-07-01 07:00:00,7,144,24,High,Tuesday,Clear
2025-07-01 08:00:00,7,200,2,High,Tuesday,Cloudy
2025-07-01 09:00:00,5,131,97,High,Tuesday,Clear
2025-07-01 10:00:00,3,140,112,High,Tuesday,Clear
2025-07-01 11:00:00,8,197,35,Medium,Tuesday,Clear
2025-07-01 12:00:00,4,135,14,Low,Tuesday,Clear
2025-07-01 13:00:00,2,91,74,Low,Tuesday,Clear
2025-07-01 14:00:00,1,194,49,Medium,Tuesday,Clear
2025-07-01 15:00:00,7,166,111,Low,Tuesday,Clear
2025-07-01 16:00:00,2,178,176,Medium,Tuesday,Clear
2025-07-01 17:00:00,6,169,71,High,Tuesday,Clear
2025-07-01 18:00:00,5,120,74,High,Tuesday,Clear
2025-07-01 19:00:00,7,195,61,High,Tuesday,Clear
2025-07-01 20:00:00,4,176,159,Medium,Tuesday,Clear
2025-07-01 21:00:00,2,134,17,Medium,Tuesday,Clear
2025-07-01 22:00:00,8,173,59,Low,Tuesday,Clear
2025-07-01 23:00:00,8,148,144,Medium,Tuesday,Cloudy
2025-07-02 00:00:00,9,133,88,Low,Wednesday,Cloudy
2025-07-02 01:00:00,1,119,86,Medium,Wednesday,Rainy
2025-07-02 02:00:00,1,136,74,Low,Wednesday,Rainy
2025-07-02 03:00:00,3,190,21,Low,Wednesday,Rainy
2025-07-02 04:00:00,7,153,55,Low,Wednesday,Rainy
2025-07-02 05:00:00,2,147,64,Medium,Wednesday,Clear
2025-07-02 06:00:00,10,154,58,Low,Wednesday,Clear
2025-07-02 07:00:00,10,102,48,Medium,Wednesday,Clear
2025-07-02 08:00:00,6,108,51,High,Wednesday,Rainy
2025-07-02 09:00:00,2,168,80,High,Wednesday,Clear
2025-07-02 10:00:00,8,166,7,High,Wednesday,Clear
2025-07-02 11:00:00,4,84,69,Low,Wednesday,Clear
2025-07-02 12:00:00,10,164,129,Low,Wednesday,Clear
2025-07-02 13:00:00,4,164,0,Medium,Wednesday,Clear
2025-07-02 14:00:00,3,142,11,Medium,Wednesday,Clear
2025-07-02 15:00:00,5,173,112,Low,Wednesday,Clear
2025-07-02 16:00:00,6,188,66,Low,Wednesday,Clear
2025-07-02 17:00:00,5,195,51,High,Wednesday,Clear
2025-07-02 18:00:00,7,191,63,Medium,Wednesday,Clear
2025-07-02 19:00:00,9,132,81,High,Wednesday,Clear
2025-07-02 20:00:00,1,94,47,High,Wednesday,Cloudy
2025-07-02 21:00:00,10,148,55,Medium,Wednesday,Rainy
2025-07-02 22:00:00,7,167,51,Low,Wednesday,Clear
2025-07-02 23:00:00,8,190,79,Low,Wednesday,Clear
2025-07-03 00:00:00,10,83,33,Low,Thursday,Clear
2025-07-03 01:00:00,7,137,52,Low,Thursday,Clear
2025-07-03 02:00:00,6,130,107,Medium,Thursday,Cloudy
2025-07-03 03:00:00,5,167,22,Low,Thursday,Cloudy
2025-07-03 04:00:00,8,86,14,Medium,Thursday,Cloudy
2025-07-03 05:00:00,4,154,4,Medium,Thursday,Rainy
2025-07-03 06:00:00,7,196,95,Medium,Thursday,Rainy
2025-07-03 07:00:00,4,158,38,High,Thursday,Cloudy
2025-07-03 08:00:00,8,92,45,High,Thursday,Clear
2025-07-03 09:00:00,9,98,97,Medium,Thursday,Clear
2025-07-03 10:00:00,5,143,71,High,Thursday,Rainy
2025-07-03 11:00:00,9,168,125,Medium,Thursday,Clear
2025-07-03 12:00:00,3,152,102,Medium,Thursday,Cloudy
2025-07-03 13:00:00,7,108,42,Low,Thursday,Clear
2025-07-03 14:00:00,7,102,29,Medium,Thursday,Rainy
2025-07-03 15:00:00,6,136,59,Low,Thursday,Cloudy
2025-07-03 16:00:00,8,88,9,Low,Thursday,Clear
2025-07-03 17:00:00,9,162,53,Medium,Thursday,Clear
2025-07-03 18:00:00,3,200,105,Medium,Thursday,Clear
2025-07-03 19:00:00,3,93,6,High,Thursday,Clear
2025-07-03 20:00:00,1,194,104,Medium,Thursday,Clear
2025-07-03 21:00:00,9,107,103,Low,Thursday,Rainy
2025-07-03 22:00:00,2,132,114,Low,Thursday,Clear
2025-07-03 23:00:00,10,130,16,Low,Thursday,Clear
2025-07-04 00:00:00,8,158,92,Low,Friday,Clear
2025-07-04 01:00:00,6,95,15,Low,Friday,Clear
2025-07-04 02:00:00,8,89,38,Low,Friday,Rainy
2025-07-04 03:00:00,6,189,137,Low,Friday,Rainy
2025-07-04 04:00:00,7,130,52,Low,Friday,Rainy
2025-07-04 05:00:00,3,175,141,Low,Friday,Clear
2025-07-04 06:00:00,8,91,71,Low,Friday,Cloudy
2025-07-04 07:00:00,8,173,55,High,Friday,Clear
2025-07-04 08:00:00,5,153,54,High,Friday,Clear
2025-07-04 09:00:00,4,88,43,High,Friday,Clear
2025-07-04 10:00:00,4,127,58,High,Friday,Clear
2025-07-04 11:00:00,6,81,54,Low,Friday,Clear
2025-07-04 12:00:00,6,105,82,Low,Friday,Rainy
2025-07-04 13:00:00,7,157,123,Medium,Friday,Clear
2025-07-04 14:00:00,2,134,118,Low,Friday,Clear
2025-07-04 15:00:00,3,144,65,Low,Friday,Clear
2025-07-04 16:00:00,1,176,101,Medium,Friday,Clear
2025-07-04 17:00:00,3,153,50,High,Friday,Clear
2025-07-04 18:00:00,6,176,90,High,Friday,Cloudy
2025-07-04 19:00:00,3,130,48,High,Friday,Cloudy
2025-07-04 20:00:00,1,139,97,Medium,Friday,Cloudy
2025-07-04 21:00:00,4,131,109,Low,Friday,Clear
2025-07-04 22:00:00,9,169,16,Low,Friday,Clear
2025-07-04 23:00:00,4,163,93,Low,Friday,Clear
2025-07-05 00:00:00,10,142,128,Medium,Saturday,Clear
2025-07-05 01:00:00,2,179,3,Low,Saturday,Clear
2025-07-05 02:00:00,1,144,51,Low,Saturday,Cloudy
2025-07-05 03:00:00,7,180,139,Low,Saturday,Clear
2025-07-05 04:00:00,5,194,101,Low,Saturday,Clear
2025-07-05 05:00:00,7,115,69,Low,Saturday,Cloudy
2025-07-05 06:00:00,5,169,96,Medium,Saturday,Cloudy
2025-07-05 07:00:00,2,120,104,Medium,Saturday,Cloudy
2025-07-05 08:00:00,4,126,108,High,Saturday,Clear
2025-07-05 09:00:00,10,142,123,High,Saturday,Cloudy
2025-07-05 10:00:00,7,109,101,High,Saturday,Cloudy
2025-07-05 11:00:00,3,137,69,Low,Saturday,Clear
2025-07-05 12:00:00,9,182,40,Low,Saturday,Cloudy
2025-07-05 13:00:00,9,180,178,Low,Saturday,Cloudy
2025-07-05 14:00:00,3,135,74,Low,Saturday,Cloudy
2025-07-05 15:00:00,10,179,115,Medium,Saturday,Clear
2025-07-05 16:00:00,4,173,98,Low,Saturday,Clear
2025-07-05 17:00:00,3,100,25,High,Saturday,Rainy
2025-07-05 18:00:00,2,134,27,High,Saturday,Clear
2025-07-05 19:00:00,2,200,197,High,Saturday,Clear
2025-07-05 20:00:00,6,162,75,High,Saturday,Clear
2025-07-05 21:00:00,7,144,102,Medium,Saturday,Clear
2025-07-05 22:00:00,2,81,59,Medium,Saturday,Clear
2025-07-05 23:00:00,8,102,15,Medium,Saturday,Clear
2025-07-06 00:00:00,10,185,118,Low,Sunday,Clear
2025-07-06 01:00:00,10,127,90,Low,Sunday,Clear
2025-07-06 02:00:00,7,98,10,Low,Sunday,Cloudy
2025-07-06 03:00:00,3,194,12,Low,Sunday,Cloudy
2025-07-06 04:00:00,3,88,80,Low,Sunday,Clear
2025-07-06 05:00:00,7,127,99,Low,Sunday,Rainy
2025-07-06 06:00:00,9,192,94,Low,Sunday,Cloudy
2025-07-06 07:00:00,6,101,45,Medium,Sunday,Rainy
2025-07-06 08:00:00,7,126,0,Medium,Sunday,Clear
2025-07-06 09:00:00,10,162,132,High,Sunday,Clear
2025-07-06 10:00:00,6,156,128,High,Sunday,Clear
2025-07-06 11:00:00,3,95,76,Medium,Sunday,Clear
2025-07-06 12:00:00,10,173,127,Medium,Sunday,Rainy
2025-07-06 13:00:00,9,159,72,Medium,Sunday,Clear
2025-07-06 14:00:00,6,130,31,Low,Sunday,Clear
2025-07-06 15:00:00,9,87,15,Low,Sunday,Clear
2025-07-06 16:00:00,9,103,39,Medium,Sunday,Rainy
2025-07-06 17:00:00,1,175,50,High,Sunday,Cloudy
2025-07-06 18:00:00,1,190,123,Medium,Sunday,Clear
2025-07-06 19:00:00,5,101,13,Medium,Sunday,Clear
2025-07-06 20:00:00,5,183,16,Medium,Sunday,Clear
2025-07-06 21:00:00,10,94,91,Low,Sunday,Clear
2025-07-06 22:00:00,6,141,7,Low,Sunday,Cloudy
2025-07-06 23:00:00,3,105,19,Medium,Sunday,Clear
2025-07-07 00:00:00,8,162,38,Medium,Monday,Clear
2025-07-07 01:00:00,7,148,51,Low,Monday,Clear
2025-07-07 02:00:00,2,191,133,Low,Monday,Clear
2025-07-07 03:00:00,8,175,89,Low,Monday,Clear
2025-07-07 04:00:00,10,177,86,Low,Monday,Clear
2025-07-07 05:00:00,3,143,68,Low,Monday,Clear
2025-07-07 06:00:00,1,150,30,Low,Monday,Clear
2025-07-07 07:00:00,10,113,31,High,Monday,Clear
2025-07-07 08:00:00,7,102,88,Medium,Monday,Clear
2025-07-07 09:00:00,8,188,134,High,Monday,Clear
2025-07-07 10:00:00,4,153,132,High,Monday,Cloudy
2025-07-07 11:00:00,4,103,65,Low,Monday,Rainy
2025-07-07 12:00:00,7,167,73,Medium,Monday,Cloudy
2025-07-07 13:00:00,2,175,128,Medium,Monday,Clear
2025-07-07 14:00:00,2,183,22,Low,Monday,Cloudy
2025-07-07 15:00:00,6,191,140,Low,Monday,Clear
2025-07-07 16:00:00,2,94,18,Low,Monday,Clear
2025-07-07 17:00:00,2,121,99,High,Monday,Cloudy
2025-07-07 18:00:00,4,89,14,Medium,Monday,Clear
2025-07-07 19:00:00,7,180,109,Medium,Monday,Clear
2025-07-07 20:00:00,6,104,45,Medium,Monday,Clear
2025-07-07 21:00:00,3,195,38,Low,Monday,Clear
2025-07-07 22:00:00,2,147,9,Low,Monday,Clear
2025-07-07 23:00:00,4,197,115,Low,Monday,Rainy
2025-07-08 00:00:00,3,85,41,Medium,Tuesday,Clear
2025-07-08 01:00:00,2,143,67,Medium,Tuesday,Clear
2025-07-08 02:00:00,10,154,13,Low,Tuesday,Clear
2025-07-08 03:00:00,10,182,78,Medium,Tuesday,Cloudy
2025-07-08 04:00:00,10,108,55,Low,Tuesday,Cloudy
2025-07-08 05:00:00,1,175,135,Medium,Tuesday,Cloudy
2025-07-08 06:00:00,10,102,57,Low,Tuesday,Cloudy
2025-07-08 07:00:00,10,185,25,High,Tuesday,Clear
2025-07-08 08:00:00,1,198,185,Medium,Tuesday,Clear
2025-07-08 09:00:00,6,152,15,High,Tuesday,Clear
2025-07-08 10:00:00,5,154,122,Medium,Tuesday,Rainy
2025-07-08 11:00:00,4,165,0,Low,Tuesday,Clear
2025-07-08 12:00:00,9,110,36,Low,Tuesday,Cloudy
2025-07-08 13:00:00,10,162,67,Medium,Tuesday,Clear
2025-07-08 14:00:00,3,137,104,Low,Tuesday,Clear
2025-07-08 15:00:00,1,174,163,Low,Tuesday,Clear
2025-07-08 16:00:00,5,172,5,Low,Tuesday,Cloudy
2025-07-08 17:00:00,9,187,30,Medium,Tuesday,Rainy
2025-07-08 18:00:00,4,111,105,High,Tuesday,Clear
2025-07-08 19:00:00,10,174,107,High,Tuesday,Cloudy
2025-07-08 20:00:00,8,112,50,High,Tuesday,Clear
2025-07-08 21:00:00,6,121,57,Medium,Tuesday,Clear
2025-07-08 22:00:00,2,200,79,Low,Tuesday,Rainy
2025-07-08 23:00:00,4,108,78,Low,Tuesday,Rainy
2025-07-09 00:00:00,1,148,49,Low,Wednesday,Clear
2025-07-09 01:00:00,5,186,43,Low,Wednesday,Clear
2025-07-09 02:00:00,2,145,55,Low,Wednesday,Clear
2025-07-09 03:00:00,4,178,64,Medium,Wednesday,Clear
2025-07-09 04:00:00,5,178,147,Medium,Wednesday,Rainy
2025-07-09 05:00:00,9,102,27,Medium,Wednesday,Clear
2025-07-09 06:00:00,9,192,115,Medium,Wednesday,Clear
2025-07-09 07:00:00,10,189,186,High,Wednesday,Cloudy
2025-07-09 08:00:00,10,150,40,High,Wednesday,Clear
2025-07-09 09:00:00,6,185,141,High,Wednesday,Cloudy
2025-07-09 10:00:00,1,169,20,High,Wednesday,Clear
2025-07-09 11:00:00,4,188,23,Medium,Wednesday,Cloudy
2025-07-09 12:00:00,6,163,145,Low,Wednesday,Clear
2025-07-09 13:00:00,9,89,33,Low,Wednesday,Cloudy
2025-07-09 14:00:00,1,178,18,Medium,Wednesday,Clear
2025-07-09 15:00:00,6,166,36,Low,Wednesday,Cloudy
2025-07-09 16:00:00,6,182,58,Medium,Wednesday,Rainy
2025-07-09 17:00:00,9,121,105,Medium,Wednesday,Clear
2025-07-09 18:00:00,3,139,94,High,Wednesday,Clear
2025-07-09 19:00:00,1,136,2,High,Wednesday,Clear
2025-07-09 20:00:00,8,133,35,High,Wednesday,Clear
2025-07-09 21:00:00,10,108,36,Low,Wednesday,Rainy
2025-07-09 22:00:00,8,103,55,Low,Wednesday,Cloudy
2025-07-09 23:00:00,1,84,19,Low,Wednesday,Clear
2025-07-10 00:00:00,4,167,136,Medium,Thursday,Clear
2025-07-10 01:00:00,2,183,23,Medium,Thursday,Clear
2025-07-10 02:00:00,1,97,43,Low,Thursday,Clear
2025-07-10 03:00:00,9,142,130,Low,Thursday,Rainy
2025-07-10 04:00:00,1,88,7,Low,Thursday,Clear
2025-07-10 05:00:00,7,153,20,Low,Thursday,Cloudy
2025-07-10 06:00:00,3,196,7,Low,Thursday,Cloudy
2025-07-10 07:00:00,2,200,120,Medium,Thursday,Clear
2025-07-10 08:00:00,4,145,127,High,Thursday,Clear
2025-07-10 09:00:00,5,175,138,Medium,Thursday,Clear
2025-07-10 10:00:00,6,95,54,High,Thursday,Clear
2025-07-10 11:00:00,2,161,80,Low,Thursday,Clear
2025-07-10 12:00:00,7,149,39,Medium,Thursday,Clear
2025-07-10 13:00:00,10,87,79,Medium,Thursday,Clear
2025-07-10 14:00:00,2,189,159,Low,Thursday,Clear
2025-07-10 15:00:00,4,146,64,Medium,Thursday,Clear
2025-07-10 16:00:00,9,107,62,Medium,Thursday,Cloudy
2025-07-10 17:00:00,3,178,106,High,Thursday,Clear
2025-07-10 18:00:00,7,150,104,High,Thursday,Clear
2025-07-10 19:00:00,1,104,43,High,Thursday,Clear
2025-07-10 20:00:00,5,194,47,High,Thursday,Cloudy
2025-07-10 21:00:00,5,180,165,Medium,Thursday,Clear
2025-07-10 22:00:00,1,189,76,Medium,Thursday,Cloudy
2025-07-10 23:00:00,4,92,20,Medium,Thursday,Clear
2025-07-11 00:00:00,4,133,96,Low,Friday,Clear
2025-07-11 01:00:00,7,93,57,Low,Friday,Clear
2025-07-11 02:00:00,8,173,169,Medium,Friday,Cloudy
2025-07-11 03:00:00,7,189,84,Medium,Friday,Clear
2025-07-11 04:00:00,8,109,76,Low,Friday,Cloudy
2025-07-11 05:00:00,2,161,74,Medium,Friday,Clear
2025-07-11 06:00:00,7,154,7,Medium,Friday,Clear
2025-07-11 07:00:00,9,120,75,High,Friday,Clear
2025-07-11 08:00:00,3,107,69,High,Friday,Clear
2025-07-11 09:00:00,6,110,6,High,Friday,Clear
2025-07-11 10:00:00,1,178,105,High,Friday,Cloudy
2025-07-11 11:00:00,3,104,42,Low,Friday,Clear
2025-07-11 12:00:00,6,146,108,Low,Friday,Rainy
2025-07-11 13:00:00,10,138,36,Low,Friday,Cloudy
2025-07-11 14:00:00,10,89,68,Medium,Friday,Cloudy
2025-07-11 15:00:00,10,143,43,Low,Friday,Clear
2025-07-11 16:00:00,4,181,176,Low,Friday,Clear
2025-07-11 17:00:00,1,86,4,Medium,Friday,Clear
2025-07-11 18:00:00,6,188,125,Medium,Friday,Clear
2025-07-11 19:00:00,3,85,37,High,Friday,Rainy
2025-07-11 20:00:00,4,123,69,High,Friday,Clear
2025-07-11 21:00:00,4,195,72,Medium,Friday,Cloudy
2025-07-11 22:00:00,10,182,78,Medium,Friday,Clear
2025-07-11 23:00:00,1,86,86,Medium,Friday,Clear
2025-07-12 00:00:00,7,199,185,Low,Saturday,Clear
2025-07-12 01:00:00,7,138,36,Medium,Saturday,Clear
2025-07-12 02:00:00,2,113,73,Low,Saturday,Cloudy
2025-07-12 03:00:00,7,90,47,Low,Saturday,Clear
2025-07-12 04:00:00,6,94,52,Low,Saturday,Clear
2025-07-12 05:00:00,7,194,39,Low,Saturday,Clear
2025-07-12 06:00:00,3,168,64,Medium,Saturday,Cloudy
2025-07-12 07:00:00,1,89,69,High,Saturday,Clear
2025-07-12 08:00:00,2,102,79,High,Saturday,Cloudy
2025-07-12 09:00:00,9,120,117,High,Saturday,Clear
2025-07-12 10:00:00,1,82,18,High,Saturday,Rainy
2025-07-12 11:00:00,5,195,121,Low,Saturday,Cloudy
2025-07-12 12:00:00,9,162,117,Medium,Saturday,Clear
2025-07-12 13:00:00,3,115,54,Low,Saturday,Clear
2025-07-12 14:00:00,8,120,9,Low,Saturday,Clear
2025-07-12 15:00:00,9,154,150,Medium,Saturday,Cloudy
2025-07-12 16:00:00,1,112,41,Low,Saturday,Clear
2025-07-12 17:00:00,7,131,122,High,Saturday,Clear
2025-07-12 18:00:00,5,102,85,Medium,Saturday,Clear
2025-07-12 19:00:00,1,101,43,Medium,Saturday,Cloudy
2025-07-12 20:00:00,6,136,33,High,Saturday,Clear
2025-07-12 21:00:00,8,122,85,Low,Saturday,Clear
2025-07-12 22:00:00,2,153,74,Low,Saturday,Cloudy
2025-07-12 23:00:00,3,194,177,Low,Saturday,Cloudy
2025-07-13 00:00:00,1,160,79,Medium,Sunday,Rainy
2025-07-13 01:00:00,9,186,112,Medium,Sunday,Clear
2025-07-13 02:00:00,10,123,24,Medium,Sunday,Clear
2025-07-13 03:00:00,6,167,31,Low,Sunday,Clear
2025-07-13 04:00:00,7,197,36,Low,Sunday,Cloudy
2025-07-13 05:00:00,7,171,20,Medium,Sunday,Cloudy
2025-07-13 06:00:00,4,134,63,Low,Sunday,Cloudy
2025-07-13 07:00:00,3,167,125,High,Sunday,Clear
2025-07-13 08:00:00,5,189,180,High,Sunday,Clear
2025-07-13 09:00:00,2,137,99,High,Sunday,Rainy
2025-07-13 10:00:00,9,158,6,Medium,Sunday,Rainy
2025-07-13 11:00:00,7,126,43,Medium,Sunday,Clear
2025-07-13 12:00:00,3,112,83,Medium,Sunday,Cloudy
2025-07-13 13:00:00,10,184,31,Low,Sunday,Clear
2025-07-13 14:00:00,6,89,2,Medium,Sunday,Clear
2025-07-13 15:00:00,2,176,24,Low,Sunday,Clear
2025-07-13 16:00:00,7,102,43,Medium,Sunday,Cloudy
2025-07-13 17:00:00,10,135,65,Medium,Sunday,Clear
2025-07-13 18:00:00,7,180,157,High,Sunday,Clear
2025-07-13 19:00:00,1,189,30,High,Sunday,Rainy
2025-07-13 20:00:00,4,197,154,High,Sunday,Cloudy
2025-07-13 21:00:00,10,127,5,Low,Sunday,Rainy
2025-07-13 22:00:00,8,110,98,Low,Sunday,Rainy
2025-07-13 23:00:00,10,88,56,Low,Sunday,Clear
2025-07-14 00:00:00,1,177,136,Low,Monday,Clear
2025-07-14 01:00:00,7,190,120,Low,Monday,Cloudy
2025-07-14 02:00:00,9,92,57,Medium,Monday,Clear
2025-07-14 03:00:00,3,177,126,Low,Monday,Clear
2025-07-14 04:00:00,10,168,106,Medium,Monday,Clear
2025-07-14 05:00:00,9,120,95,Medium,Monday,Rainy
2025-07-14 06:00:00,2,116,48,Low,Monday,Clear
2025-07-14 07:00:00,4,115,87,Medium,Monday,Cloudy
2025-07-14 08:00:00,5,191,168,High,Monday,Clear
2025-07-14 09:00:00,5,86,13,High,Monday,Clear
2025-07-14 10:00:00,2,127,66,High,Monday,Clear
2025-07-14 11:00:00,2,105,86,Low,Monday,Clear
2025-07-14 12:00:00,6,190,172,Low,Monday,Cloudy
2025-07-14 13:00:00,10,130,69,Medium,Monday,Clear
2025-07-14 14:00:00,7,85,61,Low,Monday,Clear
2025-07-14 15:00:00,9,119,79,Low,Monday,Cloudy
2025-07-14 16:00:00,2,121,57,Low,Monday,Clear
2025-07-14 17:00:00,10,140,88,High,Monday,Clear
2025-07-14 18:00:00,1,143,19,High,Monday,Cloudy
2025-07-14 19:00:00,1,123,4,Medium,Monday,Clear
2025-07-14 20:00:00,1,105,103,High,Monday,Rainy
2025-07-14 21:00:00,3,129,0,Low,Monday,Clear
2025-07-14 22:00:00,9,177,120,Low,Monday,Clear
2025-07-14 23:00:00,2,138,93,Medium,Monday,Clear
2025-07-15 00:00:00,1,199,88,Medium,Tuesday,Clear
2025-07-15 01:00:00,9,157,137,Medium,Tuesday,Clear
2025-07-15 02:00:00,2,195,139,Low,Tuesday,Clear
2025-07-15 03:00:00,7,132,65,Low,Tuesday,Clear
2025-07-15 04:00:00,1,125,11,Low,Tuesday,Clear
2025-07-15 05:00:00,9,87,5,Low,Tuesday,Clear
2025-07-15 06:00:00,9,159,141,Low,Tuesday,Rainy
2025-07-15 07:00:00,1,99,3,High,Tuesday,Clear
2025-07-15 08:00:00,9,131,96,High,Tuesday,Clear
2025-07-15 09:00:00,10,131,4,High,Tuesday,Clear
2025-07-15 10:00:00,4,114,108,High,Tuesday,Clear
2025-07-15 11:00:00,4,175,100,Medium,Tuesday,Clear
2025-07-15 12:00:00,1,106,36,Low,Tuesday,Clear
2025-07-15 13:00:00,8,187,161,Medium,Tuesday,Clear
2025-07-15 14:00:00,5,133,91,Low,Tuesday,Clear
2025-07-15 15:00:00,3,148,56,Low,Tuesday,Cloudy
2025-07-15 16:00:00,2,137,118,Low,Tuesday,Clear
2025-07-15 17:00:00,7,169,107,High,Tuesday,Rainy
2025-07-15 18:00:00,10,194,119,High,Tuesday,Cloudy
2025-07-15 19:00:00,3,169,43,High,Tuesday,Clear
2025-07-15 20:00:00,4,100,90,Medium,Tuesday,Cloudy
2025-07-15 21:00:00,5,144,21,Medium,Tuesday,Rainy
2025-07-15 22:00:00,10,135,40,Low,Tuesday,Cloudy
2025-07-15 23:00:00,10,90,22,Low,Tuesday,Clear
2025-07-16 00:00:00,8,110,99,Medium,Wednesday,Cloudy
2025-07-16 01:00:00,3,193,84,Medium,Wednesday,Clear
2025-07-16 02:00:00,1,155,15,Low,Wednesday,Clear
2025-07-16 03:00:00,2,200,194,Medium,Wednesday,Rainy
2025-07-16 04:00:00,7,108,82,Low,Wednesday,Rainy
2025-07-16 05:00:00,9,92,73,Medium,Wednesday,Clear
2025-07-16 06:00:00,8,197,54,Medium,Wednesday,Rainy
2025-07-16 07:00:00,10,130,25,High,Wednesday,Clear
2025-07-16 08:00:00,8,88,7,High,Wednesday,Clear
2025-07-16 09:00:00,2,85,10,High,Wednesday,Clear
2025-07-16 10:00:00,4,149,87,High,Wednesday,Clear
2025-07-16 11:00:00,3,117,38,Low,Wednesday,Cloudy
2025-07-16 12:00:00,8,193,68,Medium,Wednesday,Clear
2025-07-16 13:00:00,3,154,52,Low,Wednesday,Clear
2025-07-16 14:00:00,9,127,16,Low,Wednesday,Rainy
2025-07-16 15:00:00,8,144,32,Low,Wednesday,Clear
2025-07-16 16:00:00,7,196,110,Medium,Wednesday,Clear
2025-07-16 17:00:00,4,191,97,High,Wednesday,Clear
2025-07-16 18:00:00,6,99,31,High,Wednesday,Rainy
2025-07-16 19:00:00,1,196,98,High,Wednesday,Cloudy
2025-07-16 20:00:00,5,131,109,High,Wednesday,Clear
2025-07-16 21:00:00,6,106,58,Medium,Wednesday,Cloudy
2025-07-16 22:00:00,10,93,45,Low,Wednesday,Cloudy
2025-07-16 23:00:00,7,104,80,Low,Wednesday,Clear
2025-07-17 00:00:00,6,186,135,Low,Thursday,Cloudy
2025-07-17 01:00:00,2,98,54,Low,Thursday,Clear
2025-07-17 02:00:00,7,153,25,Medium,Thursday,Clear
2025-07-17 03:00:00,6,140,87,Medium,Thursday,Clear
2025-07-17 04:00:00,1,92,6,Low,Thursday,Clear
2025-07-17 05:00:00,9,107,30,Low,Thursday,Clear
2025-07-17 06:00:00,9,157,139,Low,Thursday,Cloudy
2025-07-17 07:00:00,4,88,23,High,Thursday,Clear
2025-07-17 08:00:00,8,134,71,High,Thursday,Rainy
2025-07-17 09:00:00,6,199,64,High,Thursday,Clear
2025-07-17 10:00:00,3,178,123,High,Thursday,Clear
2025-07-17 11:00:00,10,147,74,Low,Thursday,Clear
2025-07-17 12:00:00,6,86,6,Low,Thursday,Clear
2025-07-17 13:00:00,1,158,83,Medium,Thursday,Cloudy
2025-07-17 14:00:00,5,161,67,Low,Thursday,Clear
2025-07-17 15:00:00,10,153,131,Low,Thursday,Clear
2025-07-17 16:00:00,7,97,37,Medium,Thursday,Clear
2025-07-17 17:00:00,3,164,101,High,Thursday,Clear
2025-07-17 18:00:00,7,199,71,Medium,Thursday,Cloudy
2025-07-17 19:00:00,2,185,44,Medium,Thursday,Clear
2025-07-17 20:00:00,5,151,112,Medium,Thursday,Clear
2025-07-17 21:00:00,8,94,4,Low,Thursday,Rainy
2025-07-17 22:00:00,4,165,139,Medium,Thursday,Rainy
2025-07-17 23:00:00,8,176,147,Medium,Thursday,Cloudy
2025-07-18 00:00:00,1,178,32,Low,Friday,Clear
2025-07-18 01:00:00,6,129,41,Medium,Friday,Clear
2025-07-18 02:00:00,3,194,45,Low,Friday,Clear
2025-07-18 03:00:00,9,83,70,Low,Friday,Cloudy
2025-07-18 04:00:00,10,180,98,Low,Friday,Clear
2025-07-18 05:00:00,6,173,65,Medium,Friday,Rainy
2025-07-18 06:00:00,1,102,30,Low,Friday,Cloudy
2025-07-18 07:00:00,7,95,47,High,Friday,Rainy
2025-07-18 08:00:00,1,184,124,Medium,Friday,Clear
2025-07-18 09:00:00,2,177,117,High,Friday,Cloudy
2025-07-18 10:00:00,4,181,97,High,Friday,Clear
2025-07-18 11:00:00,5,161,161,Medium,Friday,Cloudy
2025-07-18 12:00:00,7,158,65,Low,Friday,Clear
2025-07-18 13:00:00,1,83,46,Low,Friday,Clear
2025-07-18 14:00:00,8,176,18,Medium,Friday,Clear
2025-07-18 15:00:00,5,137,23,Low,Friday,Rainy
2025-07-18 16:00:00,4,96,63,Low,Friday,Clear
2025-07-18 17:00:00,4,181,16,High,Friday,Cloudy
2025-07-18 18:00:00,4,148,7,High,Friday,Cloudy
2025-07-18 19:00:00,3,200,98,High,Friday,Clear
2025-07-18 20:00:00,2,131,106,High,Friday,Clear
2025-07-18 21:00:00,4,192,34,Medium,Friday,Cloudy
2025-07-18 22:00:00,9,175,162,Medium,Friday,Rainy
2025-07-18 23:00:00,2,104,4,Low,Friday,Cloudy
2025-07-19 00:00:00,10,92,92,Medium,Saturday,Clear
2025-07-19 01:00:00,9,103,61,Low,Saturday,Clear
2025-07-19 02:00:00,9,133,40,Low,Saturday,Cloudy
2025-07-19 03:00:00,5,93,80,Low,Saturday,Rainy
2025-07-19 04:00:00,7,124,122,Low,Saturday,Clear
2025-07-19 05:00:00,4,102,20,Low,Saturday,Cloudy
2025-07-19 06:00:00,7,135,73,Low,Saturday,Clear
2025-07-19 07:00:00,10,167,59,High,Saturday,Cloudy
2025-07-19 08:00:00,6,167,37,Medium,Saturday,Clear
2025-07-19 09:00:00,9,166,35,High,Saturday,Rainy
2025-07-19 10:00:00,10,162,94,Medium,Saturday,Cloudy
2025-07-19 11:00:00,1,104,37,Medium,Saturday,Clear
2025-07-19 12:00:00,8,188,178,Low,Saturday,Cloudy
2025-07-19 13:00:00,7,156,37,Low,Saturday,Cloudy
2025-07-19 14:00:00,5,182,145,Medium,Saturday,Clear
2025-07-19 15:00:00,9,190,111,Medium,Saturday,Clear
2025-07-19 16:00:00,5,91,50,Low,Saturday,Clear
2025-07-19 17:00:00,6,93,48,High,Saturday,Rainy
2025-07-19 18:00:00,6,80,57,Medium,Saturday,Clear
2025-07-19 19:00:00,7,143,53,Medium,Saturday,Clear
2025-07-19 20:00:00,8,95,35,High,Saturday,Clear
2025-07-19 21:00:00,4,142,49,Low,Saturday,Rainy
2025-07-19 22:00:00,9,192,14,Low,Saturday,Cloudy
2025-07-19 23:00:00,10,184,40,Medium,Saturday,Rainy
2025-07-20 00:00:00,2,169,133,Low,Sunday,Clear
2025-07-20 01:00:00,2,113,38,Low,Sunday,Cloudy
2025-07-20 02:00:00,9,185,92,Low,Sunday,Rainy
2025-07-20 03:00:00,2,170,90,Medium,Sunday,Clear
2025-07-20 04:00:00,10,187,65,Low,Sunday,Clear
2025-07-20 05:00:00,5,91,59,Medium,Sunday,Clear
2025-07-20 06:00:00,9,173,117,Medium,Sunday,Clear
2025-07-20 07:00:00,10,135,89,High,Sunday,Cloudy
2025-07-20 08:00:00,4,154,10,High,Sunday,Cloudy
2025-07-20 09:00:00,2,101,69,High,Sunday,Cloudy
2025-07-20 10:00:00,7,168,62,High,Sunday,Clear
2025-07-20 11:00:00,5,157,102,Medium,Sunday,Rainy
2025-07-20 12:00:00,10,113,56,Low,Sunday,Clear
2025-07-20 13:00:00,10,188,65,Low,Sunday,Cloudy
2025-07-20 14:00:00,6,89,59,Low,Sunday,Cloudy
2025-07-20 15:00:00,1,125,106,Low,Sunday,Clear
2025-07-20 16:00:00,8,115,45,Medium,Sunday,Cloudy
2025-07-20 17:00:00,7,178,4,High,Sunday,Clear
2025-07-20 18:00:00,7,117,34,Medium,Sunday,Rainy
2025-07-20 19:00:00,8,167,35,High,Sunday,Rainy
2025-07-20 20:00:00,3,186,48,High,Sunday,Clear
2025-07-20 21:00:00,2,187,79,Medium,Sunday,Clear
2025-07-20 22:00:00,2,141,115,Low,Sunday,Clear
2025-07-20 23:00:00,6,197,70,Medium,Sunday,Cloudy
2025-07-21 00:00:00,10,187,124,Medium,Monday,Cloudy
2025-07-21 01:00:00,3,146,83,Low,Monday,Cloudy
2025-07-21 02:00:00,2,118,118,Medium,Monday,Clear
2025-07-21 03:00:00,10,187,66,Medium,Monday,Cloudy
2025-07-21 04:00:00,2,126,0,Low,Monday,Clear
2025-07-21 05:00:00,5,81,73,Low,Monday,Clear
2025-07-21 06:00:00,1,186,81,Low,Monday,Clear
2025-07-21 07:00:00,4,173,21,Medium,Monday,Rainy
2025-07-21 08:00:00,10,138,71,Medium,Monday,Rainy
2025-07-21 09:00:00,7,175,139,Medium,Monday,Clear
2025-07-21 10:00:00,6,148,84,Medium,Monday,Clear
2025-07-21 11:00:00,6,126,120,Low,Monday,Rainy
2025-07-21 12:00:00,5,169,139,Medium,Monday,Clear
2025-07-21 13:00:00,8,199,190,Low,Monday,Clear
2025-07-21 14:00:00,6,189,63,Low,Monday,Clear
2025-07-21 15:00:00,2,121,79,Low,Monday,Clear
2025-07-21 16:00:00,3,200,118,Low,Monday,Clear
2025-07-21 17:00:00,3,87,19,High,Monday,Clear
2025-07-21 18:00:00,2,188,102,High,Monday,Cloudy
2025-07-21 19:00:00,2,147,19,High,Monday,Clear
2025-07-21 20:00:00,2,119,33,High,Monday,Clear
2025-07-21 21:00:00,10,87,20,Low,Monday,Cloudy
2025-07-21 22:00:00,5,100,85,Low,Monday,Clear
2025-07-21 23:00:00,9,168,109,Medium,Monday,Clear
2025-07-22 00:00:00,10,104,42,Medium,Tuesday,Cloudy
2025-07-22 01:00:00,3,113,7,Medium,Tuesday,Clear
2025-07-22 02:00:00,6,130,34,Medium,Tuesday,Clear
2025-07-22 03:00:00,8,160,141,Low,Tuesday,Clear
2025-07-22 04:00:00,2,153,111,Low,Tuesday,Cloudy
2025-07-22 05:00:00,2,108,23,Medium,Tuesday,Clear
2025-07-22 06:00:00,8,158,91,Medium,Tuesday,Clear
2025-07-22 07:00:00,1,110,35,Medium,Tuesday,Clear
2025-07-22 08:00:00,2,125,49,High,Tuesday,Cloudy
2025-07-22 09:00:00,7,154,70,High,Tuesday,Clear
2025-07-22 10:00:00,9,177,126,Medium,Tuesday,Clear
2025-07-22 11:00:00,7,108,88,Medium,Tuesday,Rainy
2025-07-22 12:00:00,8,143,79,Medium,Tuesday,Clear
2025-07-22 13:00:00,8,141,134,Medium,Tuesday,Clear
2025-07-22 14:00:00,3,150,71,Medium,Tuesday,Rainy
2025-07-22 15:00:00,6,120,65,Medium,Tuesday,Cloudy
2025-07-22 16:00:00,5,150,68,Medium,Tuesday,Clear
2025-07-22 17:00:00,3,184,100,High,Tuesday,Cloudy
2025-07-22 18:00:00,2,165,43,High,Tuesday,Clear
2025-07-22 19:00:00,10,193,47,Medium,Tuesday,Clear
2025-07-22 20:00:00,7,104,52,Medium,Tuesday,Clear
2025-07-22 21:00:00,4,129,75,Low,Tuesday,Clear
2025-07-22 22:00:00,5,135,131,Low,Tuesday,Rainy
2025-07-22 23:00:00,6,95,93,Low,Tuesday,Clear
2025-07-23 00:00:00,7,91,3,Low,Wednesday,Rainy
2025-07-23 01:00:00,4,126,49,Low,Wednesday,Cloudy
2025-07-23 02:00:00,8,104,22,Medium,Wednesday,Cloudy
2025-07-23 03:00:00,9,162,66,Medium,Wednesday,Cloudy
2025-07-23 04:00:00,5,168,37,Medium,Wednesday,Clear
2025-07-23 05:00:00,2,167,146,Low,Wednesday,Rainy
2025-07-23 06:00:00,10,178,123,Low,Wednesday,Clear
2025-07-23 07:00:00,5,85,56,Medium,Wednesday,Cloudy
2025-07-23 08:00:00,8,158,67,Medium,Wednesday,Cloudy
2025-07-23 09:00:00,4,199,39,High,Wednesday,Rainy
2025-07-23 10:00:00,3,111,4,High,Wednesday,Cloudy
2025-07-23 11:00:00,8,191,76,Medium,Wednesday,Clear
2025-07-23 12:00:00,5,137,52,Low,Wednesday,Clear
2025-07-23 13:00:00,5,119,49,Low,Wednesday,Clear
2025-07-23 14:00:00,9,194,96,Low,Wednesday,Cloudy
2025-07-23 15:00:00,1,200,82,Low,Wednesday,Clear
2025-07-23 16:00:00,8,182,120,Medium,Wednesday,Clear
2025-07-23 17:00:00,8,134,70,High,Wednesday,Cloudy
2025-07-23 18:00:00,9,196,92,High,Wednesday,Clear
2025-07-23 19:00:00,6,161,87,Medium,Wednesday,Clear
2025-07-23 20:00:00,1,142,91,High,Wednesday,Clear
2025-07-23 21:00:00,1,178,146,Low,Wednesday,Rainy
2025-07-23 22:00:00,10,120,16,Low,Wednesday,Clear
2025-07-23 23:00:00,9,80,36,Low,Wednesday,Cloudy
2025-07-24 00:00:00,8,99,48,Medium,Thursday,Clear
2025-07-24 01:00:00,9,182,176,Medium,Thursday,Clear
2025-07-24 02:00:00,3,107,63,Low,Thursday,Clear
2025-07-24 03:00:00,5,172,129,Low,Thursday,Cloudy
2025-07-24 04:00:00,7,85,52,Low,Thursday,Cloudy
2025-07-24 05:00:00,1,105,14,Low,Thursday,Clear
2025-07-24 06:00:00,8,147,27,Low,Thursday,Cloudy
2025-07-24 07:00:00,9,86,13,High,Thursday,Clear
2025-07-24 08:00:00,6,100,50,High,Thursday,Cloudy
2025-07-24 09:00:00,5,90,77,Medium,Thursday,Clear
2025-07-24 10:00:00,4,81,26,High,Thursday,Clear
2025-07-24 11:00:00,10,119,20,Medium,Thursday,Clear
2025-07-24 12:00:00,6,101,14,Low,Thursday,Rainy
2025-07-24 13:00:00,9,157,145,Medium,Thursday,Clear
2025-07-24 14:00:00,4,117,85,Low,Thursday,Clear
2025-07-24 15:00:00,8,91,32,Low,Thursday,Clear
2025-07-24 16:00:00,7,134,88,Low,Thursday,Cloudy
2025-07-24 17:00:00,4,105,102,High,Thursday,Clear
2025-07-24 18:00:00,10,199,199,Medium,Thursday,Rainy
2025-07-24 19:00:00,2,198,72,High,Thursday,Clear
2025-07-24 20:00:00,6,197,46,High,Thursday,Clear
2025-07-24 21:00:00,3,148,86,Low,Thursday,Clear
2025-07-24 22:00:00,7,185,13,Low,Thursday,Rainy
2025-07-24 23:00:00,9,80,47,Low,Thursday,Cloudy
2025-07-25 00:00:00,2,174,30,Medium,Friday,Clear
2025-07-25 01:00:00,10,196,130,Low,Friday,Clear
2025-07-25 02:00:00,10,181,25,Low,Friday,Cloudy
2025-07-25 03:00:00,10,172,104,Low,Friday,Clear
2025-07-25 04:00:00,6,89,77,Low,Friday,Clear
2025-07-25 05:00:00,8,161,39,Low,Friday,Clear
2025-07-25 06:00:00,7,142,94,Low,Friday,Clear
2025-07-25 07:00:00,5,95,45,High,Friday,Cloudy
2025-07-25 08:00:00,4,133,64,Medium,Friday,Clear
2025-07-25 09:00:00,9,131,35,High,Friday,Clear
2025-07-25 10:00:00,8,197,46,High,Friday,Cloudy
2025-07-25 11:00:00,10,119,3,Medium,Friday,Clear
2025-07-25 12:00:00,10,160,77,Low,Friday,Cloudy
2025-07-25 13:00:00,5,187,124,Low,Friday,Clear
2025-07-25 14:00:00,8,104,9,Low,Friday,Clear
2025-07-25 15:00:00,8,118,23,Medium,Friday,Clear
2025-07-25 16:00:00,5,182,45,Low,Friday,Clear
2025-07-25 17:00:00,7,123,111,High,Friday,Clear
2025-07-25 18:00:00,3,97,58,High,Friday,Clear
2025-07-25 19:00:00,8,124,16,Medium,Friday,Clear
2025-07-25 20:00:00,10,133,37,High,Friday,Clear
2025-07-25 21:00:00,4,100,45,Medium,Friday,Clear
2025-07-25 22:00:00,1,89,34,Medium,Friday,Clear
2025-07-25 23:00:00,8,111,108,Low,Friday,Clear
2025-07-26 00:00:00,6,87,7,Low,Saturday,Clear
2025-07-26 01:00:00,8,170,122,Medium,Saturday,Clear
2025-07-26 02:00:00,1,135,70,Low,Saturday,Clear
2025-07-26 03:00:00,4,166,107,Low,Saturday,Clear
2025-07-26 04:00:00,2,176,73,Low,Saturday,Clear
2025-07-26 05:00:00,1,84,27,Low,Saturday,Clear
2025-07-26 06:00:00,9,98,74,Low,Saturday,Clear
2025-07-26 07:00:00,3,163,7,High,Saturday,Clear
2025-07-26 08:00:00,5,125,107,High,Saturday,Clear
2025-07-26 09:00:00,4,90,88,High,Saturday,Clear
2025-07-26 10:00:00,6,175,143,High,Saturday,Clear
2025-07-26 11:00:00,10,86,31,Medium,Saturday,Clear
2025-07-26 12:00:00,4,187,89,Medium,Saturday,Rainy
2025-07-26 13:00:00,5,195,73,Medium,Saturday,Clear
2025-07-26 14:00:00,4,185,174,Low,Saturday,Clear
2025-07-26 15:00:00,4,86,39,Low,Saturday,Clear
2025-07-26 16:00:00,8,181,63,Low,Saturday,Cloudy
2025-07-26 17:00:00,7,187,30,Medium,Saturday,Clear
2025-07-26 18:00:00,5,181,29,Medium,Saturday,Clear
2025-07-26 19:00:00,9,127,19,High,Saturday,Rainy
2025-07-26 20:00:00,9,169,161,High,Saturday,Clear
2025-07-26 21:00:00,2,98,78,Low,Saturday,Clear
2025-07-26 22:00:00,2,95,71,Low,Saturday,Clear
2025-07-26 23:00:00,6,193,101,Low,Saturday,Cloudy
2025-07-27 00:00:00,1,172,16,Medium,Sunday,Cloudy
2025-07-27 01:00:00,10,191,126,Low,Sunday,Clear
2025-07-27 02:00:00,5,85,75,Medium,Sunday,Clear
2025-07-27 03:00:00,7,87,28,Medium,Sunday,Rainy
2025-07-27 04:00:00,4,92,6,Low,Sunday,Clear
2025-07-27 05:00:00,3,139,110,Medium,Sunday,Clear
2025-07-27 06:00:00,4,180,168,Low,Sunday,Clear
2025-07-27 07:00:00,1,128,35,Medium,Sunday,Clear
2025-07-27 08:00:00,6,99,92,High,Sunday,Clear
2025-07-27 09:00:00,1,183,51,High,Sunday,Clear
2025-07-27 10:00:00,3,112,17,Medium,Sunday,Clear
2025-07-27 11:00:00,3,133,76,Low,Sunday,Clear
2025-07-27 12:00:00,9,148,85,Medium,Sunday,Clear
2025-07-27 13:00:00,9,130,5,Low,Sunday,Cloudy
2025-07-27 14:00:00,1,122,42,Medium,Sunday,Clear
2025-07-27 15:00:00,9,141,132,Low,Sunday,Cloudy
2025-07-27 16:00:00,8,133,24,Low,Sunday,Clear
2025-07-27 17:00:00,2,151,7,High,Sunday,Clear
2025-07-27 18:00:00,7,132,78,High,Sunday,Clear
2025-07-27 19:00:00,7,82,44,High,Sunday,Clear
2025-07-27 20:00:00,3,186,145,High,Sunday,Clear
2025-07-27 21:00:00,3,103,67,Low,Sunday,Clear
2025-07-27 22:00:00,2,181,157,Medium,Sunday,Clear
2025-07-27 23:00:00,4,92,54,Low,Sunday,Cloudy
2025-07-28 00:00:00,10,188,45,Low,Monday,Rainy
2025-07-28 01:00:00,6,112,99,Low,Monday,Clear
2025-07-28 02:00:00,6,185,97,Medium,Monday,Cloudy
2025-07-28 03:00:00,3,176,60,Medium,Monday,Clear
2025-07-28 04:00:00,2,147,84,Low,Monday,Clear
2025-07-28 05:00:00,7,101,22,Low,Monday,Cloudy
2025-07-28 06:00:00,3,107,50,Low,Monday,Clear
2025-07-28 07:00:00,10,170,46,Medium,Monday,Rainy
2025-07-28 08:00:00,6,141,130,High,Monday,Clear
2025-07-28 09:00:00,2,83,44,High,Monday,Clear
2025-07-28 10:00:00,5,197,46,Medium,Monday,Clear
2025-07-28 11:00:00,4,198,18,Medium,Monday,Clear
2025-07-28 12:00:00,4,122,2,Low,Monday,Clear
2025-07-28 13:00:00,2,181,1,Low,Monday,Clear
2025-07-28 14:00:00,6,158,58,Low,Monday,Clear
2025-07-28 15:00:00,5,172,82,Medium,Monday,Rainy
2025-07-28 16:00:00,4,165,113,Low,Monday,Cloudy
2025-07-28 17:00:00,10,133,15,High,Monday,Clear
2025-07-28 18:00:00,4,177,14,Medium,Monday,Cloudy
2025-07-28 19:00:00,8,102,81,High,Monday,Cloudy
2025-07-28 20:00:00,9,124,106,High,Monday,Rainy
2025-07-28 21:00:00,5,100,50,Low,Monday,Clear
2025-07-28 22:00:00,4,87,60,Low,Monday,Clear
2025-07-28 23:00:00,3,108,45,Medium,Monday,Clear
2025-07-29 00:00:00,10,154,10,Medium,Tuesday,Clear
2025-07-29 01:00:00,10,154,104,Medium,Tuesday,Rainy
2025-07-29 02:00:00,5,161,10,Low,Tuesday,Cloudy
2025-07-29 03:00:00,10,92,54,Medium,Tuesday,Clear
2025-07-29 04:00:00,6,177,118,Low,Tuesday,Clear
2025-07-29 05:00:00,4,110,55,Low,Tuesday,Clear
2025-07-29 06:00:00,5,126,52,Medium,Tuesday,Clear
2025-07-29 07:00:00,5,165,48,Medium,Tuesday,Clear
2025-07-29 08:00:00,10,194,182,Medium,Tuesday,Clear
2025-07-29 09:00:00,2,158,32,Medium,Tuesday,Cloudy
2025-07-29 10:00:00,4,118,75,Medium,Tuesday,Clear
2025-07-29 11:00:00,2,145,44,Low,Tuesday,Cloudy
2025-07-29 12:00:00,9,141,127,Low,Tuesday,Cloudy
2025-07-29 13:00:00,3,198,129,Low,Tuesday,Cloudy
2025-07-29 14:00:00,9,147,70,Medium,Tuesday,Clear
2025-07-29 15:00:00,2,118,62,Medium,Tuesday,Rainy
2025-07-29 16:00:00,7,111,35,Medium,Tuesday,Rainy
2025-07-29 17:00:00,10,171,77,High,Tuesday,Rainy
2025-07-29 18:00:00,2,139,106,Medium,Tuesday,Rainy
2025-07-29 19:00:00,2,102,89,High,Tuesday,Rainy
2025-07-29 20:00:00,2,96,63,High,Tuesday,Cloudy
2025-07-29 21:00:00,5,196,27,Low,Tuesday,Clear
2025-07-29 22:00:00,10,197,126,Low,Tuesday,Clear
2025-07-29 23:00:00,5,121,22,Medium,Tuesday,Clear
2025-07-30 00:00:00,8,158,106,Low,Wednesday,Clear
2025-07-30 01:00:00,1,193,138,Medium,Wednesday,Clear
2025-07-30 02:00:00,2,177,57,Low,Wednesday,Clear
2025-07-30 03:00:00,8,115,23,Low,Wednesday,Clear
2025-07-30 04:00:00,8,156,107,Low,Wednesday,Rainy
2025-07-30 05:00:00,7,200,57,Medium,Wednesday,Clear
2025-07-30 06:00:00,3,194,30,Low,Wednesday,Clear
2025-07-30 07:00:00,10,112,46,Medium,Wednesday,Clear
2025-07-30 08:00:00,3,149,131,Medium,Wednesday,Cloudy
2025-07-30 09:00:00,3,117,6,High,Wednesday,Clear
2025-07-30 10:00:00,8,97,3,Medium,Wednesday,Cloudy
2025-07-30 11:00:00,2,152,80,Medium,Wednesday,Cloudy
2025-07-30 12:00:00,7,133,35,Medium,Wednesday,Cloudy
2025-07-30 13:00:00,8,163,121,Low,Wednesday,Clear
2025-07-30 14:00:00,7,137,42,Low,Wednesday,Clear
2025-07-30 15:00:00,3,88,86,Low,Wednesday,Cloudy
2025-07-30 16:00:00,2,93,44,Low,Wednesday,Rainy
2025-07-30 17:00:00,9,133,101,High,Wednesday,Cloudy
2025-07-30 18:00:00,4,88,13,Medium,Wednesday,Clear
2025-07-30 19:00:00,1,178,155,Medium,Wednesday,Rainy
2025-07-30 20:00:00,9,125,27,High,Wednesday,Rainy
2025-07-30 21:00:00,10,149,111,Low,Wednesday,Clear
2025-07-30 22:00:00,8,97,85,Low,Wednesday,Clear
2025-07-30 23:00:00,10,98,49,Low,Wednesday,Rainy
2025-07-31 00:00:00,3,145,29,Low,Thursday,Cloudy
2025-07-31 01:00:00,4,86,50,Low,Thursday,Cloudy
2025-07-31 02:00:00,2,170,42,Medium,Thursday,Cloudy
2025-07-31 03:00:00,10,200,49,Medium,Thursday,Clear
2025-07-31 04:00:00,4,91,23,Low,Thursday,Cloudy
2025-07-31 05:00:00,6,121,55,Low,Thursday,Cloudy
2025-07-31 06:00:00,5,156,86,Medium,Thursday,Clear
2025-07-31 07:00:00,4,178,157,High,Thursday,Rainy
2025-07-31 08:00:00,3,88,2,High,Thursday,Clear
2025-07-31 09:00:00,7,173,24,Medium,Thursday,Clear
2025-07-31 10:00:00,1,170,137,Medium,Thursday,Clear
2025-07-31 11:00:00,10,142,64,Low,Thursday,Clear
2025-07-31 12:00:00,9,99,58,Low,Thursday,Clear
2025-07-31 13:00:00,1,87,69,Low,Thursday,Clear
2025-07-31 14:00:00,9,140,60,Low,Thursday,Cloudy
2025-07-31 15:00:00,5,161,99,Medium,Thursday,Clear
2025-07-31 16:00:00,4,159,110,Medium,Thursday,Clear
2025-07-31 17:00:00,7,150,116,High,Thursday,Clear
2025-07-31 18:00:00,9,177,130,High,Thursday,Clear
2025-07-31 19:00:00,5,114,28,High,Thursday,Rainy
2025-07-31 20:00:00,3,120,50,High,Thursday,Clear
2025-07-31 21:00:00,5,81,43,Medium,Thursday,Clear
2025-07-31 22:00:00,6,158,142,Low,Thursday,Cloudy
2025-07-31 23:00:00,8,104,80,Medium,Thursday,Clear
2025-08-01 00:00:00,3,179,72,Medium,Friday,Clear
2025-08-01 01:00:00,4,149,47,Low,Friday,Clear
2025-08-01 02:00:00,2,171,114,Low,Friday,Rainy
2025-08-01 03:00:00,10,143,23,Medium,Friday,Cloudy
2025-08-01 04:00:00,7,109,8,Medium,Friday,Clear
2025-08-01 05:00:00,2,189,53,Low,Friday,Clear
2025-08-01 06:00:00,7,144,20,Medium,Friday,Rainy
2025-08-01 07:00:00,6,151,122,High,Friday,Clear
2025-08-01 08:00:00,1,138,117,High,Friday,Clear
2025-08-01 09:00:00,8,127,89,High,Friday,Cloudy
2025-08-01 10:00:00,8,146,95,High,Friday,Clear
2025-08-01 11:00:00,6,122,21,Medium,Friday,Clear
2025-08-01 12:00:00,10,164,158,Low,Friday,Rainy
2025-08-01 13:00:00,2,174,150,Medium,Friday,Clear
2025-08-01 14:00:00,1,83,13,Medium,Friday,Clear
2025-08-01 15:00:00,4,182,107,Low,Friday,Clear
2025-08-01 16:00:00,10,159,28,Medium,Friday,Clear
2025-08-01 17:00:00,9,163,93,Medium,Friday,Rainy
2025-08-01 18:00:00,4,157,34,High,Friday,Clear
2025-08-01 19:00:00,3,113,25,High,Friday,Cloudy
2025-08-01 20:00:00,2,184,85,High,Friday,Clear
2025-08-01 21:00:00,2,108,53,Medium,Friday,Cloudy
2025-08-01 22:00:00,9,141,71,Low,Friday,Clear
2025-08-01 23:00:00,7,102,2,Medium,Friday,Clear
2025-08-02 00:00:00,2,148,111,Low,Saturday,Clear
2025-08-02 01:00:00,1,166,80,Low,Saturday,Rainy
2025-08-02 02:00:00,1,81,16,Medium,Saturday,Rainy
2025-08-02 03:00:00,4,128,30,Low,Saturday,Clear
2025-08-02 04:00:00,9,190,35,Medium,Saturday,Clear
2025-08-02 05:00:00,7,114,1,Medium,Saturday,Rainy
2025-08-02 06:00:00,3,145,90,Low,Saturday,Clear
2025-08-02 07:00:00,9,162,120,High,Saturday,Clear
2025-08-02 08:00:00,2,178,42,High,Saturday,Clear
2025-08-02 09:00:00,9,127,42,Medium,Saturday,Clear
2025-08-02 10:00:00,3,197,142,Medium,Saturday,Clear
2025-08-02 11:00:00,10,181,120,Low,Saturday,Clear
2025-08-02 12:00:00,8,98,64,Low,Saturday,Clear
2025-08-02 13:00:00,9,114,45,Medium,Saturday,Rainy
2025-08-02 14:00:00,10,197,44,Low,Saturday,Clear
2025-08-02 15:00:00,1,131,27,Low,Saturday,Clear
2025-08-02 16:00:00,2,117,13,Low,Saturday,Cloudy
2025-08-02 17:00:00,2,149,63,High,Saturday,Clear
2025-08-02 18:00:00,2,129,95,High,Saturday,Rainy
2025-08-02 19:00:00,3,149,37,High,Saturday,Clear
2025-08-02 20:00:00,9,148,18,High,Saturday,Rainy
2025-08-02 21:00:00,8,128,90,Low,Saturday,Clear
2025-08-02 22:00:00,7,123,121,Low,Saturday,Cloudy
2025-08-02 23:00:00,2,81,67,Medium,Saturday,Clear
2025-08-03 00:00:00,9,90,7,Low,Sunday,Cloudy
2025-08-03 01:00:00,2,99,53,Low,Sunday,Clear
2025-08-03 02:00:00,8,152,139,Medium,Sunday,Clear
2025-08-03 03:00:00,5,106,97,Medium,Sunday,Clear
2025-08-03 04:00:00,9,129,44,Medium,Sunday,Rainy
2025-08-03 05:00:00,9,187,24,Low,Sunday,Rainy
2025-08-03 06:00:00,5,178,28,Low,Sunday,Clear
2025-08-03 07:00:00,1,147,52,High,Sunday,Rainy
2025-08-03 08:00:00,8,90,14,High,Sunday,Clear
2025-08-03 09:00:00,10,199,43,High,Sunday,Clear
2025-08-03 10:00:00,3,82,72,Medium,Sunday,Clear
2025-08-03 11:00:00,1,98,9,Low,Sunday,Clear
2025-08-03 12:00:00,7,111,50,Medium,Sunday,Clear
2025-08-03 13:00:00,9,115,110,Low,Sunday,Rainy
2025-08-03 14:00:00,6,172,2,Medium,Sunday,Clear
2025-08-03 15:00:00,8,128,106,Low,Sunday,Cloudy
2025-08-03 16:00:00,10,125,93,Medium,Sunday,Clear
2025-08-03 17:00:00,4,182,157,Medium,Sunday,Clear
2025-08-03 18:00:00,6,85,73,Medium,Sunday,Cloudy
2025-08-03 19:00:00,1,149,96,Medium,Sunday,Clear
2025-08-03 20:00:00,4,139,100,Medium,Sunday,Rainy
2025-08-03 21:00:00,1,174,153,Low,Sunday,Clear
2025-08-03 22:00:00,9,193,42,Medium,Sunday,Rainy
2025-08-03 23:00:00,5,118,98,Medium,Sunday,Cloudy
2025-08-04 00:00:00,9,189,129,Low,Monday,Cloudy
2025-08-04 01:00:00,4,175,59,Low,Monday,Clear
2025-08-04 02:00:00,1,152,105,Medium,Monday,Rainy
2025-08-04 03:00:00,10,128,78,Low,Monday,Cloudy
2025-08-04 04:00:00,7,150,128,Medium,Monday,Clear
2025-08-04 05:00:00,4,158,15,Low,Monday,Cloudy
2025-08-04 06:00:00,4,82,73,Medium,Monday,Clear
2025-08-04 07:00:00,1,101,96,High,Monday,Cloudy
2025-08-04 08:00:00,7,145,141,High,Monday,Clear
2025-08-04 09:00:00,6,99,80,High,Monday,Cloudy
2025-08-04 10:00:00,3,170,67,High,Monday,Cloudy
2025-08-04 11:00:00,6,103,102,Medium,Monday,Clear
2025-08-04 12:00:00,2,189,181,Low,Monday,Clear
2025-08-04 13:00:00,2,199,11,Low,Monday,Cloudy
2025-08-04 14:00:00,9,151,80,Low,Monday,Cloudy
2025-08-04 15:00:00,10,105,57,Medium,Monday,Rainy
2025-08-04 16:00:00,5,105,78,Medium,Monday,Clear
2025-08-04 17:00:00,1,88,62,High,Monday,Clear
2025-08-04 18:00:00,10,137,27,Medium,Monday,Cloudy
2025-08-04 19:00:00,9,156,129,High,Monday,Cloudy
2025-08-04 20:00:00,5,169,164,High,Monday,Clear
2025-08-04 21:00:00,8,175,162,Low,Monday,Clear
2025-08-04 22:00:00,6,86,69,Low,Monday,Clear
2025-08-04 23:00:00,8,196,101,Medium,Monday,Clear
2025-08-05 00:00:00,5,178,10,Medium,Tuesday,Rainy
2025-08-05 01:00:00,4,119,116,Low,Tuesday,Clear
2025-08-05 02:00:00,2,155,72,Medium,Tuesday,Cloudy
2025-08-05 03:00:00,10,107,19,Medium,Tuesday,Cloudy
2025-08-05 04:00:00,2,124,22,Low,Tuesday,Cloudy
2025-08-05 05:00:00,9,192,74,Low,Tuesday,Clear
2025-08-05 06:00:00,1,135,80,Medium,Tuesday,Clear
2025-08-05 07:00:00,7,195,187,High,Tuesday,Cloudy
2025-08-05 08:00:00,6,105,54,Medium,Tuesday,Clear
2025-08-05 09:00:00,7,115,47,High,Tuesday,Clear
2025-08-05 10:00:00,1,127,71,High,Tuesday,Cloudy
2025-08-05 11:00:00,5,194,157,Medium,Tuesday,Clear
2025-08-05 12:00:00,7,105,72,Low,Tuesday,Clear
2025-08-05 13:00:00,5,191,90,Medium,Tuesday,Clear
2025-08-05 14:00:00,2,122,94,Low,Tuesday,Clear
2025-08-05 15:00:00,1,135,86,Medium,Tuesday,Clear
2025-08-05 16:00:00,10,133,98,Medium,Tuesday,Cloudy
2025-08-05 17:00:00,5,139,103,High,Tuesday,Cloudy
2025-08-05 18:00:00,4,120,89,High,Tuesday,Clear
2025-08-05 19:00:00,10,129,58,High,Tuesday,Clear
2025-08-05 20:00:00,9,157,107,Medium,Tuesday,Clear
2025-08-05 21:00:00,4,170,82,Low,Tuesday,Clear
2025-08-05 22:00:00,8,108,43,Low,Tuesday,Cloudy
2025-08-05 23:00:00,8,146,44,Low,Tuesday,Clear
2025-08-06 00:00:00,4,148,117,Low,Wednesday,Clear
2025-08-06 01:00:00,3,156,86,Low,Wednesday,Cloudy
2025-08-06 02:00:00,5,160,61,Medium,Wednesday,Clear
2025-08-06 03:00:00,8,124,120,Low,Wednesday,Clear
2025-08-06 04:00:00,8,159,88,Low,Wednesday,Clear
2025-08-06 05:00:00,10,177,135,Low,Wednesday,Clear
2025-08-06 06:00:00,7,179,22,Low,Wednesday,Rainy
2025-08-06 07:00:00,10,158,42,High,Wednesday,Clear
2025-08-06 08:00:00,8,98,76,High,Wednesday,Clear
2025-08-06 09:00:00,10,101,36,High,Wednesday,Clear
2025-08-06 10:00:00,2,113,97,Medium,Wednesday,Clear
2025-08-06 11:00:00,1,108,106,Low,Wednesday,Clear
2025-08-06 12:00:00,2,89,43,Medium,Wednesday,Rainy
2025-08-06 13:00:00,10,97,60,Low,Wednesday,Clear
2025-08-06 14:00:00,9,88,66,Medium,Wednesday,Clear
2025-08-06 15:00:00,10,190,124,Medium,Wednesday,Rainy
2025-08-06 16:00:00,9,164,125,Low,Wednesday,Clear
2025-08-06 17:00:00,2,105,63,High,Wednesday,Cloudy
2025-08-06 18:00:00,8,119,95,Medium,Wednesday,Clear
2025-08-06 19:00:00,5,167,44,High,Wednesday,Clear
2025-08-06 20:00:00,2,85,11,Medium,Wednesday,Clear
2025-08-06 21:00:00,9,136,58,Low,Wednesday,Clear
2025-08-06 22:00:00,1,150,57,Medium,Wednesday,Clear
2025-08-06 23:00:00,3,113,21,Low,Wednesday,Clear
2025-08-07 00:00:00,7,122,53,Low,Thursday,Clear
2025-08-07 01:00:00,5,178,6,Medium,Thursday,Clear
2025-08-07 02:00:00,6,193,103,Medium,Thursday,Clear
2025-08-07 03:00:00,7,182,25,Low,Thursday,Rainy
2025-08-07 04:00:00,1,108,35,Medium,Thursday,Clear
2025-08-07 05:00:00,7,90,20,Low,Thursday,Cloudy
2025-08-07 06:00:00,10,121,51,Medium,Thursday,Cloudy
2025-08-07 07:00:00,5,189,119,High,Thursday,Rainy
2025-08-07 08:00:00,8,180,10,Medium,Thursday,Rainy
2025-08-07 09:00:00,2,172,29,High,Thursday,Clear
2025-08-07 10:00:00,9,86,32,High,Thursday,Rainy
2025-08-07 11:00:00,6,131,84,Medium,Thursday,Clear
2025-08-07 12:00:00,9,93,30,Low,Thursday,Clear
2025-08-07 13:00:00,6,94,46,Medium,Thursday,Cloudy
2025-08-07 14:00:00,6,149,14,Medium,Thursday,Rainy
2025-08-07 15:00:00,1,128,124,Medium,Thursday,Cloudy
2025-08-07 16:00:00,8,162,54,Low,Thursday,Clear
2025-08-07 17:00:00,9,114,101,High,Thursday,Rainy
2025-08-07 18:00:00,6,124,51,Medium,Thursday,Clear
2025-08-07 19:00:00,1,106,77,Medium,Thursday,Cloudy
2025-08-07 20:00:00,8,129,82,High,Thursday,Clear
2025-08-07 21:00:00,9,83,33,Low,Thursday,Clear
2025-08-07 22:00:00,7,113,79,Low,Thursday,Clear
2025-08-07 23:00:00,1,174,170,Low,Thursday,Clear
2025-08-08 00:00:00,1,113,53,Low,Friday,Clear
2025-08-08 01:00:00,10,170,4,Low,Friday,Clear
2025-08-08 02:00:00,5,130,74,Low,Friday,Clear
2025-08-08 03:00:00,6,118,107,Low,Friday,Clear
2025-08-08 04:00:00,5,138,48,Medium,Friday,Cloudy
2025-08-08 05:00:00,2,185,64,Low,Friday,Rainy
2025-08-08 06:00:00,4,157,87,Low,Friday,Cloudy
2025-08-08 07:00:00,5,103,12,Medium,Friday,Clear
2025-08-08 08:00:00,7,153,49,Medium,Friday,Clear
2025-08-08 09:00:00,10,179,160,High,Friday,Clear
2025-08-08 10:00:00,10,140,82,High,Friday,Clear
2025-08-08 11:00:00,1,125,119,Medium,Friday,Cloudy
2025-08-08 12:00:00,5,125,56,Low,Friday,Rainy
2025-08-08 13:00:00,2,97,77,Medium,Friday,Cloudy
2025-08-08 14:00:00,2,154,25,Low,Friday,Cloudy
2025-08-08 15:00:00,2,169,31,Low,Friday,Rainy
2025-08-08 16:00:00,10,192,30,Medium,Friday,Clear
2025-08-08 17:00:00,7,150,24,High,Friday,Rainy
2025-08-08 18:00:00,7,190,118,High,Friday,Rainy
2025-08-08 19:00:00,2,80,48,High,Friday,Clear
2025-08-08 20:00:00,4,187,136,High,Friday,Clear
2025-08-08 21:00:00,4,127,84,Medium,Friday,Clear
2025-08-08 22:00:00,7,177,47,Low,Friday,Rainy
2025-08-08 23:00:00,5,168,118,Medium,Friday,Clear
2025-08-09 00:00:00,5,181,1,Low,Saturday,Clear
2025-08-09 01:00:00,2,175,97,Low,Saturday,Clear
2025-08-09 02:00:00,5,191,138,Low,Saturday,Clear
2025-08-09 03:00:00,4,120,35,Low,Saturday,Cloudy
2025-08-09 04:00:00,6,181,43,Medium,Saturday,Clear
2025-08-09 05:00:00,5,128,106,Medium,Saturday,Rainy
2025-08-09 06:00:00,1,147,135,Low,Saturday,Cloudy
2025-08-09 07:00:00,2,192,126,High,Saturday,Cloudy
2025-08-09 08:00:00,2,119,69,High,Saturday,Rainy
2025-08-09 09:00:00,2,148,14,High,Saturday,Clear
2025-08-09 10:00:00,8,119,24,High,Saturday,Cloudy
2025-08-09 11:00:00,9,86,20,Low,Saturday,Clear
2025-08-09 12:00:00,3,130,42,Low,Saturday,Clear
2025-08-09 13:00:00,6,180,133,Medium,Saturday,Clear
2025-08-09 14:00:00,3,127,47,Low,Saturday,Rainy
2025-08-09 15:00:00,4,169,61,Low,Saturday,Cloudy
2025-08-09 16:00:00,1,91,35,Low,Saturday,Clear
2025-08-09 17:00:00,8,87,79,High,Saturday,Cloudy
2025-08-09 18:00:00,4,109,64,High,Saturday,Clear
2025-08-09 19:00:00,10,135,15,Medium,Saturday,Cloudy
2025-08-09 20:00:00,5,126,70,High,Saturday,Cloudy
2025-08-09 21:00:00,2,93,13,Medium,Saturday,Rainy
2025-08-09 22:00:00,7,147,8,Medium,Saturday,Rainy
2025-08-09 23:00:00,5,183,52,Low,Saturday,Clear
2025-08-10 00:00:00,7,99,95,Low,Sunday,Clear
2025-08-10 01:00:00,2,97,37,Low,Sunday,Cloudy
2025-08-10 02:00:00,9,120,28,Medium,Sunday,Clear
2025-08-10 03:00:00,2,89,77,Low,Sunday,Cloudy
2025-08-10 04:00:00,1,152,93,Medium,Sunday,Clear
2025-08-10 05:00:00,3,160,143,Medium,Sunday,Clear
2025-08-10 06:00:00,2,156,110,Medium,Sunday,Clear
2025-08-10 07:00:00,9,168,156,High,Sunday,Clear
2025-08-10 08:00:00,6,153,145,High,Sunday,Rainy
2025-08-10 09:00:00,10,184,164,High,Sunday,Rainy
2025-08-10 10:00:00,6,85,16,Medium,Sunday,Cloudy
2025-08-10 11:00:00,9,143,123,Medium,Sunday,Clear
2025-08-10 12:00:00,9,195,178,Medium,Sunday,Rainy
2025-08-10 13:00:00,2,116,4,Medium,Sunday,Clear
2025-08-10 14:00:00,6,126,107,Low,Sunday,Clear
2025-08-10 15:00:00,1,168,138,Medium,Sunday,Cloudy
2025-08-10 16:00:00,6,199,31,Low,Sunday,Clear
2025-08-10 17:00:00,1,99,11,High,Sunday,Clear
2025-08-10 18:00:00,4,143,92,High,Sunday,Clear
2025-08-10 19:00:00,7,163,154,Medium,Sunday,Clear
2025-08-10 20:00:00,6,199,83,High,Sunday,Cloudy
2025-08-10 21:00:00,1,137,3,Low,Sunday,Clear
2025-08-10 22:00:00,6,87,67,Low,Sunday,Clear
2025-08-10 23:00:00,5,179,104,Low,Sunday,Cloudy
2025-08-11 00:00:00,3,119,78,Medium,Monday,Clear
2025-08-11 01:00:00,9,147,14,Low,Monday,Rainy
2025-08-11 02:00:00,6,160,24,Low,Monday,Clear
2025-08-11 03:00:00,4,181,132,Medium,Monday,Clear
2025-08-11 04:00:00,10,90,73,Medium,Monday,Cloudy
2025-08-11 05:00:00,8,160,148,Medium,Monday,Rainy
2025-08-11 06:00:00,1,170,23,Medium,Monday,Cloudy
2025-08-11 07:00:00,1,118,114,High,Monday,Cloudy
2025-08-11 08:00:00,3,155,112,High,Monday,Cloudy
2025-08-11 09:00:00,6,162,7,High,Monday,Clear
2025-08-11 10:00:00,4,179,24,High,Monday,Clear
2025-08-11 11:00:00,4,168,2,Medium,Monday,Clear
2025-08-11 12:00:00,3,129,116,Low,Monday,Cloudy
2025-08-11 13:00:00,2,194,41,Low,Monday,Clear
2025-08-11 14:00:00,3,164,50,Low,Monday,Clear
2025-08-11 15:00:00,3,159,7,Low,Monday,Clear
2025-08-11 16:00:00,4,89,4,Medium,Monday,Clear
2025-08-11 17:00:00,3,86,31,High,Monday,Clear
2025-08-11 18:00:00,5,82,47,High,Monday,Clear
2025-08-11 19:00:00,6,167,155,High,Monday,Clear
2025-08-11 20:00:00,4,141,11,Medium,Monday,Clear
2025-08-11 21:00:00,2,131,71,Low,Monday,Rainy
2025-08-11 22:00:00,3,151,1,Low,Monday,Cloudy
2025-08-11 23:00:00,4,147,55,Medium,Monday,Clear
2025-08-12 00:00:00,9,195,86,Low,Tuesday,Cloudy
2025-08-12 01:00:00,10,163,21,Low,Tuesday,Clear
2025-08-12 02:00:00,4,189,30,Medium,Tuesday,Clear
2025-08-12 03:00:00,2,119,117,Medium,Tuesday,Cloudy
2025-08-12 04:00:00,8,94,27,Medium,Tuesday,Clear
2025-08-12 05:00:00,2,85,28,Medium,Tuesday,Rainy
2025-08-12 06:00:00,1,99,60,Low,Tuesday,Clear
2025-08-12 07:00:00,2,190,47,High,Tuesday,Clear
2025-08-12 08:00:00,9,199,84,High,Tuesday,Clear
2025-08-12 09:00:00,3,184,180,High,Tuesday,Clear
2025-08-12 10:00:00,1,146,77,High,Tuesday,Clear
2025-08-12 11:00:00,7,193,69,Medium,Tuesday,Clear
2025-08-12 12:00:00,5,122,49,Low,Tuesday,Clear
2025-08-12 13:00:00,10,186,42,Low,Tuesday,Clear
2025-08-12 14:00:00,2,157,56,Low,Tuesday,Clear
2025-08-12 15:00:00,8,104,10,Medium,Tuesday,Cloudy
2025-08-12 16:00:00,4,112,10,Low,Tuesday,Cloudy
2025-08-12 17:00:00,2,182,177,High,Tuesday,Clear
2025-08-12 18:00:00,4,149,42,High,Tuesday,Clear
2025-08-12 19:00:00,10,123,40,Medium,Tuesday,Cloudy
2025-08-12 20:00:00,4,135,51,High,Tuesday,Rainy
2025-08-12 21:00:00,3,107,4,Low,Tuesday,Clear
2025-08-12 22:00:00,8,186,52,Medium,Tuesday,Clear
2025-08-12 23:00:00,4,80,40,Medium,Tuesday,Cloudy
2025-08-13 00:00:00,2,97,22,Medium,Wednesday,Clear
2025-08-13 01:00:00,4,184,134,Low,Wednesday,Cloudy
2025-08-13 02:00:00,9,182,176,Low,Wednesday,Clear
2025-08-13 03:00:00,4,159,6,Low,Wednesday,Clear
2025-08-13 04:00:00,7,106,39,Medium,Wednesday,Cloudy
2025-08-13 05:00:00,5,158,52,Low,Wednesday,Clear
2025-08-13 06:00:00,8,104,67,Low,Wednesday,Clear
2025-08-13 07:00:00,6,146,66,High,Wednesday,Cloudy
2025-08-13 08:00:00,8,169,55,High,Wednesday,Cloudy
2025-08-13 09:00:00,3,88,5,High,Wednesday,Cloudy
2025-08-13 10:00:00,3,134,5,High,Wednesday,Clear
2025-08-13 11:00:00,2,142,75,Low,Wednesday,Cloudy
2025-08-13 12:00:00,4,156,156,Medium,Wednesday,Cloudy
2025-08-13 13:00:00,10,171,86,Medium,Wednesday,Clear
2025-08-13 14:00:00,3,96,22,Low,Wednesday,Cloudy
2025-08-13 15:00:00,6,194,158,Low,Wednesday,Clear
2025-08-13 16:00:00,8,99,37,Low,Wednesday,Cloudy
2025-08-13 17:00:00,1,186,118,Medium,Wednesday,Rainy
2025-08-13 18:00:00,7,134,110,High,Wednesday,Clear
2025-08-13 19:00:00,7,136,15,Medium,Wednesday,Rainy
2025-08-13 20:00:00,2,200,24,High,Wednesday,Rainy
2025-08-13 21:00:00,1,192,154,Low,Wednesday,Cloudy
2025-08-13 22:00:00,10,184,101,Medium,Wednesday,Clear
2025-08-13 23:00:00,7,142,50,Medium,Wednesday,Clear
2025-08-14 00:00:00,6,89,70,Medium,Thursday,Cloudy
2025-08-14 01:00:00,8,92,19,Low,Thursday,Clear
2025-08-14 02:00:00,7,133,9,Low,Thursday,Cloudy
2025-08-14 03:00:00,7,158,108,Medium,Thursday,Rainy
2025-08-14 04:00:00,8,143,139,Low,Thursday,Cloudy
2025-08-14 05:00:00,2,161,27,Medium,Thursday,Cloudy
2025-08-14 06:00:00,8,192,152,Low,Thursday,Clear
2025-08-14 07:00:00,8,84,56,High,Thursday,Cloudy
2025-08-14 08:00:00,4,103,79,Medium,Thursday,Clear
2025-08-14 09:00:00,10,194,32,High,Thursday,Clear
2025-08-14 10:00:00,9,183,124,High,Thursday,Cloudy
2025-08-14 11:00:00,8,138,45,Low,Thursday,Cloudy
2025-08-14 12:00:00,10,113,111,Medium,Thursday,Cloudy
2025-08-14 13:00:00,8,85,84,Low,Thursday,Cloudy
2025-08-14 14:00:00,2,171,34,Medium,Thursday,Cloudy
2025-08-14 15:00:00,7,93,67,Low,Thursday,Rainy
2025-08-14 16:00:00,9,140,138,Medium,Thursday,Clear
2025-08-14 17:00:00,1,165,147,High,Thursday,Cloudy
2025-08-14 18:00:00,5,124,55,High,Thursday,Clear
2025-08-14 19:00:00,4,115,66,High,Thursday,Clear
2025-08-14 20:00:00,9,158,55,High,Thursday,Cloudy
2025-08-14 21:00:00,7,98,8,Low,Thursday,Cloudy
2025-08-14 22:00:00,10,125,123,Low,Thursday,Cloudy
2025-08-14 23:00:00,10,136,59,Low,Thursday,Cloudy
2025-08-15 00:00:00,10,199,176,Low,Friday,Cloudy
2025-08-15 01:00:00,7,135,45,Medium,Friday,Clear
2025-08-15 02:00:00,5,159,49,Medium,Friday,Clear
2025-08-15 03:00:00,5,141,5,Medium,Friday,Clear
2025-08-15 04:00:00,8,186,12,Low,Friday,Clear
2025-08-15 05:00:00,1,127,35,Low,Friday,Cloudy
2025-08-15 06:00:00,3,142,58,Low,Friday,Clear
2025-08-15 07:00:00,8,96,48,High,Friday,Clear
2025-08-15 08:00:00,5,186,107,High,Friday,Rainy
2025-08-15 09:00:00,4,116,107,High,Friday,Clear
2025-08-15 10:00:00,1,172,23,Medium,Friday,Clear
2025-08-15 11:00:00,4,134,81,Low,Friday,Clear
2025-08-15 12:00:00,1,144,72,Low,Friday,Rainy
2025-08-15 13:00:00,6,186,20,Medium,Friday,Rainy
2025-08-15 14:00:00,10,174,100,Low,Friday,Clear
2025-08-15 15:00:00,2,120,89,Medium,Friday,Clear
2025-08-15 16:00:00,3,184,49,Low,Friday,Clear
2025-08-15 17:00:00,2,125,117,Medium,Friday,Clear
2025-08-15 18:00:00,4,90,42,High,Friday,Clear
2025-08-15 19:00:00,5,200,10,High,Friday,Clear
2025-08-15 20:00:00,3,104,35,High,Friday,Clear
2025-08-15 21:00:00,10,98,65,Low,Friday,Clear
2025-08-15 22:00:00,4,198,9,Low,Friday,Clear
2025-08-15 23:00:00,10,113,46,Low,Friday,Cloudy
2025-08-16 00:00:00,2,121,70,Low,Saturday,Clear
2025-08-16 01:00:00,2,86,14,Low,Saturday,Clear
2025-08-16 02:00:00,7,179,86,Low,Saturday,Rainy
2025-08-16 03:00:00,5,137,133,Low,Saturday,Cloudy
2025-08-16 04:00:00,9,189,71,Medium,Saturday,Clear
2025-08-16 05:00:00,4,146,1,Medium,Saturday,Clear
2025-08-16 06:00:00,2,198,165,Low,Saturday,Clear
2025-08-16 07:00:00,1,191,36,High,Saturday,Cloudy
2025-08-16 08:00:00,2,160,138,High,Saturday,Clear
2025-08-16 09:00:00,8,110,2,High,Saturday,Cloudy
2025-08-16 10:00:00,1,194,107,High,Saturday,Clear
2025-08-16 11:00:00,9,140,111,Medium,Saturday,Clear
2025-08-16 12:00:00,5,190,44,Low,Saturday,Clear
2025-08-16 13:00:00,10,194,114,Low,Saturday,Rainy
2025-08-16 14:00:00,8,143,71,Medium,Saturday,Clear
2025-08-16 15:00:00,10,161,9,Medium,Saturday,Cloudy
2025-08-16 16:00:00,2,111,102,Low,Saturday,Cloudy
2025-08-16 17:00:00,10,139,13,Medium,Saturday,Cloudy
2025-08-16 18:00:00,9,200,37,Medium,Saturday,Clear
2025-08-16 19:00:00,9,101,53,High,Saturday,Clear
2025-08-16 20:00:00,2,176,85,High,Saturday,Rainy
2025-08-16 21:00:00,5,141,122,Low,Saturday,Clear
2025-08-16 22:00:00,2,167,11,Medium,Saturday,Cloudy
2025-08-16 23:00:00,2,193,89,Medium,Saturday,Rainy
2025-08-17 00:00:00,6,141,135,Low,Sunday,Clear
2025-08-17 01:00:00,1,108,98,Low,Sunday,Clear
2025-08-17 02:00:00,5,171,26,Low,Sunday,Rainy
2025-08-17 03:00:00,9,91,73,Low,Sunday,Clear
2025-08-17 04:00:00,8,153,137,Low,Sunday,Clear
2025-08-17 05:00:00,5,83,54,Low,Sunday,Clear
2025-08-17 06:00:00,10,160,10,Low,Sunday,Clear
2025-08-17 07:00:00,6,131,77,Medium,Sunday,Cloudy
2025-08-17 08:00:00,1,153,52,High,Sunday,Clear
2025-08-17 09:00:00,3,99,52,Medium,Sunday,Clear
2025-08-17 10:00:00,3,147,105,Medium,Sunday,Cloudy
2025-08-17 11:00:00,2,112,92,Low,Sunday,Clear
2025-08-17 12:00:00,10,192,77,Low,Sunday,Rainy
2025-08-17 13:00:00,2,153,86,Low,Sunday,Clear
2025-08-17 14:00:00,9,186,106,Low,Sunday,Clear
2025-08-17 15:00:00,4,184,99,Low,Sunday,Cloudy
2025-08-17 16:00:00,10,94,87,Low,Sunday,Clear
2025-08-17 17:00:00,4,137,112,High,Sunday,Clear
2025-08-17 18:00:00,7,181,37,High,Sunday,Cloudy
2025-08-17 19:00:00,10,127,30,High,Sunday,Rainy
2025-08-17 20:00:00,9,139,135,High,Sunday,Clear
2025-08-17 21:00:00,5,168,18,Medium,Sunday,Clear
2025-08-17 22:00:00,5,100,31,Low,Sunday,Clear
2025-08-17 23:00:00,6,177,134,Low,Sunday,Clear
2025-08-18 00:00:00,9,164,79,Low,Monday,Clear
2025-08-18 01:00:00,5,168,99,Low,Monday,Rainy
2025-08-18 02:00:00,8,182,127,Low,Monday,Rainy
2025-08-18 03:00:00,9,87,54,Medium,Monday,Rainy
2025-08-18 04:00:00,3,156,16,Medium,Monday,Rainy
2025-08-18 05:00:00,5,90,61,Medium,Monday,Cloudy
2025-08-18 06:00:00,2,152,121,Low,Monday,Cloudy
2025-08-18 07:00:00,6,195,67,Medium,Monday,Rainy
2025-08-18 08:00:00,6,81,69,High,Monday,Clear
2025-08-18 09:00:00,2,172,64,High,Monday,Clear
2025-08-18 10:00:00,9,194,70,High,Monday,Cloudy
2025-08-18 11:00:00,9,172,66,Low,Monday,Clear
2025-08-18 12:00:00,9,118,71,Low,Monday,Cloudy
2025-08-18 13:00:00,1,160,119,Medium,Monday,Clear
2025-08-18 14:00:00,1,108,23,Medium,Monday,Clear
2025-08-18 15:00:00,6,190,96,Medium,Monday,Rainy
2025-08-18 16:00:00,4,149,100,Medium,Monday,Cloudy
2025-08-18 17:00:00,10,113,63,High,Monday,Rainy
2025-08-18 18:00:00,6,148,122,High,Monday,Clear
2025-08-18 19:00:00,5,118,39,High,Monday,Clear
2025-08-18 20:00:00,2,187,70,Medium,Monday,Clear
2025-08-18 21:00:00,2,126,8,Medium,Monday,Clear
2025-08-18 22:00:00,3,90,82,Medium,Monday,Clear
2025-08-18 23:00:00,10,111,6,Low,Monday,Clear
2025-08-19 00:00:00,4,100,32,Low,Tuesday,Cloudy
2025-08-19 01:00:00,6,187,51,Medium,Tuesday,Clear
2025-08-19 02:00:00,3,172,127,Low,Tuesday,Clear
2025-08-19 03:00:00,4,87,14,Low,Tuesday,Clear
2025-08-19 04:00:00,2,108,106,Medium,Tuesday,Clear
2025-08-19 05:00:00,10,102,31,Low,Tuesday,Cloudy
2025-08-19 06:00:00,8,90,89,Medium,Tuesday,Clear
2025-08-19 07:00:00,10,85,12,High,Tuesday,Clear
2025-08-19 08:00:00,4,196,152,High,Tuesday,Clear
2025-08-19 09:00:00,5,142,52,Medium,Tuesday,Clear
2025-08-19 10:00:00,1,158,50,High,Tuesday,Rainy
2025-08-19 11:00:00,2,146,78,Medium,Tuesday,Cloudy
2025-08-19 12:00:00,9,175,137,Low,Tuesday,Clear
2025-08-19 13:00:00,2,164,150,Medium,Tuesday,Clear
2025-08-19 14:00:00,8,86,76,Medium,Tuesday,Clear
2025-08-19 15:00:00,6,154,37,Low,Tuesday,Rainy
2025-08-19 16:00:00,3,124,97,Low,Tuesday,Cloudy
2025-08-19 17:00:00,5,194,126,Medium,Tuesday,Clear
2025-08-19 18:00:00,10,200,173,High,Tuesday,Clear
2025-08-19 19:00:00,2,84,46,High,Tuesday,Clear
2025-08-19 20:00:00,9,147,19,High,Tuesday,Clear
2025-08-19 21:00:00,4,188,40,Medium,Tuesday,Clear
2025-08-19 22:00:00,2,191,68,Low,Tuesday,Clear
2025-08-19 23:00:00,2,147,138,Low,Tuesday,Cloudy
2025-08-20 00:00:00,1,172,11,Low,Wednesday,Rainy
2025-08-20 01:00:00,3,160,116,Low,Wednesday,Clear
2025-08-20 02:00:00,2,159,139,Low,Wednesday,Clear
2025-08-20 03:00:00,1,99,1,Low,Wednesday,Clear
2025-08-20 04:00:00,10,151,68,Low,Wednesday,Clear
2025-08-20 05:00:00,7,154,73,Low,Wednesday,Clear
2025-08-20 06:00:00,6,138,110,Medium,Wednesday,Cloudy
2025-08-20 07:00:00,7,147,114,High,Wednesday,Clear
2025-08-20 08:00:00,10,116,91,High,Wednesday,Clear
2025-08-20 09:00:00,7,96,95,High,Wednesday,Clear
2025-08-20 10:00:00,6,193,52,Medium,Wednesday,Clear
2025-08-20 11:00:00,9,156,46,Low,Wednesday,Clear
2025-08-20 12:00:00,2,109,84,Medium,Wednesday,Rainy
2025-08-20 13:00:00,8,188,19,Medium,Wednesday,Rainy
2025-08-20 14:00:00,7,117,37,Low,Wednesday,Clear
2025-08-20 15:00:00,4,128,54,Medium,Wednesday,Cloudy
2025-08-20 16:00:00,7,174,22,Low,Wednesday,Cloudy
2025-08-20 17:00:00,5,174,31,High,Wednesday,Rainy
2025-08-20 18:00:00,7,186,27,High,Wednesday,Clear
2025-08-20 19:00:00,7,153,130,High,Wednesday,Clear
2025-08-20 20:00:00,8,158,53,High,Wednesday,Clear
2025-08-20 21:00:00,1,95,34,Low,Wednesday,Clear
2025-08-20 22:00:00,4,151,80,Medium,Wednesday,Clear
2025-08-20 23:00:00,3,182,146,Medium,Wednesday,Clear
2025-08-21 00:00:00,4,166,166,Medium,Thursday,Clear
2025-08-21 01:00:00,8,122,67,Medium,Thursday,Rainy
2025-08-21 02:00:00,4,98,33,Medium,Thursday,Cloudy
2025-08-21 03:00:00,4,103,71,Low,Thursday,Clear
2025-08-21 04:00:00,4,160,146,Medium,Thursday,Cloudy
2025-08-21 05:00:00,8,132,70,Medium,Thursday,Clear
2025-08-21 06:00:00,4,142,6,Low,Thursday,Clear
2025-08-21 07:00:00,9,136,46,Medium,Thursday,Cloudy
2025-08-21 08:00:00,7,86,64,High,Thursday,Clear
2025-08-21 09:00:00,7,122,100,Medium,Thursday,Cloudy
2025-08-21 10:00:00,3,129,124,High,Thursday,Rainy
2025-08-21 11:00:00,4,188,60,Medium,Thursday,Cloudy
2025-08-21 12:00:00,5,136,62,Medium,Thursday,Cloudy
2025-08-21 13:00:00,7,141,73,Medium,Thursday,Clear
2025-08-21 14:00:00,6,139,64,Low,Thursday,Rainy
2025-08-21 15:00:00,6,166,59,Medium,Thursday,Clear
2025-08-21 16:00:00,3,110,0,Medium,Thursday,Cloudy
2025-08-21 17:00:00,2,110,41,High,Thursday,Clear
2025-08-21 18:00:00,9,123,107,High,Thursday,Clear
2025-08-21 19:00:00,6,182,62,High,Thursday,Rainy
2025-08-21 20:00:00,3,90,35,High,Thursday,Clear
2025-08-21 21:00:00,5,193,117,Low,Thursday,Clear
2025-08-21 22:00:00,5,133,72,Low,Thursday,Clear
2025-08-21 23:00:00,10,145,116,Medium,Thursday,Cloudy
2025-08-22 00:00:00,2,183,150,Medium,Friday,Rainy
2025-08-22 01:00:00,10,165,85,Medium,Friday,Clear
2025-08-22 02:00:00,5,134,56,Medium,Friday,Clear
2025-08-22 03:00:00,7,125,22,Low,Friday,Cloudy
2025-08-22 04:00:00,3,172,71,Medium,Friday,Cloudy
2025-08-22 05:00:00,4,151,15,Low,Friday,Cloudy
2025-08-22 06:00:00,4,186,174,Low,Friday,Cloudy
2025-08-22 07:00:00,10,165,49,Medium,Friday,Clear
2025-08-22 08:00:00,5,112,9,High,Friday,Cloudy
2025-08-22 09:00:00,10,158,35,Medium,Friday,Cloudy
2025-08-22 10:00:00,8,185,177,High,Friday,Clear
2025-08-22 11:00:00,6,168,162,Low,Friday,Clear
2025-08-22 12:00:00,3,130,4,Low,Friday,Clear
2025-08-22 13:00:00,1,90,74,Medium,Friday,Clear
2025-08-22 14:00:00,1,123,48,Medium,Friday,Clear
2025-08-22 15:00:00,4,88,50,Medium,Friday,Cloudy
2025-08-22 16:00:00,8,136,53,Low,Friday,Clear
2025-08-22 17:00:00,10,92,19,Medium,Friday,Clear
2025-08-22 18:00:00,4,194,38,Medium,Friday,Rainy
2025-08-22 19:00:00,2,138,88,Medium,Friday,Rainy
2025-08-22 20:00:00,4,106,93,Medium,Friday,Clear
2025-08-22 21:00:00,7,85,9,Medium,Friday,Clear
2025-08-22 22:00:00,8,194,113,Low,Friday,Cloudy
2025-08-22 23:00:00,5,131,62,Medium,Friday,Clear
2025-08-23 00:00:00,3,146,8,Medium,Saturday,Cloudy
2025-08-23 01:00:00,1,105,55,Low,Saturday,Clear
2025-08-23 02:00:00,3,171,117,Medium,Saturday,Cloudy
2025-08-23 03:00:00,2,116,10,Medium,Saturday,Cloudy
2025-08-23 04:00:00,1,187,41,Low,Saturday,Cloudy
2025-08-23 05:00:00,10,195,110,Low,Saturday,Clear
2025-08-23 06:00:00,7,135,69,Medium,Saturday,Cloudy
2025-08-23 07:00:00,4,196,78,High,Saturday,Clear
2025-08-23 08:00:00,4,137,89,Medium,Saturday,Clear
2025-08-23 09:00:00,7,197,38,Medium,Saturday,Clear
2025-08-23 10:00:00,7,133,117,High,Saturday,Clear
2025-08-23 11:00:00,6,114,46,Low,Saturday,Clear
2025-08-23 12:00:00,4,189,4,Low,Saturday,Cloudy
2025-08-23 13:00:00,10,191,82,Medium,Saturday,Cloudy
2025-08-23 14:00:00,5,110,74,Medium,Saturday,Rainy
2025-08-23 15:00:00,1,186,119,Low,Saturday,Clear
2025-08-23 16:00:00,10,156,102,Low,Saturday,Clear
2025-08-23 17:00:00,9,144,94,High,Saturday,Rainy
2025-08-23 18:00:00,1,196,5,High,Saturday,Clear
2025-08-23 19:00:00,2,99,5,Medium,Saturday,Clear
2025-08-23 20:00:00,5,146,51,High,Saturday,Rainy
2025-08-23 21:00:00,10,156,110,Medium,Saturday,Clear
2025-08-23 22:00:00,1,110,72,Low,Saturday,Cloudy
2025-08-23 23:00:00,10,103,39,Medium,Saturday,Rainy
2025-08-24 00:00:00,5,145,143,Low,Sunday,Cloudy
2025-08-24 01:00:00,5,150,36,Medium,Sunday,Clear
2025-08-24 02:00:00,3,93,71,Low,Sunday,Rainy
2025-08-24 03:00:00,9,104,80,Medium,Sunday,Clear
2025-08-24 04:00:00,3,97,66,Medium,Sunday,Clear
2025-08-24 05:00:00,2,133,50,Low,Sunday,Rainy
2025-08-24 06:00:00,6,129,68,Medium,Sunday,Clear
2025-08-24 07:00:00,8,119,114,High,Sunday,Cloudy
2025-08-24 08:00:00,6,131,11,Medium,Sunday,Clear
2025-08-24 09:00:00,5,98,57,High,Sunday,Clear
2025-08-24 10:00:00,7,194,7,Medium,Sunday,Clear
2025-08-24 11:00:00,6,108,29,Medium,Sunday,Clear
2025-08-24 12:00:00,4,157,53,Low,Sunday,Rainy
2025-08-24 13:00:00,9,171,160,Low,Sunday,Cloudy
2025-08-24 14:00:00,10,198,145,Low,Sunday,Clear
2025-08-24 15:00:00,8,124,13,Low,Sunday,Clear
2025-08-24 16:00:00,1,90,4,Low,Sunday,Clear
2025-08-24 17:00:00,6,179,168,High,Sunday,Clear
2025-08-24 18:00:00,9,146,96,Medium,Sunday,Clear
2025-08-24 19:00:00,7,143,70,High,Sunday,Clear
2025-08-24 20:00:00,7,155,63,High,Sunday,Cloudy
2025-08-24 21:00:00,10,168,63,Low,Sunday,Clear
2025-08-24 22:00:00,6,120,52,Low,Sunday,Clear
2025-08-24 23:00:00,8,194,83,Low,Sunday,Clear
2025-08-25 00:00:00,10,99,22,Low,Monday,Cloudy
2025-08-25 01:00:00,2,199,70,Medium,Monday,Clear
2025-08-25 02:00:00,1,100,16,Low,Monday,Rainy
2025-08-25 03:00:00,1,176,107,Low,Monday,Cloudy
2025-08-25 04:00:00,3,127,13,Medium,Monday,Clear
2025-08-25 05:00:00,6,175,111,Low,Monday,Cloudy
2025-08-25 06:00:00,9,80,16,Medium,Monday,Cloudy
2025-08-25 07:00:00,1,126,67,High,Monday,Clear
2025-08-25 08:00:00,7,182,80,High,Monday,Clear
2025-08-25 09:00:00,4,154,66,High,Monday,Cloudy
2025-08-25 10:00:00,8,92,54,High,Monday,Clear
2025-08-25 11:00:00,6,159,49,Medium,Monday,Clear
2025-08-25 12:00:00,1,143,11,Low,Monday,Clear
2025-08-25 13:00:00,4,190,112,Low,Monday,Clear
2025-08-25 14:00:00,8,189,141,Low,Monday,Rainy
2025-08-25 15:00:00,5,189,145,Low,Monday,Cloudy
2025-08-25 16:00:00,7,158,135,Medium,Monday,Cloudy
2025-08-25 17:00:00,9,150,127,High,Monday,Clear
2025-08-25 18:00:00,3,99,55,Medium,Monday,Clear
2025-08-25 19:00:00,2,190,177,High,Monday,Cloudy
2025-08-25 20:00:00,3,144,65,Medium,Monday,Cloudy
2025-08-25 21:00:00,9,155,57,Low,Monday,Cloudy
2025-08-25 22:00:00,4,105,75,Low,Monday,Rainy
2025-08-25 23:00:00,7,95,31,Medium,Monday,Clear
2025-08-26 00:00:00,2,116,34,Medium,Tuesday,Cloudy
2025-08-26 01:00:00,8,160,129,Medium,Tuesday,Clear
2025-08-26 02:00:00,10,189,104,Medium,Tuesday,Cloudy
2025-08-26 03:00:00,4,187,84,Low,Tuesday,Clear
2025-08-26 04:00:00,1,170,149,Medium,Tuesday,Clear
2025-08-26 05:00:00,6,121,113,Low,Tuesday,Clear
2025-08-26 06:00:00,10,113,4,Low,Tuesday,Cloudy
2025-08-26 07:00:00,9,158,151,High,Tuesday,Cloudy
2025-08-26 08:00:00,8,86,86,High,Tuesday,Clear
2025-08-26 09:00:00,6,179,0,High,Tuesday,Cloudy
2025-08-26 10:00:00,7,116,3,Medium,Tuesday,Cloudy
2025-08-26 11:00:00,9,166,61,Low,Tuesday,Clear
2025-08-26 12:00:00,4,106,63,Medium,Tuesday,Cloudy
2025-08-26 13:00:00,10,107,83,Medium,Tuesday,Cloudy
2025-08-26 14:00:00,7,139,59,Low,Tuesday,Clear
2025-08-26 15:00:00,1,155,35,Medium,Tuesday,Clear
2025-08-26 16:00:00,10,111,75,Low,Tuesday,Clear
2025-08-26 17:00:00,6,83,38,Medium,Tuesday,Clear
2025-08-26 18:00:00,2,179,126,Medium,Tuesday,Cloudy
2025-08-26 19:00:00,10,93,51,High,Tuesday,Clear
2025-08-26 20:00:00,4,175,82,Medium,Tuesday,Clear
2025-08-26 21:00:00,1,94,88,Low,Tuesday,Clear
2025-08-26 22:00:00,4,143,74,Medium,Tuesday,Cloudy
2025-08-26 23:00:00,3,198,33,Low,Tuesday,Clear
2025-08-27 00:00:00,2,123,17,Medium,Wednesday,Clear
2025-08-27 01:00:00,2,98,83,Medium,Wednesday,Clear
2025-08-27 02:00:00,2,90,47,Medium,Wednesday,Clear
2025-08-27 03:00:00,8,138,99,Low,Wednesday,Clear
2025-08-27 04:00:00,9,118,50,Medium,Wednesday,Clear
2025-08-27 05:00:00,5,143,103,Low,Wednesday,Clear
2025-08-27 06:00:00,3,144,75,Low,Wednesday,Rainy
2025-08-27 07:00:00,4,112,102,High,Wednesday,Rainy
2025-08-27 08:00:00,9,177,58,High,Wednesday,Cloudy
2025-08-27 09:00:00,8,184,17,Medium,Wednesday,Clear
2025-08-27 10:00:00,2,133,46,High,Wednesday,Clear
2025-08-27 11:00:00,10,145,33,Low,Wednesday,Clear
2025-08-27 12:00:00,9,191,65,Low,Wednesday,Clear
2025-08-27 13:00:00,7,158,118,Medium,Wednesday,Rainy
2025-08-27 14:00:00,10,141,43,Medium,Wednesday,Clear
2025-08-27 15:00:00,9,175,37,Low,Wednesday,Cloudy
2025-08-27 16:00:00,1,194,2,Medium,Wednesday,Clear
2025-08-27 17:00:00,4,147,40,High,Wednesday,Cloudy
2025-08-27 18:00:00,2,101,28,High,Wednesday,Clear
2025-08-27 19:00:00,2,83,24,Medium,Wednesday,Rainy
2025-08-27 20:00:00,2,168,19,High,Wednesday,Cloudy
2025-08-27 21:00:00,3,90,40,Medium,Wednesday,Clear
2025-08-27 22:00:00,3,148,143,Low,Wednesday,Clear
2025-08-27 23:00:00,5,151,27,Medium,Wednesday,Clear
2025-08-28 00:00:00,3,94,60,Medium,Thursday,Cloudy
2025-08-28 01:00:00,10,139,113,Low,Thursday,Rainy
2025-08-28 02:00:00,10,114,64,Medium,Thursday,Cloudy
2025-08-28 03:00:00,10,187,106,Medium,Thursday,Cloudy
2025-08-28 04:00:00,8,151,32,Medium,Thursday,Clear
2025-08-28 05:00:00,5,126,122,Medium,Thursday,Cloudy
2025-08-28 06:00:00,1,184,105,Low,Thursday,Clear
2025-08-28 07:00:00,8,180,139,Medium,Thursday,Cloudy
2025-08-28 08:00:00,8,99,51,High,Thursday,Clear
2025-08-28 09:00:00,5,90,71,Medium,Thursday,Cloudy
2025-08-28 10:00:00,2,169,48,High,Thursday,Clear
2025-08-28 11:00:00,7,181,17,Low,Thursday,Rainy
2025-08-28 12:00:00,9,147,98,Medium,Thursday,Clear
2025-08-28 13:00:00,1,103,71,Low,Thursday,Clear
2025-08-28 14:00:00,5,161,140,Low,Thursday,Clear
2025-08-28 15:00:00,6,174,151,Medium,Thursday,Rainy
2025-08-28 16:00:00,9,102,21,Low,Thursday,Clear
2025-08-28 17:00:00,7,190,106,Medium,Thursday,Clear
2025-08-28 18:00:00,1,83,77,High,Thursday,Clear
2025-08-28 19:00:00,1,120,27,High,Thursday,Cloudy
2025-08-28 20:00:00,8,88,36,High,Thursday,Clear
2025-08-28 21:00:00,2,186,181,Low,Thursday,Clear
2025-08-28 22:00:00,10,101,78,Medium,Thursday,Clear
2025-08-28 23:00:00,1,140,66,Low,Thursday,Cloudy
2025-08-29 00:00:00,6,126,10,Low,Friday,Clear
2025-08-29 01:00:00,9,150,86,Low,Friday,Cloudy
2025-08-29 02:00:00,2,158,92,Low,Friday,Clear
2025-08-29 03:00:00,5,100,19,Low,Friday,Clear
2025-08-29 04:00:00,2,182,20,Low,Friday,Rainy
2025-08-29 05:00:00,9,128,89,Low,Friday,Rainy
2025-08-29 06:00:00,1,193,49,Medium,Friday,Clear
2025-08-29 07:00:00,3,162,76,High,Friday,Clear
2025-08-29 08:00:00,9,156,105,High,Friday,Cloudy
2025-08-29 09:00:00,5,141,125,High,Friday,Cloudy
2025-08-29 10:00:00,1,99,51,High,Friday,Clear
2025-08-29 11:00:00,10,178,131,Medium,Friday,Clear
2025-08-29 12:00:00,10,167,50,Low,Friday,Clear
2025-08-29 13:00:00,8,136,91,Medium,Friday,Clear
2025-08-29 14:00:00,8,182,93,Low,Friday,Clear
2025-08-29 15:00:00,4,91,9,Medium,Friday,Rainy
2025-08-29 16:00:00,7,130,71,Medium,Friday,Rainy
2025-08-29 17:00:00,2,194,48,High,Friday,Clear
2025-08-29 18:00:00,9,185,131,High,Friday,Clear
2025-08-29 19:00:00,5,127,27,Medium,Friday,Clear
2025-08-29 20:00:00,6,91,1,Medium,Friday,Clear
2025-08-29 21:00:00,4,190,86,Low,Friday,Clear
2025-08-29 22:00:00,2,181,158,Low,Friday,Clear
2025-08-29 23:00:00,9,128,26,Medium,Friday,Clear
2025-08-30 00:00:00,10,130,1,Low,Saturday,Clear
2025-08-30 01:00:00,6,161,27,Low,Saturday,Clear
2025-08-30 02:00:00,8,184,55,Low,Saturday,Clear
2025-08-30 03:00:00,5,123,100,Low,Saturday,Cloudy
2025-08-30 04:00:00,4,104,63,Low,Saturday,Clear
2025-08-30 05:00:00,8,93,73,Low,Saturday,Clear
2025-08-30 06:00:00,5,195,119,Low,Saturday,Cloudy
2025-08-30 07:00:00,5,136,53,Medium,Saturday,Rainy
2025-08-30 08:00:00,1,95,31,High,Saturday,Rainy
2025-08-30 09:00:00,8,127,29,Medium,Saturday,Rainy
2025-08-30 10:00:00,6,99,23,Medium,Saturday,Rainy
2025-08-30 11:00:00,4,194,74,Low,Saturday,Cloudy
2025-08-30 12:00:00,2,118,21,Low,Saturday,Clear
2025-08-30 13:00:00,3,143,66,Low,Saturday,Rainy
2025-08-30 14:00:00,8,128,116,Low,Saturday,Clear
2025-08-30 15:00:00,1,164,12,Low,Saturday,Clear
2025-08-30 16:00:00,5,102,60,Low,Saturday,Clear
2025-08-30 17:00:00,6,120,57,High,Saturday,Clear
2025-08-30 18:00:00,5,117,113,High,Saturday,Clear
2025-08-30 19:00:00,3,120,114,Medium,Saturday,Clear
2025-08-30 20:00:00,3,160,158,High,Saturday,Rainy
2025-08-30 21:00:00,3,124,43,Low,Saturday,Rainy
2025-08-30 22:00:00,2,134,5,Low,Saturday,Cloudy
2025-08-30 23:00:00,8,174,14,Medium,Saturday,Clear
2025-08-31 00:00:00,2,88,21,Low,Sunday,Clear
2025-08-31 01:00:00,10,199,29,Low,Sunday,Rainy
2025-08-31 02:00:00,8,142,141,Medium,Sunday,Cloudy
2025-08-31 03:00:00,8,160,49,Medium,Sunday,Clear
2025-08-31 04:00:00,4,186,59,Low,Sunday,Clear
2025-08-31 05:00:00,2,126,100,Low,Sunday,Clear
2025-08-31 06:00:00,8,109,23,Low,Sunday,Clear
2025-08-31 07:00:00,10,153,25,Medium,Sunday,Clear
2025-08-31 08:00:00,8,84,32,High,Sunday,Clear
2025-08-31 09:00:00,10,84,1,High,Sunday,Clear
2025-08-31 10:00:00,8,112,51,High,Sunday,Cloudy
2025-08-31 11:00:00,9,87,16,Medium,Sunday,Clear
2025-08-31 12:00:00,4,92,78,Medium,Sunday,Clear
2025-08-31 13:00:00,10,190,132,Medium,Sunday,Clear
2025-08-31 14:00:00,1,166,8,Low,Sunday,Cloudy
2025-08-31 15:00:00,10,86,86,Medium,Sunday,Clear
2025-08-31 16:00:00,8,100,5,Medium,Sunday,Clear
2025-08-31 17:00:00,6,187,64,Medium,Sunday,Rainy
2025-08-31 18:00:00,6,109,106,Medium,Sunday,Clear
2025-08-31 19:00:00,6,161,13,Medium,Sunday,Clear
2025-08-31 20:00:00,10,148,63,High,Sunday,Clear
2025-08-31 21:00:00,6,189,99,Low,Sunday,Cloudy
2025-08-31 22:00:00,3,121,62,Medium,Sunday,Rainy
2025-08-31 23:00:00,1,196,160,Low,Sunday,Rainy
2025-09-01 00:00:00,5,114,114,Medium,Monday,Clear
2025-09-01 01:00:00,9,161,86,Low,Monday,Cloudy
2025-09-01 02:00:00,7,83,28,Low,Monday,Cloudy
2025-09-01 03:00:00,2,142,127,Medium,Monday,Clear
2025-09-01 04:00:00,6,156,140,Low,Monday,Clear
2025-09-01 05:00:00,7,127,10,Low,Monday,Clear
2025-09-01 06:00:00,8,175,39,Low,Monday,Cloudy
2025-09-01 07:00:00,5,88,19,Medium,Monday,Cloudy
2025-09-01 08:00:00,8,126,75,High,Monday,Clear
2025-09-01 09:00:00,7,108,107,High,Monday,Rainy
2025-09-01 10:00:00,9,188,149,High,Monday,Clear
2025-09-01 11:00:00,1,93,28,Low,Monday,Clear
2025-09-01 12:00:00,4,196,150,Low,Monday,Rainy
2025-09-01 13:00:00,7,177,159,Medium,Monday,Clear
2025-09-01 14:00:00,9,172,6,Low,Monday,Cloudy
2025-09-01 15:00:00,6,105,5,Low,Monday,Cloudy
2025-09-01 16:00:00,5,157,26,Medium,Monday,Cloudy
2025-09-01 17:00:00,9,171,19,High,Monday,Cloudy
2025-09-01 18:00:00,10,109,85,High,Monday,Rainy
2025-09-01 19:00:00,10,87,43,High,Monday,Clear
2025-09-01 20:00:00,10,170,13,High,Monday,Rainy
2025-09-01 21:00:00,6,82,14,Medium,Monday,Cloudy
2025-09-01 22:00:00,1,154,11,Low,Monday,Clear
2025-09-01 23:00:00,2,84,72,Low,Monday,Rainy
2025-09-02 00:00:00,3,141,105,Low,Tuesday,Rainy
2025-09-02 01:00:00,10,170,17,Low,Tuesday,Rainy
2025-09-02 02:00:00,8,131,97,Low,Tuesday,Rainy
2025-09-02 03:00:00,8,146,144,Medium,Tuesday,Clear
2025-09-02 04:00:00,5,108,47,Medium,Tuesday,Rainy
2025-09-02 05:00:00,6,136,92,Medium,Tuesday,Clear
2025-09-02 06:00:00,3,154,119,Low,Tuesday,Clear
2025-09-02 07:00:00,3,164,158,High,Tuesday,Cloudy
2025-09-02 08:00:00,5,148,18,High,Tuesday,Cloudy
2025-09-02 09:00:00,1,136,48,High,Tuesday,Clear
2025-09-02 10:00:00,6,94,55,High,Tuesday,Clear
2025-09-02 11:00:00,9,150,35,Low,Tuesday,Cloudy
2025-09-02 12:00:00,6,173,24,Low,Tuesday,Clear
2025-09-02 13:00:00,2,167,87,Low,Tuesday,Clear
2025-09-02 14:00:00,9,146,71,Medium,Tuesday,Cloudy
2025-09-02 15:00:00,9,134,78,Low,Tuesday,Clear
2025-09-02 16:00:00,5,110,12,Medium,Tuesday,Clear
2025-09-02 17:00:00,1,147,73,High,Tuesday,Cloudy
2025-09-02 18:00:00,6,173,20,High,Tuesday,Clear
2025-09-02 19:00:00,8,100,48,High,Tuesday,Clear
2025-09-02 20:00:00,2,134,134,High,Tuesday,Cloudy
2025-09-02 21:00:00,7,159,116,Medium,Tuesday,Cloudy
2025-09-02 22:00:00,9,106,19,Medium,Tuesday,Rainy
2025-09-02 23:00:00,9,142,15,Low,Tuesday,Cloudy
2025-09-03 00:00:00,8,137,17,Medium,Wednesday,Clear
2025-09-03 01:00:00,6,200,115,Low,Wednesday,Clear
2025-09-03 02:00:00,9,171,113,Medium,Wednesday,Clear
2025-09-03 03:00:00,2,168,104,Low,Wednesday,Clear
2025-09-03 04:00:00,7,185,98,Medium,Wednesday,Rainy
2025-09-03 05:00:00,1,149,93,Low,Wednesday,Rainy
2025-09-03 06:00:00,6,157,120,Low,Wednesday,Cloudy
2025-09-03 07:00:00,6,93,87,High,Wednesday,Cloudy
2025-09-03 08:00:00,4,145,99,Medium,Wednesday,Rainy
2025-09-03 09:00:00,5,182,12,High,Wednesday,Clear
2025-09-03 10:00:00,7,93,50,Medium,Wednesday,Clear
2025-09-03 11:00:00,6,138,7,Medium,Wednesday,Rainy
2025-09-03 12:00:00,4,120,23,Medium,Wednesday,Rainy
2025-09-03 13:00:00,9,152,148,Medium,Wednesday,Clear
2025-09-03 14:00:00,8,180,56,Low,Wednesday,Rainy
2025-09-03 15:00:00,8,87,38,Low,Wednesday,Clear
2025-09-03 16:00:00,9,103,5,Medium,Wednesday,Cloudy
2025-09-03 17:00:00,9,155,127,High,Wednesday,Rainy
2025-09-03 18:00:00,7,148,45,Medium,Wednesday,Clear
2025-09-03 19:00:00,8,129,40,Medium,Wednesday,Clear
2025-09-03 20:00:00,9,146,0,High,Wednesday,Clear
2025-09-03 21:00:00,3,168,153,Low,Wednesday,Clear
2025-09-03 22:00:00,4,140,139,Low,Wednesday,Clear
2025-09-03 23:00:00,5,141,14,Low,Wednesday,Clear
2025-09-04 00:00:00,5,175,163,Medium,Thursday,Clear
2025-09-04 01:00:00,5,128,119,Low,Thursday,Clear
2025-09-04 02:00:00,5,126,24,Low,Thursday,Clear
2025-09-04 03:00:00,2,189,36,Low,Thursday,Rainy
2025-09-04 04:00:00,3,200,151,Low,Thursday,Cloudy
2025-09-04 05:00:00,6,144,18,Low,Thursday,Clear
2025-09-04 06:00:00,7,173,149,Low,Thursday,Clear
2025-09-04 07:00:00,7,185,13,High,Thursday,Clear
2025-09-04 08:00:00,10,173,65,High,Thursday,Clear
2025-09-04 09:00:00,3,155,87,Medium,Thursday,Clear
2025-09-04 10:00:00,6,105,44,Medium,Thursday,Cloudy
2025-09-04 11:00:00,1,159,86,Low,Thursday,Clear
2025-09-04 12:00:00,10,167,13,Medium,Thursday,Rainy
2025-09-04 13:00:00,2,89,46,Low,Thursday,Cloudy
2025-09-04 14:00:00,2,147,94,Medium,Thursday,Cloudy
2025-09-04 15:00:00,2,123,18,Low,Thursday,Cloudy
2025-09-04 16:00:00,9,151,40,Low,Thursday,Clear
2025-09-04 17:00:00,4,174,7,High,Thursday,Clear
2025-09-04 18:00:00,4,193,38,High,Thursday,Cloudy
2025-09-04 19:00:00,3,90,89,Medium,Thursday,Rainy
2025-09-04 20:00:00,4,96,10,Medium,Thursday,Clear
2025-09-04 21:00:00,4,146,98,Low,Thursday,Cloudy
2025-09-04 22:00:00,1,170,105,Low,Thursday,Clear
2025-09-04 23:00:00,9,114,90,Medium,Thursday,Rainy
2025-09-05 00:00:00,10,131,105,Low,Friday,Clear
2025-09-05 01:00:00,5,132,55,Low,Friday,Clear
2025-09-05 02:00:00,9,173,79,Low,Friday,Clear
2025-09-05 03:00:00,1,141,41,Low,Friday,Clear
2025-09-05 04:00:00,4,121,99,Low,Friday,Cloudy
2025-09-05 05:00:00,1,91,84,Low,Friday,Rainy
2025-09-05 06:00:00,9,110,96,Medium,Friday,Clear
2025-09-05 07:00:00,4,132,24,High,Friday,Clear
2025-09-05 08:00:00,1,132,111,Medium,Friday,Cloudy
2025-09-05 09:00:00,9,148,59,High,Friday,Clear
2025-09-05 10:00:00,2,111,42,High,Friday,Rainy
2025-09-05 11:00:00,7,116,7,Low,Friday,Clear
2025-09-05 12:00:00,1,102,96,Low,Friday,Clear
2025-09-05 13:00:00,7,182,122,Medium,Friday,Clear
2025-09-05 14:00:00,6,133,24,Medium,Friday,Rainy
2025-09-05 15:00:00,3,111,15,Medium,Friday,Clear
2025-09-05 16:00:00,4,104,61,Medium,Friday,Clear
2025-09-05 17:00:00,6,175,171,High,Friday,Clear
2025-09-05 18:00:00,4,120,39,Medium,Friday,Rainy
2025-09-05 19:00:00,8,86,18,High,Friday,Clear
2025-09-05 20:00:00,7,145,36,Medium,Friday,Clear
2025-09-05 21:00:00,1,193,113,Low,Friday,Cloudy
2025-09-05 22:00:00,5,85,74,Low,Friday,Rainy
2025-09-05 23:00:00,9,131,60,Low,Friday,Cloudy
2025-09-06 00:00:00,5,129,125,Medium,Saturday,Rainy
2025-09-06 01:00:00,10,83,38,Low,Saturday,Rainy
2025-09-06 02:00:00,3,199,82,Low,Saturday,Clear
2025-09-06 03:00:00,3,105,75,Low,Saturday,Clear
2025-09-06 04:00:00,9,85,31,Low,Saturday,Clear
2025-09-06 05:00:00,4,178,148,Medium,Saturday,Rainy
2025-09-06 06:00:00,5,112,14,Medium,Saturday,Cloudy
2025-09-06 07:00:00,4,190,167,High,Saturday,Rainy
2025-09-06 08:00:00,5,91,69,Medium,Saturday,Clear
2025-09-06 09:00:00,3,156,22,Medium,Saturday,Rainy
2025-09-06 10:00:00,10,167,12,High,Saturday,Clear
2025-09-06 11:00:00,9,149,82,Medium,Saturday,Cloudy
2025-09-06 12:00:00,2,86,65,Low,Saturday,Cloudy
2025-09-06 13:00:00,1,159,116,Low,Saturday,Clear
2025-09-06 14:00:00,4,137,18,Low,Saturday,Clear
2025-09-06 15:00:00,9,139,48,Low,Saturday,Rainy
2025-09-06 16:00:00,4,194,52,Medium,Saturday,Clear
2025-09-06 17:00:00,10,151,52,High,Saturday,Clear
2025-09-06 18:00:00,5,122,113,High,Saturday,Cloudy
2025-09-06 19:00:00,9,87,29,Medium,Saturday,Clear
2025-09-06 20:00:00,10,136,133,Medium,Saturday,Cloudy
2025-09-06 21:00:00,10,86,47,Low,Saturday,Clear
2025-09-06 22:00:00,10,109,2,Low,Saturday,Rainy
2025-09-06 23:00:00,10,126,85,Medium,Saturday,Cloudy
2025-09-07 00:00:00,5,91,19,Low,Sunday,Clear
2025-09-07 01:00:00,2,179,122,Medium,Sunday,Clear
2025-09-07 02:00:00,6,81,29,Low,Sunday,Rainy
2025-09-07 03:00:00,5,124,96,Medium,Sunday,Clear
2025-09-07 04:00:00,6,142,17,Low,Sunday,Rainy
2025-09-07 05:00:00,9,98,49,Low,Sunday,Clear
2025-09-07 06:00:00,8,127,120,Low,Sunday,Clear
2025-09-07 07:00:00,1,182,78,High,Sunday,Cloudy
2025-09-07 08:00:00,7,92,62,High,Sunday,Clear
2025-09-07 09:00:00,2,178,138,High,Sunday,Clear
2025-09-07 10:00:00,2,134,130,Medium,Sunday,Clear
2025-09-07 11:00:00,10,137,66,Low,Sunday,Clear
2025-09-07 12:00:00,5,144,144,Medium,Sunday,Cloudy
2025-09-07 13:00:00,6,107,101,Low,Sunday,Cloudy
2025-09-07 14:00:00,2,138,102,Low,Sunday,Rainy
2025-09-07 15:00:00,6,87,39,Medium,Sunday,Clear
2025-09-07 16:00:00,10,122,9,Medium,Sunday,Clear
2025-09-07 17:00:00,6,179,25,High,Sunday,Cloudy
2025-09-07 18:00:00,4,160,77,High,Sunday,Clear
2025-09-07 19:00:00,8,194,115,High,Sunday,Clear
2025-09-07 20:00:00,2,151,46,High,Sunday,Cloudy
2025-09-07 21:00:00,8,127,111,Medium,Sunday,Clear
2025-09-07 22:00:00,1,111,9,Low,Sunday,Cloudy
2025-09-07 23:00:00,7,100,62,Low,Sunday,Rainy
2025-09-08 00:00:00,7,185,112,Low,Monday,Clear
2025-09-08 01:00:00,6,128,116,Low,Monday,Clear
2025-09-08 02:00:00,4,84,83,Medium,Monday,Clear
2025-09-08 03:00:00,1,82,7,Low,Monday,Clear
2025-09-08 04:00:00,7,176,141,Medium,Monday,Clear
2025-09-08 05:00:00,5,187,154,Low,Monday,Clear
2025-09-08 06:00:00,8,109,66,Medium,Monday,Cloudy
2025-09-08 07:00:00,6,168,76,Medium,Monday,Cloudy
2025-09-08 08:00:00,5,181,138,High,Monday,Clear
2025-09-08 09:00:00,9,90,55,High,Monday,Clear
2025-09-08 10:00:00,4,105,1,Medium,Monday,Clear
2025-09-08 11:00:00,8,83,71,Low,Monday,Rainy
2025-09-08 12:00:00,8,144,127,Low,Monday,Cloudy
2025-09-08 13:00:00,9,153,49,Low,Monday,Clear
2025-09-08 14:00:00,4,137,13,Medium,Monday,Clear
2025-09-08 15:00:00,2,148,97,Medium,Monday,Clear
2025-09-08 16:00:00,9,200,87,Medium,Monday,Rainy
2025-09-08 17:00:00,6,168,110,High,Monday,Clear
2025-09-08 18:00:00,5,84,50,Medium,Monday,Rainy
2025-09-08 19:00:00,5,177,92,High,Monday,Clear
2025-09-08 20:00:00,2,176,35,High,Monday,Rainy
2025-09-08 21:00:00,2,91,55,Medium,Monday,Cloudy
2025-09-08 22:00:00,9,109,52,Medium,Monday,Clear
2025-09-08 23:00:00,9,178,99,Low,Monday,Cloudy
2025-09-09 00:00:00,4,143,143,Low,Tuesday,Cloudy
2025-09-09 01:00:00,3,128,49,Low,Tuesday,Clear
2025-09-09 02:00:00,7,179,125,Low,Tuesday,Clear
2025-09-09 03:00:00,4,113,107,Low,Tuesday,Clear
2025-09-09 04:00:00,1,107,25,Medium,Tuesday,Clear
2025-09-09 05:00:00,1,112,108,Low,Tuesday,Clear
2025-09-09 06:00:00,6,92,92,Low,Tuesday,Clear
2025-09-09 07:00:00,9,92,9,High,Tuesday,Clear
2025-09-09 08:00:00,8,83,43,High,Tuesday,Clear
2025-09-09 09:00:00,6,179,65,High,Tuesday,Clear
2025-09-09 10:00:00,9,198,104,High,Tuesday,Clear
2025-09-09 11:00:00,1,133,124,Medium,Tuesday,Cloudy
2025-09-09 12:00:00,2,85,17,Medium,Tuesday,Clear
2025-09-09 13:00:00,3,87,36,Low,Tuesday,Clear
2025-09-09 14:00:00,1,176,159,Low,Tuesday,Clear
2025-09-09 15:00:00,9,180,103,Low,Tuesday,Clear
2025-09-09 16:00:00,3,166,136,Low,Tuesday,Clear
2025-09-09 17:00:00,9,162,75,High,Tuesday,Cloudy
2025-09-09 18:00:00,1,171,108,High,Tuesday,Clear
2025-09-09 19:00:00,7,111,101,High,Tuesday,Rainy
2025-09-09 20:00:00,7,157,115,High,Tuesday,Cloudy
2025-09-09 21:00:00,7,150,116,Low,Tuesday,Rainy
2025-09-09 22:00:00,4,106,61,Low,Tuesday,Clear
2025-09-09 23:00:00,5,87,51,Medium,Tuesday,Cloudy
2025-09-10 00:00:00,4,173,69,Low,Wednesday,Rainy
2025-09-10 01:00:00,1,179,65,Low,Wednesday,Clear
2025-09-10 02:00:00,4,109,78,Low,Wednesday,Clear
2025-09-10 03:00:00,7,102,8,Low,Wednesday,Cloudy
2025-09-10 04:00:00,7,124,2,Medium,Wednesday,Clear
2025-09-10 05:00:00,7,128,56,Low,Wednesday,Cloudy
2025-09-10 06:00:00,6,178,21,Low,Wednesday,Cloudy
2025-09-10 07:00:00,10,177,175,High,Wednesday,Clear
2025-09-10 08:00:00,1,180,48,Medium,Wednesday,Clear
2025-09-10 09:00:00,2,126,95,High,Wednesday,Rainy
2025-09-10 10:00:00,5,127,73,High,Wednesday,Clear
2025-09-10 11:00:00,8,170,125,Low,Wednesday,Clear
2025-09-10 12:00:00,3,199,32,Medium,Wednesday,Clear
2025-09-10 13:00:00,7,159,65,Medium,Wednesday,Cloudy
2025-09-10 14:00:00,1,131,51,Medium,Wednesday,Clear
2025-09-10 15:00:00,2,165,93,Low,Wednesday,Clear
2025-09-10 16:00:00,2,88,28,Medium,Wednesday,Cloudy
2025-09-10 17:00:00,1,195,94,High,Wednesday,Cloudy
2025-09-10 18:00:00,2,120,70,Medium,Wednesday,Clear
2025-09-10 19:00:00,6,163,57,Medium,Wednesday,Cloudy
2025-09-10 20:00:00,1,114,53,High,Wednesday,Cloudy
2025-09-10 21:00:00,7,118,20,Low,Wednesday,Rainy
2025-09-10 22:00:00,2,107,61,Medium,Wednesday,Clear
2025-09-10 23:00:00,1,194,193,Low,Wednesday,Cloudy
2025-09-11 00:00:00,6,158,102,Medium,Thursday,Clear
2025-09-11 01:00:00,7,117,82,Low,Thursday,Rainy
2025-09-11 02:00:00,9,154,146,Medium,Thursday,Clear
2025-09-11 03:00:00,7,179,161,Medium,Thursday,Rainy
2025-09-11 04:00:00,1,113,66,Medium,Thursday,Clear
2025-09-11 05:00:00,10,182,102,Low,Thursday,Cloudy
2025-09-11 06:00:00,2,165,129,Medium,Thursday,Cloudy
2025-09-11 07:00:00,8,136,106,High,Thursday,Cloudy
2025-09-11 08:00:00,6,158,91,High,Thursday,Clear
2025-09-11 09:00:00,6,186,4,High,Thursday,Clear
2025-09-11 10:00:00,1,199,35,High,Thursday,Rainy
2025-09-11 11:00:00,1,94,75,Low,Thursday,Cloudy
2025-09-11 12:00:00,2,130,11,Medium,Thursday,Clear
2025-09-11 13:00:00,6,198,108,Low,Thursday,Clear
2025-09-11 14:00:00,7,178,41,Medium,Thursday,Cloudy
2025-09-11 15:00:00,5,103,30,Low,Thursday,Clear
2025-09-11 16:00:00,9,171,142,Medium,Thursday,Clear
2025-09-11 17:00:00,10,183,142,Medium,Thursday,Rainy
2025-09-11 18:00:00,6,96,48,High,Thursday,Clear
2025-09-11 19:00:00,6,143,135,Medium,Thursday,Clear
2025-09-11 20:00:00,9,179,81,High,Thursday,Rainy
2025-09-11 21:00:00,10,161,106,Low,Thursday,Clear
2025-09-11 22:00:00,2,173,102,Medium,Thursday,Clear
2025-09-11 23:00:00,3,120,54,Medium,Thursday,Cloudy
2025-09-12 00:00:00,9,85,66,Low,Friday,Cloudy
2025-09-12 01:00:00,6,135,12,Medium,Friday,Clear
2025-09-12 02:00:00,7,109,54,Medium,Friday,Clear
2025-09-12 03:00:00,8,177,44,Medium,Friday,Cloudy
2025-09-12 04:00:00,3,125,46,Medium,Friday,Cloudy
2025-09-12 05:00:00,5,95,68,Medium,Friday,Clear
2025-09-12 06:00:00,7,181,27,Low,Friday,Clear
2025-09-12 07:00:00,1,198,126,High,Friday,Cloudy
2025-09-12 08:00:00,4,139,31,Medium,Friday,Clear
2025-09-12 09:00:00,4,101,44,Medium,Friday,Clear
2025-09-12 10:00:00,7,87,0,Medium,Friday,Cloudy
2025-09-12 11:00:00,4,186,138,Low,Friday,Rainy
2025-09-12 12:00:00,10,165,73,Low,Friday,Clear
2025-09-12 13:00:00,2,99,22,Low,Friday,Rainy
2025-09-12 14:00:00,8,163,134,Low,Friday,Cloudy
2025-09-12 15:00:00,4,147,80,Low,Friday,Clear
2025-09-12 16:00:00,4,193,180,Medium,Friday,Rainy
2025-09-12 17:00:00,4,156,122,High,Friday,Cloudy
2025-09-12 18:00:00,10,159,114,Medium,Friday,Cloudy
2025-09-12 19:00:00,2,150,71,Medium,Friday,Rainy
2025-09-12 20:00:00,2,86,76,High,Friday,Rainy
2025-09-12 21:00:00,1,158,43,Medium,Friday,Clear
2025-09-12 22:00:00,7,146,2,Low,Friday,Clear
2025-09-12 23:00:00,10,101,5,Low,Friday,Cloudy
